n,k,beta,rbar_minus_A,min_P,max_Q_hat,max_K0,max_K1
7,1,-2,-3.329537515387581,2.335849608557244,-0.011247260166774303,-1.5273011474087637,-1.367091085437485
7,2,-2.5,-0.5816347982945284,4.287548891592381,-0.033938584495901356,-0.1098805824733566,-0.08190974300428151
8,1,-4,-1.671966799744021,5.365689777584345,-0.23721799308308458,-1.6655220595037021,-1.2591089099027462
8,2,-4,-0.6562637541969005,5.655168621723196,-0.6450997197206959,-1.2540600219661566,-0.59322565395724
8,3,-3,-1.2901309116480317,5.952576973694709,-1.0237495487382022,-1.7266093192704306,-1.8640266137087211
9,1,-5,-2.664917515467679,7.216611051147951,-0.306700978669287,-1.9840626844597842,-1.6691327190928902
9,2,-5,-0.9838714095522756,7.108817709009572,-0.96736256726475,-2.591565757541733,-1.712832555458778
9,3,-5,-0.6006388579586949,8.099469179547942,-1.4781215429576489,-1.2412789791154561,-0.6571385159863958
9,4,-4,-1.2609956802407962,11.029732476022739,-1.7201870957314522,-2.059840410703655,-2.161308491779243
9,5,-3,-1.4484526997439173,13.517376789610317,-1.4522658975085456,-1.0013475918104184,-1.6537039572713115
10,1,-6,-3.619436323953041,9.270666263805639,-0.3299675574871328,-2.2855181404123073,-2.0237276621444518
10,2,-6,-1.2613432995133596,8.709770310939806,-1.1180932555522343,-3.1204416312654573,-2.5875162283530058
10,3,-6,-0.7621792705123267,9.548557490362255,-1.8175422586844394,-2.5682082840384863,-1.5675544091768066
10,4,-6,-0.5437739574161506,14.407170660048731,-2.0307736901919866,-1.0967444303231297,-0.47226603429396097
10,5,-5,-1.1496184944257082,18.198569123352172,-2.1279231147602538,-1.9622163269066641,-1.964126073968912
10,6,-4,-1.5037541183464977,18.993337479441482,-1.788873252134428,-1.7094433897567356,-2.105889261602871
11,1,-7,-4.553926004267919,11.504697838286758,-0.3400151537565898,-2.5615105834883694,-2.3348940344369016
11,2,-7,-1.507365905078171,10.442385364296909,-1.2071782758697238,-3.335924959151859,-2.789229527266932
11,3,-7,-0.9017662600508936,11.073741626939189,-2.042685002210459,-3.751530284965956,-2.4646705636611794
11,4,-7,-0.6419180556642035,15.519236700115908,-2.3662396867616877,-2.460588212398615,-1.311886081408354
11,5,-7,-0.4963897839178497,21.407414367761827,-2.5776706712723008,-0.8925688339988308,-0.11411314508460577
11,6,-6,-1.0401739760872548,23.596685022382594,-2.522768366494239,-1.692266287568858,-1.5108585062883584
11,7,-5,-1.4292427806246168,24.662918130077813,-2.0883422789314006,-1.7548463197831528,-1.951805047054373
12,1,-8,-5.472240013607403,13.902993317557996,-0.34490360405819026,-2.8145561101027745,-2.6128436231369694
12,2,-8,-1.7308998616428573,12.294369528008692,-1.2663492391170037,-3.5471852211081694,-2.986581123368137
12,3,-8,-1.0262348009325537,12.686662079546725,-2.2060398992066306,-4.730906791126846,-3.3056192843893077
12,4,-8,-0.7284203658109094,16.734853525456522,-2.6168730918676713,-3.695314591525962,-2.1516461853054083
12,5,-8,-0.5633163502058003,25.207099110004602,-2.9198979339125204,-2.306469153509557,-0.9446653822478661
12,6,-7,-1.2010869805284785,26.578170094255913,-2.902807045527783,-4.067815156427892,-3.502454128856863
12,7,-7,-0.9466723962120106,28.98862782221683,-2.9165219079602283,-1.345251415851308,-0.8842864868978525
12,8,-6,-1.326976180291699,30.371308969077408,-2.380193731992565,-1.5231977440440827,-1.479913065236131
12,9,-4,-2.0094397799214967,28.08558492489678,-1.4398203419723616,-1.6099614743135755,-2.1915425013803347
13,1,-9,-6.374901601180798,16.45378636426813,-0.3474259314221055,-3.048367715061957,-2.865091274517787
13,2,-9,-1.9371450543789268,14.256531675121941,-1.3085850733528361,-3.7512238360462518,-3.1774237850194975
13,3,-9,-1.1395206639882074,14.387077766862454,-2.331043313296483,-5.143304991593226,-3.9427695077829803
13,4,-9,-0.806506008986009,18.068401895965508,-2.81258802830255,-4.819504683662081,-2.9567618629909207
13,5,-9,-0.6232440255023094,28.8362173193157,-3.1918007009686895,-3.5985454402465535,-1.7702635572964174
13,6,-9,-0.5067726303107671,29.675732869842086,-3.4813575782137343,-2.1270872080111696,-0.4720064985297149
13,7,-8,-1.0630377056967921,32.193352548531045,-3.329511294455437,-3.68993322480248,-2.8470226177832907
13,8,-8,-0.868959481959251,34.340785398888094,-3.3139141529582905,-0.9630803663006469,-0.04177741675935439
13,9,-7,-1.2275746034364012,36.05676395385297,-2.6728884552200585,-1.1629665961611486,-0.805948276688621
13,10,-5,-1.9986497344978533,33.88779649492456,-1.6406420566506654,-2.2880254648672285,-2.603060108733808
14,1,-10,-7.261676248831471,19.14774918643514,-0.3487488713965314,-3.2661961831000275,-3.0970236779723046
14,2,-10,-2.129487034342864,16.32176236096615,-1.3402640210244336,-3.947343978094626,-3.3610520515309896
14,3,-10,-1.2441146055363002,16.171753617129255,-2.430098537070702,-5.454886528711595,-4.291298824434524
14,4,-10,-0.8781815462753546,19.51345904436393,-2.9701737103105548,-5.745384725534889,-3.7182420655328863
14,5,-10,-0.6779507158608025,32.074241472428106,-3.413324308818195,-4.787618046859716,-2.566441120713524
14,6,-10,-0.5513098249077404,33.74741251754912,-3.7722836328222717,-3.4762458206766045,-1.3110554252607873
14,7,-9,-1.1678340341543183,35.520578027155736,-3.6590159875838824,-5.727666236230549,-4.615342255815075
14,8,-9,-0.9578747235356002,37.7549959877501,-3.7598611623825176,-3.301144344468079,-2.028863997099685
14,9,-8,-1.4050641966989388,39.17627107864504,-3.242415725434503,-4.6576575195506456,-3.953062606855342
14,10,-7,-1.7662692574015564,39.85589037903354,-2.6196301710070418,-4.852704546059266,-4.483788748393863
14,11,-6,-1.9008941234269363,39.72062445928439,-1.8339628281961937,-2.355261487018004,-2.452981622188512
15,1,-11,-8.13227489470844,21.977205146954148,-0.34942177877882447,-3.470642052031565,-3.312538859209665
15,2,-11,-2.310301621541835,18.484347566239308,-1.3649069905934845,-4.1357216589915895,-3.537495798906571
15,3,-11,-1.3417056330665396,18.03692322554243,-2.5101055777793064,-5.713958359548866,-4.564039238904306
15,4,-11,-0.944779375349281,21.05997713220501,-3.1000148144837576,-6.293237418235895,-4.327427450282582
15,5,-11,-0.72858914287856,33.42424371632927,-3.597399586418443,-5.889822402290731,-3.3256163152072995
15,6,-11,-0.5923428578072752,38.00891413342521,-4.015619858187347,-4.726920940997987,-2.1175134115612635
15,7,-11,-0.49837062514277886,38.28100409834933,-4.360371161935827,-3.3384649229472148,-0.120768060292059
15,8,-10,-1.0384009166587584,41.24810659625062,-4.121189929974409,-5.357935201546311,-3.6895210674804124
15,9,-9,-1.5624230612913663,42.16787904622696,-3.688381524929402,-7.523926532880343,-6.6449801729866325
15,10,-9,-1.2775726810428987,45.14254733017282,-3.5774781740625277,-4.168277306538404,-3.0943939538955814
15,11,-8,-1.612187245151651,45.91044005547664,-2.876516356951858,-4.367822407385333,-3.7120697548342276
15,12,-7,-1.780966020435086,45.53821939187611,-2.026595372468235,-2.1349589765150863,-1.9925269949446023
16,1,-12,-8.98654048599031,24.935667152352988,-0.34972597005668704,-3.663749628096629,-3.5145141417298955
16,2,-12,-2.481344621104588,20.739546983717464,-1.3846223939992157,-4.316843470572561,-3.7071089173820897
16,3,-12,-1.4335000960743773,19.978986891223563,-2.576067383383852,-5.938480819946338,-4.793163899802469
16,4,-12,-1.007231789794532,22.69854065584874,-3.208959147445678,-6.737851134219855,-4.754581553495757
16,5,-12,-0.775948783002266,34.09068694421569,-3.7528354077096644,-6.656063045083298,-3.98983265505295
16,6,-12,-0.6305980857310932,42.17591568167834,-4.222073558477763,-5.894100110915707,-2.8385026368260298
16,7,-12,-0.5306144747966421,42.61734609357826,-4.622870882519993,-4.646920799315523,-0.9548888276900551
16,8,-11,-1.1128196700112674,44.91041620050005,-4.420378089765657,-7.2120251009630705,-5.113984948595824
16,9,-11,-0.939448448740453,46.91291592139315,-4.58688234230176,-4.991185093138122,-1.6926523794327908
16,10,-10,-1.4005691451806142,48.39303718129477,-4.05889990289274,-7.02151754683187,-5.751976055159385
16,11,-10,-1.1739625667629463,51.04506282145175,-3.917696905011551,-3.6750713392487078,-1.0263056047533345
16,12,-9,-1.4827231591871164,51.91156890260595,-3.1377778128764438,-3.849383196160967,-2.8296981775683503
16,13,-8,-1.6633177274162665,51.32049240510711,-2.221141339687672,-1.767959497956846,-1.3346846716845533
17,1,-13,-9.82447630237522,28.017544344813643,-0.3498147161536931,-3.8471317838171166,-3.705120537445287
17,2,-13,-2.6439632812932308,23.083329590375765,-1.400751795480367,-4.491280358797221,-3.8703650242981773
17,3,-13,-1.5203948174938984,21.99468430383666,-2.631423886323009,-6.13805298201606,-4.992761085547384
17,4,-13,-1.0662190779797671,24.421210887299164,-3.3017360043706545,-7.120387878622955,-5.112038734239901
17,5,-13,-0.8205952346576286,35.00258821744736,-3.8858596971156874,-7.242039287198905,-4.484422816189109
17,6,-13,-0.666582757855996,46.15569387550944,-4.399392343364609,-6.799587593085855,-3.4082947308105105
17,7,-13,-0.5608545725288832,47.151329746803036,-4.848800134185811,-5.874229537188272,-1.6758360942686368
17,8,-12,-1.1824888729990715,48.781047278675956,-4.672442651625196,-8.798382209494896,-6.351538595951241
17,9,-12,-0.9991688074855122,50.702843544627875,-4.914072681418139,-6.880872472379983,-3.3726369294406355
17,10,-11,-1.5133389436787548,51.692027214610754,-4.451926171102149,-9.52063004654719,-8.00715923015679
17,11,-11,-1.2734852409522475,54.54621687775755,-4.433378175908029,-6.525803316768503,-4.09959301191779
17,12,-10,-1.6598016322766924,55.38535529743515,-3.7788800789828016,-7.770303038915601,-6.606472894019907
17,13,-10,-1.3738554014313666,57.85669539356339,-3.4038552118770404,-3.3172546672815724,-1.3913393509783056
17,14,-9,-1.55592048229627,57.05990671192044,-2.418792665148933,-1.3227311485552948,-0.5343130050254701
18,1,-14,-10.646226601855863,31.21794426613563,-0.3497755523488861,-4.0220745399303075,-3.8860311867694564
18,2,-14,-2.799221147570174,25.512200969285,-1.4141901229112879,-4.659596825494037,-4.027761397599353
18,3,-14,-1.603077952887305,24.081106199097775,-2.6785557679518575,-6.318588365848058,-5.17066862852551
18,4,-14,-1.1222547650205217,26.221474718153505,-3.3817297530940245,-7.4593300850553526,-5.423752235782901
18,5,-14,-0.8629488976106618,36.110220813904,-4.001007856132099,-7.749671567210818,-4.911580325089308
18,6,-14,-0.700666419057902,49.97270278614781,-4.55330992047711,-7.482038495360384,-3.9185000811043
18,7,-14,-0.5894386478814654,51.85659536994269,-5.045230954406256,-6.793769994915703,-2.3150931806599124
18,8,-13,-1.2482984700385362,52.875818068005536,-4.8878483105736565,-10.038142123618215,-7.43798207226241
18,9,-13,-1.0552663097504456,54.66917708360441,-5.1920270342537895,-8.454270932393,-4.786395383179299
18,10,-13,-0.9104933416728512,56.434123316012084,-5.410785968551923,-6.482815237833796,-0.22809941085042915
18,11,-12,-1.3648583533696885,58.043844268919266,-4.857452980196871,-9.043061918991674,-6.52812850793505
18,12,-12,-1.1710520843453534,60.63002898785422,-4.812342768586628,-6.039461530311947,-0.9268207692238676
18,13,-11,-1.5184102188692654,61.69064738536144,-4.082358058716154,-7.202174735857819,-5.522048781068247
18,14,-10,-1.8119482485224956,61.8161974664178,-3.2864439780132,-7.148181617942302,-5.998797660773814
18,15,-9,-1.9704278281525913,60.601511582686385,-2.349201588733953,-4.783740444031736,-4.093155001583573
19,1,-15,-11.452046259869958,34.53253314647479,-0.3496603155556233,-4.189616330822491,-4.058560883678072
19,2,-15,-2.9479767015067457,28.02308571479304,-1.425557466583166,-4.822316632626881,-4.179776055699903
19,3,-15,-1.6820912112514221,26.23565981797372,-2.7191910112177458,-6.484055172496219,-5.331791305498998
19,4,-15,-1.1757373990162998,28.0939987381684,-3.4514322930358015,-7.764738303586288,-5.70198832646542
19,5,-15,-0.9033318468005336,37.378565306386584,-4.1016644517035274,-8.20224098298991,-5.292048781837014
19,6,-15,-0.7331277081566805,53.64222585712877,-4.688155588911098,-8.082812115581167,-4.38126860224912
19,7,-15,-0.6166228410111952,56.483794158249715,-5.217543359085663,-7.535316740172827,-2.890510041823522
19,8,-15,-0.5317914628201583,56.54667778730626,-5.69341937857299,-6.609893942229104,-0.20958438359531018
19,9,-14,-1.1084106465122319,58.831743042442525,-5.431323587169028,-9.747530013117304,-6.0144552074943425
19,10,-14,-0.9569676067290601,60.50279903488833,-5.713079136774833,-7.970059048208581,-2.1092022312699563
19,11,-13,-1.4502602182696347,61.64701075778666,-5.2137835960015515,-11.29887615659194,-8.580521542807993
19,12,-13,-1.247082548760935,64.32394173406284,-5.266217801833447,-8.576365836512656,-4.0261735617872105
19,13,-12,-1.6481041249524786,65.18348492415164,-4.628167469953955,-10.471890450023729,-8.774852880432192
19,14,-12,-1.4025298536876893,67.93028955622947,-4.390303166803108,-6.643088029958004,-3.289530108160438
19,15,-11,-1.671297728567808,68.02781731641483,-3.5297025921214007,-6.551223334771558,-4.9924222528626405
19,16,-10,-1.830809986712503,66.51642001110685,-2.532892923694913,-4.2434912807300735,-3.229085949913078
20,1,-16,-12.242271536850192,37.957433597797746,-0.3495005650377707,-4.350606449664332,-4.223761114162504
20,2,-16,-3.0909354555187223,30.613244230952745,-1.4352971253600435,-4.979912508421041,-4.3268504697357635
20,3,-16,-1.7578700816071477,28.456025455215613,-2.7545845648244747,-6.637245096824887,-5.479578459200617
20,4,-16,-1.2269834895562854,30.034381394286225,-3.512722076240442,-8.043835225452053,-5.954007206533092
20,5,-16,-0.9419971010516237,38.78224385712386,-4.190408011604072,-8.612380279497026,-5.636179999025428
20,6,-16,-0.7641827362690934,57.17354902548922,-4.807256977336175,-8.625230108686821,-4.804893655385218
20,7,-16,-0.642602290916855,60.996704143982726,-5.369895590259798,-8.203788678403367,-3.4144575299103863
20,8,-16,-0.5541642485752838,61.50656337332671,-5.882148323151622,-7.3950986361506015,-0.9878997739506686
20,9,-15,-1.1590717886738253,63.198665632050805,-5.639645476589215,-10.89133688235218,-7.101738840120108
20,10,-15,-1.001104669956241,64.7434706320572,-5.974831012519056,-9.299025519119736,-3.6654773509604874
20,11,-14,-1.530963232090424,65.40701300951159,-5.518181093440971,-13.201817605560322,-10.366539665735509
20,12,-14,-1.3182399372876374,68.08503800756108,-5.649562767197529,-10.806865203929,-6.4589904957813085
20,13,-13,-1.7681054639672142,68.62153034345941,-5.080417947973108,-13.362880741179243,-11.577995066475758
20,14,-13,-1.5109179760318177,71.69852723931102,-4.968402881731111,-9.916760018791923,-7.071362999144042
20,15,-12,-1.8499816272835818,72.00321218420002,-4.23472821562491,-10.85848548384424,-9.284619864272928
20,16,-12,-1.5536523751166662,74.182415347235,-3.7771186950831748,-5.959464745669475,-3.573908364999825
20,17,-11,-1.7103097134618168,72.38531647505881,-2.719829308247149,-3.6828983964723627,-2.280256068684262
20,18,-7,-3.005220988309049,56.84735581747335,-0.9968111487566971,-1.7260671824665368,-2.3628726696086075
21,1,-17,-13.017295475966284,41.48914747428949,-0.34931591346716684,-4.505748003635368,-4.382486085265994
21,2,-17,-3.2286858797633764,33.2802118694036,-1.4437344318246021,-5.1328059508199555,-4.469384465584318
21,3,-17,-1.8307708715047062,30.740115793103552,-2.7857011376063596,-6.780286554229548,-5.616448491690681
21,4,-17,-1.2762492925488655,32.03894827672274,-3.5670435291312836,-8.300945080507972,-6.1849332385639055
21,5,-17,-0.9791476559387338,40.30239014528764,-4.269238263607351,-8.988649785576534,-5.951448327703368
21,6,-17,-0.7940030958564526,60.58041541924359,-4.913212615153327,-9.121084962516475,-5.194582602648184
21,7,-17,-0.6675297889046217,65.42209307231055,-5.505548628637044,-8.816637886845552,-3.8953889335147474
21,8,-17,-0.5756089775482162,66.6007692555088,-6.050214129504036,-8.118549885864068,-1.6720354093750807
21,9,-16,-1.207597239653715,67.77183278147048,-5.822729183068869,-11.921434843906027,-8.078487803686384
21,10,-16,-1.0432717717549158,69.16713345699162,-6.20390237731229,-10.501767592513152,-4.997426013038798
21,11,-15,-1.6077950161256522,69.34829223939614,-5.781676023230205,-14.857976298086374,-11.948117747999563
21,12,-15,-1.385569940126949,71.9713324173702,-5.978606011804126,-12.722898434403909,-8.493686036939376
21,13,-15,-1.2118221869542984,74.45531361749708,-6.0880264057666835,-10.208394001455977,-2.9012180359844977
21,14,-14,-1.6111799014478079,75.35669646818823,-5.449511788973989,-12.826698577847512,-10.079062068057747
21,15,-14,-1.3982706129844031,78.14604964663566,-5.312460492151776,-9.37498698167638,-4.034678464515187
21,16,-13,-1.7035940337283755,78.53833531905559,-4.51749402774276,-10.249053090169058,-8.189868868152256
21,17,-13,-1.4539771041305318,80.28327458892355,-4.028777604685667,-5.376430521842978,-0.24972083364374387
21,18,-12,-1.6060638708030222,78.20958205563674,-2.910209715190833,-3.114202413562092,-1.0594747976666352
21,19,-8,-2.919820819875024,62.598662165185296,-1.1035736072270246,-2.6459582166195146,-3.0906152640003057
22,1,-18,-13.777548373582398,45.12449629382436,-0.3491187214569778,-4.6556296872312215,-4.53543951938119
22,2,-18,-3.361725001226234,36.021753117482106,-1.4511135392664554,-5.281371023510375,-4.60773675154041
22,3,-18,-1.9010894849732547,33.08604102778245,-2.813270540197987,-6.914717036135812,-5.744161830919408
22,4,-18,-1.3237457078689905,34.104593258407746,-3.6155264425081146,-8.540241256898662,-6.39842773053987
22,5,-18,-1.0149493019092022,41.92465529735104,-4.339730318185285,-9.33674135599368,-6.2425192305166535
22,6,-18,-0.8227277424209398,63.8652274376246,-5.008080538733026,-9.57905399955549,-5.556195718628844
22,7,-18,-0.6915277022330633,69.75403576683759,-5.627093833004551,-9.382701364543106,-4.33928743005911
22,8,-18,-0.5962383066340018,71.62464999916953,-6.200821702569076,-8.79096326789365,-2.2824882638018504
22,9,-17,-1.2542543023917547,72.54974389751256,-5.984955503785562,-12.858324302389448,-8.963088299695974
22,10,-17,-1.0837401854113995,73.77818965109171,-6.406189083411173,-11.600194641777945,-6.166740713408748
22,11,-17,-0.9518895546079663,75.0949603621158,-6.76845701610268,-9.889711655047114,-1.4900154522597224
22,12,-16,-1.4497503202584152,76.01253486685162,-6.264689638319403,-14.427978867174627,-10.257971686794022
22,13,-16,-1.2691618409182284,78.47120313246599,-6.440705682766887,-12.136137825869655,-5.503816961057452
22,14,-15,-1.7054742013743627,79.0429100435816,-5.858330156052394,-15.477313965376569,-12.654512712638466
22,15,-15,-1.4837250923845229,82.02236973809089,-5.821574080484413,-12.303569899418836,-7.707933323938522
22,16,-14,-1.8391733197453455,82.38496412936169,-5.120020437588237,-13.896236016007506,-11.914217773172725
22,17,-14,-1.5821376104639255,85.0107289448956,-4.804029464459937,-9.653294094289107,-6.301469020245978
22,18,-13,-1.8169691769061773,84.3565238388399,-3.882871033003064,-9.211534496935888,-7.178601106296849
22,19,-12,-1.9536724603102926,81.86758366772119,-2.818950871740146,-6.579750937094504,-5.067730174329934
22,20,-9,-2.782629035996382,68.26381381002746,-1.208594590018474,-2.9614344867142055,-3.2572794663040634
23,1,-19,-14.523482757316156,48.860574289452266,-0.34891683794659006,-4.800749528982403,-4.683208453013351
23,2,-19,-3.4904771422185408,38.835826263144355,-1.4576212456631727,-5.425939439463038,-4.742227860554703
23,3,-19,-1.969074831098285,35.49207989678574,-2.8378742240336505,-7.041776311538355,-5.864133775798925
23,4,-19,-1.3696487647210598,36.22865773658181,-3.659067724274327,-8.764228981584322,-6.597291866809372
23,5,-19,-1.0495395230299893,43.63790118480375,-4.403141916324254,-9.661399291201928,-6.5133868384220275
23,6,-19,-0.850471100097659,67.02585292966641,-5.093511462885627,-10.005542684326123,-5.89324282158852
23,7,-19,-0.7146959024059041,74.01276687207827,-5.736615299752503,-9.910338157197756,-4.752741445643914
23,8,-19,-0.6161430572992879,76.57510363452899,-6.336548170543629,-9.419083707817697,-2.835620888656189
23,9,-18,-1.299254969719375,77.52906579267895,-6.129733817099122,-13.718264738254687,-9.772834199585796
23,10,-18,-1.122718558579859,78.57728102936555,-6.5862164752931065,-12.609995725596672,-7.21215722974472
23,11,-18,-0.9863555586978557,79.75513700938804,-6.988950832278775,-11.056823854323463,-3.044452004392082
23,12,-17,-1.511255286345681,80.22363322719183,-6.516058889794593,-15.963950756932913,-11.822548105329753
23,13,-17,-1.3238808979101568,82.61778172090617,-6.748454516719875,-13.880966104990993,-7.654545237818878
23,14,-17,-1.1737753828457222,84.90825686549275,-6.905109384885112,-11.364510591301935,-0.4723851012816058
23,15,-16,-1.564107175340038,85.88690874024337,-6.255646838269552,-14.964076193126669,-10.640569035231117
23,16,-16,-1.3780879554084007,88.62227827250967,-6.196898619419866,-11.787204515165286,-3.6494510057095058
23,17,-15,-1.6978643712360277,89.14975792153288,-5.436796351665917,-13.308307924393423,-10.457154749640512
23,18,-15,-1.4797320165374728,91.42443332040834,-5.0944326286113455,-9.071597223072434,-2.60494780254536
23,19,-14,-1.6963113993896735,90.66574559185182,-4.117230705885482,-8.58890612188732,-5.962559960780565
23,20,-13,-1.829294892398214,87.83717557106603,-2.9984336191937477,-5.9627494676615225,-4.027804065022537
23,21,-10,-2.630753775075929,73.8641618990161,-1.3130297821154506,-2.9418408633479944,-3.0927503128013396
24,1,-20,-15.255562064015395,52.694710778599415,-0.3487152483590358,-4.9415328503454985,-4.826288086928068
24,2,-20,-3.6153079504865464,41.72055556684281,-1.4634028917307857,-5.5668057522040595,-4.873143944623842
24,3,-20,-2.0349386298910255,37.95665585521663,-2.859964566499668,-7.1631129623435115,-5.9774549117695726
24,4,-20,-1.4141071881367748,38.408839179380564,-3.698388765979528,-8.974979617295283,-6.783555163307072
24,5,-20,-1.0830338402162507,45.43332186147338,-4.460489660099246,-9.96539186284401,-6.766195684385762
24,6,-20,-0.8773287535236349,67.73807692891961,-5.17084455397876,-10.404828125349152,-6.208719030831515
24,7,-20,-0.737117216213397,78.20584488620858,-5.835807528470657,-10.404367502228595,-5.137785160925539
24,8,-20,-0.6353978188329921,81.4680132501963,-6.459488862598022,-10.008792982087087,-3.3423127382531144
24,9,-20,-0.5582101663252113,82.11425983697421,-7.044497723989625,-9.202531454868605,-0.21764891221517244
24,10,-19,-1.1603724619654388,83.56288009729965,-6.747524921911884,-13.544350121221663,-8.15615298622447
24,11,-19,-1.0196031074878336,84.58824572694132,-7.1858976953391,-12.139800657879762,-4.389525985159898
24,12,-18,-1.570435825080125,84.61150681505997,-6.7388928710265965,-17.363719674901425,-13.229376839105104
24,13,-18,-1.376375276580736,86.91367521945278,-7.019775604672516,-15.472259358518654,-9.502022651312641
24,14,-18,-1.2211935671718441,89.16394835408275,-7.2337086055506825,-13.161477284913639,-3.4324522820613055
24,15,-17,-1.6404922980807557,89.81712632281545,-6.631545774127824,-17.336832186049172,-13.136092486055064
24,16,-17,-1.4477232001701883,92.66512883544209,-6.655488978323924,-14.41143077101816,-7.430779296306824
24,17,-16,-1.8054838199384264,93.06273854211831,-5.9683199253118255,-16.575955392925174,-13.882889395854024
24,18,-16,-1.580060136859122,95.85113898043709,-5.75687722230361,-12.734658137930797,-7.981514655830898
24,19,-15,-1.8507278964176006,95.62652270779793,-4.912807464917273,-13.257505696198814,-10.814007980463966
24,20,-15,-1.5933932739666394,96.92357137700675,-4.355193822691528,-7.979439726725811,-3.4293128351296263
24,21,-14,-1.7220765556754778,93.76326233853425,-3.180938031105281,-5.351602569461254,-2.914035854946024
24,22,-11,-2.4816073934712186,79.41068302294484,-1.4174965886831534,-2.7256113652143528,-2.7166896583883733
25,1,-21,-15.974252241863374,56.624439556997366,-0.34851709138580533,-5.078346013261684,-4.9651003601038255
25,2,-21,-3.736535107910796,44.6742089504616,-1.4685732490777066,-5.704232171358281,-5.000740677487615
25,3,-21,-2.0988627334984105,40.47831749869547,-2.8799074450857685,-7.282729993290229,-6.08499168514313
25,4,-21,-1.457247979567792,40.643121585794994,-3.734076559943069,-9.174223253671775,-6.9589295479832485
25,5,-21,-1.115530438639497,47.30383893433519,-4.512604237250302,-10.252302989716712,-7.004269815896844
25,6,-21,-0.9033815467382633,68.64742944079157,-5.241177465995906,-10.779935057937507,-6.505196136904874
25,7,-21,-0.7588612826820806,82.33731789632823,-5.926061988230874,-10.868954316769235,-5.5002810948586855
25,8,-21,-0.6540648140226264,86.31095035772371,-6.57136450819066,-10.563693919165525,-3.810036000709533
25,9,-21,-0.5745751180640213,87.48797187671322,-7.179770629295462,-9.853939410520718,-0.9155603607081565
25,10,-20,-1.1968365589643808,88.73221720716771,-6.892929271377969,-14.414452654906903,-9.020145543661803
25,11,-20,-1.051765308957774,89.59429100501355,-7.362961700451554,-13.144278450920007,-5.57925310099439
25,12,-19,-1.6275629468950252,89.17840482020297,-6.937936272335166,-18.64700091266905,-14.509069713261134
25,13,-19,-1.4269371395797399,91.36865965674222,-7.261052996681832,-16.93191255215438,-11.126479041386851
25,14,-19,-1.2667274899826508,93.54987410261366,-7.5242409474654135,-14.8124741810775,-5.845064878862623
25,15,-18,-1.7135751878244854,93.8554843284341,-6.961082942673023,-19.476236637035544,-15.328733308032039
25,16,-18,-1.5139188289159442,96.74384342796284,-7.053683989659447,-16.780112360629918,-10.42925628012161
25,17,-18,-1.350178057809877,99.38078166392306,-7.058163423350867,-13.754678350228751,-1.9710790343785294
25,18,-17,-1.6732956088171935,99.99803171418978,-6.314662371929446,-16.02011175159066,-11.923985493333412
25,19,-17,-1.4802967045834372,102.49301602603504,-6.0803978429816485,-12.175024968966875,-3.5088043653973733
25,20,-16,-1.7274676202719212,102.27156294555853,-5.183841952199489,-12.642396053263063,-9.398587946008718
25,21,-15,-1.9329459362420187,100.86058453380339,-4.211784267685013,-11.822295317710214,-9.351209950245673
25,22,-15,-1.6288235613821354,99.6485982927924,-3.3665382736401095,-4.748781825527189,-0.504665833049744
25,23,-12,-2.342417940173449,84.9100161493462,-1.5223578451359425,-2.389070297466766,-2.194912847808955
26,1,-22,-16.680015616961366,60.64747368843014,-0.3483243000368071,-5.211507069776113,-5.1000080446534986
26,2,-22,-3.854436640596539,47.69517983191672,-1.4732241488736297,-5.838452837697975,-5.125246930447776
26,3,-22,-2.161004692259697,43.05572241293554,-2.898002058298956,-7.401110645290864,-6.187414604814388
26,4,-22,-1.4991806125110407,42.929722195855504,-3.766613723133525,-9.363412058703938,-7.124863556560373
26,5,-22,-1.147113612878273,49.243676573417275,-4.560171110426334,-10.523156265303227,-7.228651850342588
26,6,-22,-0.9286986008383877,69.72601321851906,-5.305418339006817,-11.134527492979997,-6.7848957638397955
26,7,-22,-0.7799873507780701,86.40924642954339,-6.008531701212542,-11.307715485508512,-5.840314075077584
26,8,-22,-0.6721966453889765,91.1001564645593,-6.673601125584294,-11.087655298702238,-4.244683396946035
26,9,-22,-0.590465418772236,92.81366466393642,-7.30336122035986,-10.469841979561204,-1.5480076614955383
26,10,-21,-1.2322225637805713,94.08183533930375,-7.024698815887917,-15.226679430377889,-9.817120355777112
26,11,-21,-1.082950453089988,94.77181275228307,-7.5230664560855,-14.084858790007267,-6.642609141087366
26,12,-21,-0.9644369760683333,95.60869018074007,-7.97742402941036,-12.468579077140095,-1.405454731888949
26,13,-20,-1.4757914874168372,95.9873135181672,-7.477200032024891,-18.279781467053265,-12.586361791844448
26,14,-20,-1.3106250968820472,98.07838927384014,-7.7832966911045895,-16.331624323622517,-7.8904173302768825
26,15,-19,-1.783840489947564,98.02582047850545,-7.252874930695269,-21.421041216275626,-17.30002101676347
26,16,-19,-1.5772785701142285,100.90625108562288,-7.403656498119088,-18.940922263505993,-12.960761733300341
26,17,-19,-1.4083052014149673,103.6089838877485,-7.478031826569572,-16.134140452811447,-6.061254663802939
26,18,-18,-1.7613261471167225,104.04880804964482,-6.793886963255397,-19.035900153286534,-15.187453013862777
26,19,-18,-1.5621321876473147,106.87157127348328,-6.663909873774946,-15.477158217102186,-8.708234798513796
26,20,-17,-1.8492211576197617,106.85046946065856,-5.865439135253242,-16.65396131095132,-13.761032243453483
26,21,-17,-1.6224306345138575,108.86147339775182,-5.458211378690669,-12.041908184055574,-6.685385897423334
26,22,-16,-1.8123976749113706,107.2895142312406,-4.4363120822091116,-11.185066144400102,-8.177814786285976
26,23,-15,-1.9240157177823198,103.4007433610317,-3.2620548648106453,-8.180185354250497,-5.758263915067758
26,24,-13,-2.2155131892030946,90.36681374981235,-1.6278357808450488,-1.9768167609152725,-1.5654001995342353
27,1,-23,-17.373306492743627,64.7616845069501,-0.34813801336316247,-5.341294106190034,-5.231325591881918
27,2,-23,-3.969257461368395,50.7819721361553,-1.477429935421322,-5.969677535906591,-5.246868089536135
27,3,-23,-2.22150205452446,45.68762376865677,-2.914495506837974,-7.518218984922,-6.285328207068248
27,4,-23,-1.5400002408843998,45.267050262447924,-3.7964007852893977,-9.543769902232468,-7.282585952823635
27,5,-23,-1.1778563785139458,51.24805700538122,-4.60376095457674,-10.780687772849417,-7.44121946078694
27,6,-23,-0.9533395792822783,70.95170254276645,-5.364324943504568,-11.470919028069101,-7.049748065717764
27,7,-23,-0.8005463532742088,90.43702615247567,-6.084180054290357,-11.723807559931423,-6.163224123031752
27,8,-23,-0.6898382958854343,95.84669883215228,-6.767390361006578,-11.585853574034001,-4.650968303687358
27,9,-23,-0.6059219739760866,98.10594198423465,-7.416719646096581,-11.05290101636579,-2.119941962361864
27,10,-22,-1.2666246630359874,99.60792802494298,-7.144685314651645,-15.988351893494256,-10.555244638423241
27,11,-22,-1.1132484376861562,100.1184722959544,-7.668577556203652,-14.966213176576668,-7.607894901981428
27,12,-22,-0.9915409186619405,100.80613657142797,-8.151602373784426,-13.484476646773873,-2.8436901786988407
27,13,-21,-1.5231173953363437,100.77108142113063,-7.6720753499598136,-19.53264391267015,-13.91106249072965
27,14,-21,-1.3530768546854859,102.75616307994034,-8.015954927649053,-17.74672044871721,-9.664639214559275
27,15,-21,-1.214394883470896,104.73884178468887,-8.30632301836161,-15.508889966365192,-2.69804831781777
27,16,-20,-1.638222779300695,105.18022002460822,-7.714289049571872,-20.924941982891234,-15.17594443695712
27,17,-20,-1.4639647918461893,107.89780061002905,-7.8478599096651,-18.31869031248889,-9.297414231605044
27,18,-19,-1.8452491833149902,108.10186464759094,-7.211867953300713,-21.841748819167243,-18.044422124667573
27,19,-19,-1.639376659493374,111.11535838629347,-7.16623651578807,-18.51532501111411,-12.620067931048029
27,20,-19,-1.4672959179574343,113.68683758516381,-7.016224150033559,-14.946774921192874,-3.072491442914815
27,21,-18,-1.7293160821767182,113.74156447845435,-6.167875238199682,-16.06246071598674,-11.931448136778277
27,22,-18,-1.531812635601769,115.39989696856307,-5.735989535714674,-11.455702076342813,-1.3999127114960732
27,23,-17,-1.7087119647681466,113.66984846625428,-4.663970383711886,-10.562321609912283,-6.466520064394724
27,24,-16,-1.8168648958431448,109.40897975009933,-3.438440940942024,-7.547949317044339,-4.616786756091698
27,25,-14,-2.1009915008590787,95.7847338393343,-1.7340650095313201,-1.5161861910356293,-0.8509789549216931
28,1,-24,-18.054568065183172,68.96508395492879,-0.3479588450846194,-5.467951851477759,-5.359327585877118
28,2,-24,-4.081214586513707,53.93318778190952,-1.4812514353057125,-6.098094883569555,-5.365788981766064
28,3,-24,-2.2804757357511107,48.37285911641729,-2.929593690999449,-7.634036856322378,-6.37921051679172
28,4,-24,-1.5797901898109081,47.65367482549771,-3.8237729801816127,-9.716331633085122,-7.432598240852496
28,5,-24,-1.2078224838584368,53.31297849258385,-4.64385273887013,-11.026230451451324,-7.643394368384444
28,6,-24,-0.9773564180228607,72.3068126054448,-5.418534523388188,-11.791125113755344,-7.301439010938104
28,7,-24,-0.8205824736591467,94.4193005627534,-6.153818135027,-12.119998798960449,-6.4677395146004
28,8,-24,-0.7070286186313153,100.56293826836819,-6.853735625018439,-12.058518841522286,-5.0327086468884765
28,9,-24,-0.6209799131873013,103.36432082442568,-7.521065495192722,-11.60953438178871,-2.646968916133073
28,10,-23,-1.3001233387713278,105.26060814064088,-7.2544160460958,-16.709179811197245,-11.244496889737443
28,11,-23,-1.1427351323227373,105.63141975511685,-7.80143240130471,-15.79608465696082,-8.494076232072553
28,12,-23,-1.0179007115793242,106.16243563903045,-8.310300543293064,-14.438752853126832,-4.1145255289302165
28,13,-22,-1.5690611145687865,105.71949198938819,-7.848760867462271,-20.70308407290362,-15.125534780174274
28,14,-22,-1.3942340283892771,107.58635176982582,-8.226211274998533,-19.06049282348977,-11.249662524590164
28,15,-22,-1.2517646918073446,109.4814837140866,-8.554948056237023,-16.994157967107412,-5.087358736245336
28,16,-21,-1.6970611754558422,109.58213532282372,-7.99227331257684,-22.756167356548534,-17.149305207372237
28,17,-21,-1.517525818422203,112.27881430021642,-8.176801231133979,-20.334764072923587,-11.991606906371006
28,18,-21,-1.3682286734860003,114.83192595498043,-8.294051956760805,-17.551192822793382,-3.3044590782395824
28,19,-20,-1.7130056476560624,115.33098000712894,-7.605219173453124,-21.331776323663462,-15.846851939332042
28,20,-20,-1.5358265338866892,118.12280383824896,-7.541174348534446,-17.994965861755652,-8.413901226433442
28,21,-19,-1.829024378267112,118.21976814359999,-6.769339415457932,-19.68208951669856,-16.01823624192101
28,22,-19,-1.626660167339809,120.57696489034579,-6.473346037457765,-15.484507114384844,-8.70963172297485
28,23,-18,-1.8475319752371977,119.69292835674389,-5.5413851259785165,-15.592099170699596,-12.189467512856577
28,24,-18,-1.618552120263725,120.00484366154528,-4.894814867003076,-9.953810930836289,-2.720641229186478
28,25,-17,-1.723256119281666,115.37820326961783,-3.617516578821065,-6.927828854137619,-3.002741731645724
28,26,-15,-1.9980169322262302,101.16688555282823,-1.8411207908223768,-1.024602042676027,-0.06585245803733059
29,1,-25,-18.72423033138068,73.25580959625478,-0.34778706118167074,-5.591696964073886,-5.48425541039872
29,2,-25,-4.19050134263739,57.14751612746142,-1.4847388929832384,-6.223875056394207,-5.482176424803321
29,3,-25,-2.3380326920338,51.11034095123715,-2.9434695711643495,-7.748559194522513,-6.469851747153681
29,4,-25,-1.6186239156406574,50.08829925840993,-3.849013064759482,-9.881508696056166,-7.576190684119398
29,5,-25,-1.2370679819910901,55.43505085374955,-4.680851449129935,-11.260948206962476,-7.836206205501553
29,6,-25,-1.000794667390196,73.77702413008686,-5.468586813285883,-12.096910493803787,-7.541448673219314
29,7,-25,-0.8401343501663121,98.35572274962114,-6.218133608289822,-12.49763642373514,-6.758829652977232
29,8,-25,-0.723801467566966,105.2491435440438,-6.933487769020335,-12.509748698696127,-5.393032247290499
29,9,-25,-0.6356697016670694,108.59006085108233,-7.617431921421621,-12.13730143322812,-3.135525064496376
29,10,-24,-1.3327881441479055,110.8797573416575,-7.355162710140381,-17.386620396510718,-11.891724576743268
29,11,-24,-1.1714754472171824,111.30752781775982,-7.923234652367763,-16.582763013120992,-9.313291598788123
29,12,-24,-1.0435788422325447,111.67558456371691,-8.45553453455146,-15.3395669960521,-5.258337557384039
29,13,-23,-1.6137445730745608,110.83090073395014,-8.0097537004236,-21.794813946933832,-16.24982257753384
29,14,-23,-1.4342199413962016,112.56989782922547,-8.417263165959053,-20.29505647805374,-12.67106328014057
29,15,-23,-1.2880214935363168,114.36456411799358,-8.780097521610605,-18.382836654407267,-7.137192968485817
29,16,-22,-1.7540320328522454,114.12146271738293,-8.242779787726665,-24.455647963557656,-18.944236247181077
29,17,-22,-1.5692595790032233,116.77128188614587,-8.471753660306446,-22.210270226212657,-14.325372011050044
29,18,-22,-1.4158181611949374,119.32247869552526,-8.64081586213298,-19.612332549529707,-6.964453436524728
29,19,-21,-1.7836491202264853,119.58053721230515,-7.993370311080081,-23.920169620764938,-18.65321378226295
29,20,-21,-1.6011453520891306,122.50154739187884,-8.000700024672629,-20.798226509031938,-12.457980087995072
29,21,-21,-1.446760060317681,125.0741424196346,-7.918877322713847,-17.40853896925058,-1.1408134568120416
29,22,-20,-1.7150648206780745,125.29920369981573,-7.099176171794154,-19.119564218426582,-13.67418458412724
29,23,-20,-1.5377348133081026,127.3600227557724,-6.7819468580866,-14.9197022635792,-2.760149416360147
29,24,-19,-1.7418271478722065,126.42067730343638,-5.8035189152462845,-14.982107966047792,-10.373052466285575
29,25,-18,-1.9087030416303081,124.03677868298708,-4.740746950097507,-13.744661348455798,-10.29986927201869
29,26,-17,-2.001311040145993,119.06153032598168,-3.51469827813132,-10.349787820282858,-7.467797473999474
29,27,-15,-2.2808182303963105,104.3223336889838,-1.8067267756633558,-4.064677354400588,-3.165996304895103
30,1,-26,-19.38270874429327,77.63211179908609,-0.34762269857894795,-5.712722301403125,-5.606322563987798
30,2,-26,-4.297290793587718,60.42372498740496,-1.4879341736693539,-6.347172113337143,-5.5961814341162155
30,3,-26,-2.3942680659913527,53.89904870933926,-2.956254787145979,-7.861790564031361,-6.55946274318298
30,4,-26,-1.6565665671941892,52.569740955373966,-3.872361224255549,-10.04041374111977,-7.713634857836078
30,5,-26,-1.2656424751469675,57.6113718218197,-4.715101850040888,-11.48586269651055,-8.020561836986582
30,6,-26,-1.0236945472929888,75.35060603811466,-5.514941981868922,-12.388943838110556,-7.771082420421927
30,7,-26,-0.8592360149673797,102.25817929296223,-6.277713280562623,-12.857937532634255,-7.035011005906729
30,8,-26,-0.7401865701475538,109.899050165303,-7.007372961303169,-12.94122766683549,-5.734527917329921
30,9,-26,-0.6500179864407152,113.7859292274782,-7.706699985895891,-12.642960051670865,-3.5908462104304415
30,10,-25,-1.3646797697602224,116.46409307327107,-7.447993284209415,-18.03317084718546,-12.502492598442048
30,11,-25,-1.1995255563266511,117.1435418070983,-8.03532428593894,-17.32422200766657,-10.07526248909474
30,12,-25,-1.0686288098752041,117.34319109751203,-8.588977592220532,-16.193417362399337,-6.297369910030285
30,13,-25,-0.9623845009812538,117.72308658154805,-9.108152566824762,-14.561683422220922,-0.10628672311668103
30,14,-24,-1.4731372682972248,117.70633431354143,-8.591706602332529,-21.453045172506965,-13.9725818442046
30,15,-24,-1.3232709906401179,119.39031494137966,-8.985080261711794,-19.680946173532224,-8.942859497314208
30,16,-24,-1.1989526012616079,121.10262926668543,-9.33436735543472,-17.423463928465004,-0.6097160086636053
30,17,-23,-1.6193743076916216,121.38693767305185,-8.738050400178823,-23.95537496438502,-16.380322441395116
30,18,-23,-1.461803825933517,123.90877866366517,-8.952291140512028,-21.534934223108117,-9.974428660459782
30,19,-22,-1.8517452819934497,123.90178831052964,-8.339841354874714,-26.309805226076783,-21.16047324847283
30,20,-22,-1.6638170635291942,126.8906078617663,-8.407681965158691,-23.386819380882724,-15.782803607528463
30,21,-22,-1.5052514750079826,129.61600179523734,-8.39852584429043,-20.19893617880266,-6.8904536707426205
30,22,-21,-1.7987405840409492,129.7985413031341,-7.640963121103151,-22.472048393988125,-17.62901557259981
30,23,-21,-1.6168518844751574,132.3239565173715,-7.431779028611226,-18.568947477163103,-9.696493377325018
30,24,-20,-1.8541239855246507,131.80174936278763,-6.556286522243193,-19.34203272161678,-15.446741013949309
30,25,-20,-1.649852973180767,133.09995396086163,-6.068674089690481,-14.385850342248531,-6.809007646427409
30,26,-19,-1.8057360715270359,130.51587638554287,-4.960298431486185,-13.116618998650555,-9.02913553035726
30,27,-18,-1.8958584055252186,125.13752686773068,-3.686054577821396,-9.708562498732363,-6.295515771065826
30,28,-16,-2.1644517721887677,109.75938968537456,-1.9094133264964188,-3.5117053001346386,-2.3337395821256335
31,1,-27,-20.03040342485548,82.09234269594792,-0.34746564513633543,-5.831200398352635,-5.725718939950759
31,2,-27,-4.401738557603698,63.76065292433405,-1.4908724382931609,-6.468125981298077,-5.707941127931192
31,3,-27,-2.4492669269964242,56.73802193164968,-2.968081751590482,-7.973742583427649,-6.64831447597466
31,4,-27,-1.6936762431179182,55.09691495848216,-3.8940228100001684,-10.193462543401152,-7.845922066319752
31,5,-27,-1.2935901112803436,59.83943284514218,-4.746899283411598,-11.701875017817482,-8.197263486522841
31,6,-27,-1.0460917873442421,77.01784424719658,-5.557994758088754,-12.668971930981758,-7.989963076495887
31,7,-27,-0.8779176367002475,106.11709049591828,-6.333060900397848,-13.204366183840342,-7.300014904154029
31,8,-27,-0.7562102110636872,114.52269338638294,-7.076014678196672,-13.354239441866982,-6.059358361304094
31,9,-27,-0.6640482511624637,118.95595984115312,-7.78962566535016,-13.128521628363634,-4.017235503855936
31,10,-27,-0.5918330927988351,120.89284063402563,-8.475879436599342,-12.492510330997444,-0.6220944914890741
31,11,-26,-1.2269345492369672,123.13617622872187,-8.138830427940453,-18.032817395126425,-10.78786705851707
31,12,-26,-1.093096955832181,123.16264012808396,-8.712031627718188,-17.005028913194476,-7.24419806064817
31,13,-26,-0.9844983138212828,123.39333122498789,-9.252824009725696,-15.492655192107383,-1.5454063649827443
31,14,-25,-1.51107296037075,122.9942965087369,-8.751675686489781,-22.54529988740668,-15.172982989693391
31,15,-25,-1.357601060959062,124.55935116946122,-9.172586726575442,-20.902832029846202,-10.551913942558004
31,16,-25,-1.2303581483441128,126.17629402242177,-9.552872223898841,-18.804263529550965,-3.099565896626064
31,17,-24,-1.6680352919825365,126.13275984707528,-8.979901920364949,-25.590461707312276,-18.245963875930016
31,18,-24,-1.5063696534187856,128.60466750660694,-9.23397299959588,-23.324597397188093,-12.547756949694522
31,19,-24,-1.3701646461587802,130.99523178634965,-9.434252877076135,-20.673582920421058,-2.993527006994905
31,20,-23,-1.724234276201314,131.33174458788557,-8.771537140748912,-25.794184653976615,-18.632363849382273
31,21,-23,-1.5613761032879134,134.14556188555355,-8.823941797708605,-22.793245068790263,-11.266154743266206
31,22,-22,-1.8786897081580154,134.20368726009687,-8.11693138226276,-25.605529825278538,-21.040771290383276
31,23,-22,-1.6917000377868256,137.0269327066332,-7.995060313963495,-21.940186585268755,-14.615940043042876
31,24,-22,-1.5312913292544204,139.29699937396137,-7.767259500096896,-18.029924938572417,-2.5566331688929846
31,25,-21,-1.75033781955417,138.7891889367121,-6.847855500461322,-18.753949198710046,-13.282328967933514
31,26,-20,-1.94832449400507,137.2560325522822,-5.883090289514532,-18.49911621663481,-14.707484453542092
31,27,-20,-1.715530835661394,136.9520724962432,-5.18267735908479,-12.502552564610633,-6.643448284477058
31,28,-19,-1.8031848264978945,131.17636332190787,-3.8597531714354956,-9.080764374456923,-5.062163317481448
31,29,-17,-2.060694787655532,115.16472199033596,-2.012734101386368,-2.9500292531599657,-1.4538280382157038
32,1,-28,-20.667698787768906,86.6349466131783,-0.3473156938933666,-5.9472863245993794,-5.842614304781625
32,2,-28,-4.503985142415081,67.15720258626001,-1.4935834324033506,-6.586864152173537,-5.8175803700821325
32,3,-28,-2.503105695708312,59.6263543846969,-2.979058228928078,-8.084431997096843,-6.736386550864212
32,4,-28,-1.7300050146685466,57.668820633420175,-3.914174445101013,-10.341170574582755,-7.972962644975612
32,5,-28,-1.3209503906281457,62.11704642794876,-4.776498221991562,-11.909783404326632,-8.367023641134722
32,6,-28,-1.068018303293382,78.77061563809939,-5.598085654099909,-12.938462957348202,-8.200406080877654
32,7,-28,-0.8962061146558118,109.94450224255498,-6.384611325468357,-13.536490186879774,-7.553209775453298
32,8,-28,-0.7718957750954645,119.12602502369695,-7.139951207636425,-13.751065832956193,-6.367681871199906
32,9,-28,-0.6777813307156724,124.10521966003624,-7.8668612956712956,-13.59136565533143,-4.417581182908967
32,10,-28,-0.6040489202737822,126.48542293391326,-8.567337718682618,-13.03063919719232,-1.203621602184398
32,11,-27,-1.2537456858340472,129.1140164651014,-8.23471178882292,-18.70669225242202,-11.457558028511617
32,12,-27,-1.1170238203632317,129.1312044761228,-8.825881121550934,-17.772363364610115,-8.121301990814041
32,13,-27,-1.0061142452633978,129.2078881512671,-9.386475209446148,-16.37388326880879,-2.8192126751544078
32,14,-26,-1.5481016927557643,128.43185432792188,-8.898943936539961,-23.583545602663424,-16.287231289960086
32,15,-26,-1.3910860428464202,129.87122254355472,-9.344832194816902,-22.059961872289712,-12.011524789728433
32,16,-26,-1.260962801119665,131.38412031653914,-9.753074319098022,-20.104754184910522,-5.262429329295801
32,17,-25,-1.7153772719845821,131.0126407146696,-9.200690452965999,-27.126586732910823,-19.94364159310563
32,18,-25,-1.5496613802572148,133.41882358446776,-9.49020214773598,-25.008558412159267,-14.789580255254211
32,19,-25,-1.4101602085011669,135.7744467203017,-9.730942286599964,-22.522631997108366,-6.523443429214483
32,20,-24,-1.7826854127664256,135.8515249475952,-9.099378963187405,-28.035901599875096,-21.161291544344746
32,21,-24,-1.6154882022033448,138.70835555313593,-9.204811038591584,-25.213364827509125,-14.829289335638055
32,22,-24,-1.4727639869063374,141.34743026149337,-9.242362415814053,-22.100823698764696,-3.7832560955355117
32,23,-23,-1.763188957570755,141.60595944825462,-8.490545381137347,-25.095709162539595,-18.56864513991492
32,24,-23,-1.5987879844345874,144.20240678832795,-8.351699454571811,-21.418565387534446,-9.563590632571563
32,25,-22,-1.8442797590395645,143.89793375461448,-7.512396488077847,-22.70526898537267,-18.04243087491126
32,26,-22,-1.6596886728446365,145.72739009564626,-7.142248450646375,-18.17818632233693,-9.353640560724273
32,27,-21,-1.8432065540337337,144.09519803883097,-6.135536804013887,-17.88543229376071,-13.416789929014337
32,28,-21,-1.635815836609055,143.34814917305758,-5.40792769965556,-11.901992934932899,-1.4958232870342405
32,29,-20,-1.721078124340875,137.18046486863628,-4.035810839671095,-8.46610868384146,-2.5568256088299717
32,30,-18,-1.9678122232962107,120.54035979061211,-2.1166828757090084,-2.3845408868283062,-0.5298046427083462
33,1,-29,-21.294963471690924,91.25845172517047,-0.3471725799869533,-6.061120049739647,-5.9571611494065495
33,2,-29,-4.604157895436773,70.61233491001182,-1.4960924889487472,-6.703503137619253,-5.9252131876973975
33,3,-29,-2.555853320187845,62.56318897280066,-2.9892586487348036,-8.193879223992411,-6.823666580762785
33,4,-29,-1.7655997653012636,60.28453072663338,-3.932968886884903,-10.48401765720788,-8.095671294889971
33,5,-29,-1.3477588248017833,64.442289440758,-4.804119105251932,-12.11029776673339,-8.530477386383136
33,6,-29,-1.089502747233697,80.6020659520227,-5.635509957223877,-13.198525003305937,-8.403383606944672
33,7,-29,-0.9141255594836175,113.73353205470184,-6.432741891021964,-13.856023224353654,-7.796430056650043
33,8,-29,-0.7872641833076361,123.71140807358488,-7.199649696472431,-14.132788898894296,-6.66213960052746
33,9,-29,-0.6912358210462408,129.23958963090348,-7.9389727465618,-14.038211656367483,-4.795664129960236
33,10,-29,-0.6160157850591783,132.0732394627717,-8.6527116535,-13.547955323903235,-1.738534428888721
33,11,-28,-1.279997367599903,135.06534147334236,-8.323788015505372,-19.34947600505921,-12.089671987517812
33,12,-28,-1.1404451712749686,135.24611880374127,-8.931534423719896,-18.50625375654018,-8.93808190827389
33,13,-28,-1.027266364150718,135.1645377506164,-9.510341459431912,-17.212061899587543,-3.9858328243568595
33,14,-27,-1.5842883516384272,134.01673170900617,-9.034999357164883,-24.560647081755377,-17.327408328290375
33,15,-27,-1.4237897275905,135.32477711974553,-9.503660711877139,-23.16001799175442,-13.336551115110447
33,16,-27,-1.2908309926070942,136.7265020988262,-9.937266670887707,-21.332017709249566,-7.186790941893652
33,17,-26,-1.7615124650938268,136.0284331987821,-9.403173002357468,-28.57400931910666,-21.509377143395444
33,18,-26,-1.591797572702617,138.35653054461872,-9.724467996947483,-26.59987887984268,-16.795927792374393
33,19,-26,-1.449028004644557,140.6605215681263,-10.00120463224507,-24.25956330952811,-9.498678261072822
33,20,-25,-1.83939156240503,140.4671082160268,-9.396722118461785,-30.134877508313345,-23.457483742382497
33,21,-25,-1.6678477464200128,143.3338242090141,-9.548448188084176,-27.47691938103663,-17.84543239774526
33,22,-25,-1.5216199489924571,146.03310983372708,-9.639901385882014,-24.544614526537853,-8.753605978678609
33,23,-24,-1.831907508765112,146.1435255644451,-8.931390198383863,-28.07546490086959,-21.94875424083359
33,24,-24,-1.663238169596474,148.95517863041596,-8.86637627752572,-24.59467903882758,-14.665574949981092
33,25,-24,-1.5173457570224882,151.32755819765472,-8.711002434712713,-20.906862643021206,-0.6544953867206124
33,26,-23,-1.7443443678303674,151.08799868080055,-7.8297031882010115,-22.142430627462996,-15.381037293150024
33,27,-23,-1.579792090678728,152.6191546628291,-7.439541777980236,-17.61437258602941,-1.9176332823851303
33,28,-22,-1.7510286702348241,150.88871900092133,-6.390713944044691,-17.284629918514398,-11.187444717071559
33,29,-21,-1.8884979106756883,147.45341227079916,-5.2472664152398645,-15.641296796595505,-11.150893978953784
33,30,-20,-1.9627537186062924,140.94004427480678,-3.9257140055324142,-11.839154837942209,-7.9640893201043115
33,31,-18,-2.2137784633190214,123.76560201879624,-2.075607796138892,-5.379576601170079,-3.7302228807689457
34,1,-30,-21.912550490843685,95.96146273727997,-0.3470360057960543,-6.172828415039796,-6.069497044933705
34,2,-30,-4.70237264380978,74.12506404799123,-1.49842131635868,-6.818149719846834,-6.0309439964554326
34,3,-30,-2.6075722545485025,65.54771330890173,-2.998781548612604,-8.302107260954562,-6.910148427606926
34,4,-30,-1.800502885646012,62.94318230015435,-3.950538932340975,-10.622418034546627,-8.214364839672317
34,5,-30,-1.3740474801221534,66.81345841936518,-4.829953846907971,-12.304051726571208,-8.688192679485304
34,6,-30,-1.110570959311755,82.5063632200852,-5.670524991260417,-13.448756852768842,-8.59768329447458
34,7,-30,-0.931697685965682,117.4883579601375,-6.477781602850596,-14.164973120927236,-8.030784728136455
34,8,-30,-0.8023342473421509,128.28137718883204,-7.255517511063228,-14.500034465112359,-6.944523725820714
34,9,-30,-0.7044284094934181,134.36556394550277,-8.006453288444678,-14.469600946283876,-5.154325765795114
34,10,-30,-0.6277487837985822,137.62978939012592,-8.732589378106447,-14.046350858906717,-2.2385646141575704
34,11,-29,-1.3057239021511384,140.99887857937378,-8.406764285670944,-19.96841075989021,-12.688661612408433
34,12,-29,-1.163392798966939,141.50462877121828,-9.0298558230916,-19.21011389199059,-9.702295593198707
34,13,-29,-1.0479847534416886,141.2609629208625,-9.625476574208058,-18.011805801366243,-5.051098438149205
34,14,-28,-1.6196898765570706,139.7464530751929,-9.161101050262573,-25.495877168047514,-18.30337646735426
34,15,-28,-1.4557675136655912,140.91840517424714,-9.650622089410756,-24.199872835682275,-14.563555049521835
34,16,-28,-1.320017963444272,142.20301032314703,-10.107360489415461,-22.492484836409325,-8.88263855378526
34,17,-27,-1.8065359770325573,141.1806262859499,-9.589625316318285,-29.94134694844792,-22.966994172763584
34,18,-27,-1.632876797201233,143.4207934904064,-9.939617423802112,-28.092914194426378,-18.61042879176812
34,19,-27,-1.486873403891507,145.66004272558746,-10.248634708853217,-25.89916757048169,-12.076223820825689
34,20,-27,-1.362406890235731,147.85755396510046,-10.513263423166942,-23.285506207735445,-1.0750189971184965
34,21,-26,-1.7186537294313369,148.04137470472563,-9.860523887563522,-29.61190510873184,-20.48392920804914
34,22,-26,-1.5689016194098415,150.76608725150572,-9.999013742532439,-26.83399098178929,-12.71268207633242
34,23,-25,-1.8982651328471234,150.69178207556496,-9.327226539650384,-30.88079425540159,-24.952977103613712
34,24,-25,-1.7251798354972265,153.64329755990934,-9.324811259453861,-27.585389225279286,-18.74439538781544
34,25,-25,-1.5758624704499926,156.25357405408877,-9.24456752785391,-24.086752841570807,-8.133079877606432
34,26,-24,-1.824611367461183,156.09709517533238,-8.428149697192588,-25.810652542893664,-19.996754499216024
34,27,-24,-1.6566193446190653,158.22930035591395,-8.149648087266332,-21.59038103844568,-10.721425137251575
34,28,-23,-1.8562294713183043,157.12530125424524,-7.208799125278469,-21.977836908156988,-17.017900729824078
34,29,-23,-1.6694996405188065,157.63925006226557,-6.648680508571307,-16.696286723999528,-6.725880531800255
34,30,-22,-1.7990784191520834,153.97355564933596,-5.46276554552872,-15.02613320521037,-9.677336536378036
34,31,-21,-1.8717638936074057,147.0376791516643,-4.094774088324254,-11.209547244937738,-6.737483708956441
34,32,-19,-2.111459763980121,129.19413841810976,-2.1753854141111413,-4.778341265899282,-2.7855980194136434
35,1,-31,-22.520797545104564,100.74265443865366,-0.3469056580222989,-6.282526788243565,-6.179746603405847
35,2,-31,-4.798735082430154,77.6944529038982,-1.5005886236785289,-6.930902030560151,-6.134868661769238
35,3,-31,-2.6583192791837997,68.57915583737659,-3.0076713359519993,-8.40914085154722,-6.995830828991814
35,4,-31,-1.8347528532037813,65.64396916015419,-3.967000579729477,-10.756577334460225,-8.329069563269494
35,5,-31,-1.399845429150707,69.22903396796268,-4.854170306004434,-12.491612641043346,-8.840451517814635
35,6,-31,-1.131246341733476,84.4785068463373,-5.703356023338062,-13.690604742492868,-8.785928111539285
35,7,-31,-0.9489421368562649,121.20738073679318,-6.52001862456612,-14.461951952719229,-8.255517033821333
35,8,-31,-0.8171229600118359,132.83314135679174,-7.3079114912405645,-14.856057053347758,-7.2159964305671584
35,9,-31,-0.7173741439249239,139.4900691245544,-8.069734872570812,-14.882575509924406,-5.495634853632351
35,10,-31,-0.6392615002254918,143.16588796421175,-8.807485475214765,-14.527479619705659,-2.707817981026391
35,11,-30,-1.3309561138938157,146.92526087270778,-8.48425080492173,-20.559372630782295,-13.25827229472357
35,12,-30,-1.1858951414650465,147.8153664387532,-9.121590746618876,-19.886874553854078,-10.420401258988056
35,13,-30,-1.068296175576013,147.49480636677364,-9.732785688947207,-18.777059041500557,-6.0267240264868835
35,14,-29,-1.6543566564714878,145.61844178355489,-9.278322567194346,-26.3889471233561,-19.223267345977526
35,15,-29,-1.4870679987644468,146.650205119118,-9.787029977043751,-25.19032839197755,-15.705899049076178
35,16,-29,-1.348571654118134,147.81265795861998,-10.264964192165799,-23.596411617871933,-10.436224654573897
35,17,-29,-1.2320750360814623,149.06035868885047,-10.710633074866562,-21.520135051474618,-1.995596685027225
35,18,-28,-1.6729824535126072,148.61306524139127,-10.138002683482036,-29.51428104720332,-20.28273559151702
35,19,-28,-1.52378385295241,150.77709859256186,-10.476167192869088,-27.453516141852223,-14.322221985194124
35,20,-28,-1.396662826255657,152.92217519012095,-10.773561339752295,-24.990998574365264,-4.6734890016939294
35,21,-27,-1.7680636202137336,152.84391155090762,-10.145529034932192,-31.613055660471762,-22.867136607905845
35,22,-27,-1.6147893058489105,155.56789685773646,-10.325526114915153,-28.989780927262338,-16.04540197813928
35,23,-27,-1.4827396576537342,158.149525402825,-10.451301480552598,-26.06077443496985,-4.405897911927862
35,24,-26,-1.7849871429720072,158.32290881523508,-9.736897050394234,-30.389827345172144,-22.19782084837835
35,25,-26,-1.632094791885837,161.09253337190253,-9.720303064802868,-27.066728752380396,-13.649666764880157
35,26,-25,-1.9014242489981374,160.91439150211534,-8.95669993429035,-29.24886561337567,-23.917982605172046
35,27,-25,-1.7294210623357043,163.45020326048063,-8.768334695724059,-25.274250582611664,-16.669984596919925
35,28,-25,-1.5789622779721868,165.32434349933254,-8.472317713884953,-21.048853267436225,-2.1650161387934417
35,29,-24,-1.7649570743895782,164.18970579647493,-7.491892653254888,-21.39627118276164,-14.561794112193718
35,30,-23,-1.9303170708232567,161.8759927361859,-6.457474760086814,-20.75161014951801,-15.93336558439515
35,31,-23,-1.7195624669078864,160.4555626788717,-5.680844680816678,-14.423781217548669,-6.525411746774422
35,32,-22,-1.7906900809988635,153.10216446031941,-4.2658716516386965,-10.593032692394033,-5.205670770168266
35,33,-20,-2.019817209271589,134.5952594426481,-2.275580481305713,-4.181278010011162,-1.8072116574707817
36,1,-32,-23.120027440914342,105.60076599541804,-0.3467812192113772,-6.390320461078772,-6.288023121015992
36,2,-32,-4.893341955632035,81.31960918480156,-1.5026106207364311,-7.041850484807898,-6.237075420157015
36,3,-32,-2.708146192802489,71.65678242248102,-3.0160086422380123,-8.515005855080888,-7.080716320423591
36,4,-32,-1.8683847193115057,68.38613548402519,-3.9824556068283967,-10.88708388991028,-8.440285139371174
36,5,-32,-1.4251791287196591,71.68765215046973,-4.876915942299674,-12.673490007699375,-8.987484493319863
36,6,-32,-1.151550170855878,86.5141782191779,-5.73420110194085,-13.925519019013105,-8.967613380684664
36,7,-32,-0.9658767521015499,124.88882338693891,-6.55970641672814,-14.750819562268987,-8.473586063308272
36,8,-32,-0.8316457357758003,137.3654502212667,-7.357145539092065,-15.197726771196931,-7.477563097175683
36,9,-32,-0.7300866541586455,144.58084042983606,-8.129197370809818,-15.283243004911819,-5.821362578955659
36,10,-32,-0.6505662149622908,148.71794705110312,-8.877852150372425,-14.992138710285213,-3.14976989680556
36,11,-31,-1.3557218381079412,152.83765152668633,-8.556778411384638,-21.127178260751414,-13.8016780797577
36,12,-31,-1.2079777831861451,154.13473018337194,-9.207385772661242,-20.531217743091688,-11.096975480583925
36,13,-31,-1.088224594718622,153.86370995146626,-9.833051054743281,-19.51121289573033,-6.935745906242692
36,14,-31,-0.9892467391941902,153.52560670330413,-10.43355028486246,-17.991558270984278,-0.33742050654341377
36,15,-30,-1.517734183467696,152.51809752361694,-9.914006350191293,-26.139695143212446,-16.774585840281244
36,16,-30,-1.376534100491826,153.55408276934665,-10.41144298828273,-24.64994209158097,-11.846011730360027
36,17,-30,-1.2577950786044627,154.69212562777207,-10.878623121836796,-22.701517651633758,-4.1110295191482304
36,18,-29,-1.7121861468476225,153.93373079444925,-10.321588794345422,-30.86919000151084,-21.824391808185098
36,19,-29,-1.5598332292018375,156.014051998369,-10.686228676065609,-28.932575177695647,-16.36230062031868
36,20,-29,-1.4300846395194917,158.09564087494965,-11.01320638694605,-26.60362436442341,-7.750093734835773
36,21,-28,-1.8162054009417337,157.7499984350155,-10.407083676625032,-33.516197954207534,-25.02478221286302
36,22,-28,-1.6594254769403973,160.45314531186276,-10.624053125298099,-31.0353635944904,-18.9285722851542
36,23,-28,-1.524473431266314,163.0473997645446,-10.79197145032197,-28.25184842413501,-9.039376053528873
36,24,-27,-1.8429345652407783,163.03111301681508,-10.110116120659013,-33.030967857746255,-25.243167983336942
36,25,-27,-1.6863862353202126,165.90440147808326,-10.14836498118586,-29.87093208027824,-17.992328001018482
36,26,-27,-1.5501676778903954,168.49314395135568,-10.118010348636794,-26.489254902278482,-5.074591694750414
36,27,-26,-1.7990575651254106,168.44994612720183,-9.315242660726474,-28.73100454007998,-21.280227273801685
36,28,-26,-1.6454077572814494,170.75567246221812,-9.110995740855566,-24.747193925472175,-10.938573391479583
36,29,-25,-1.8543426958421325,169.97911385738288,-8.214334027664892,-25.662438393391326,-19.975087123212983
36,30,-25,-1.6839895008396724,171.21015916510552,-7.777647862759844,-20.825787158000992,-9.947904222672163
36,31,-24,-1.8387125339348906,168.7644311037207,-6.704540922881359,-20.1498455084545,-14.527877726014765
36,32,-23,-1.9599077331420585,164.47418674386654,-5.526836160678379,-18.137982455017113,-13.22417907296581
36,33,-23,-1.717965934385793,159.13559389400328,-4.43899773489049,-9.989144257649528,-1.5663438662406863
36,34,-21,-1.9373100955732483,139.97058116133852,-2.3761689977259364,-3.589706910174423,-0.7956680643053959
37,1,-33,-23.710548586987855,110.53459587766426,-0.3466623754235483,-6.496305836390563,-6.394429964046771
37,2,-33,-4.986282068715734,84.99968189388527,-1.5045014215313681,-7.151078592047279,-6.337645681392695
37,3,-33,-2.7571003999125816,74.7798933320195,-3.0238288571673664,-8.61972876747569,-7.164810385908514
37,4,-33,-1.9014305208888427,71.16897041706183,-3.9969936878400367,-11.013812226381203,-8.54830277259211
37,5,-33,-1.4500727385986032,74.18808129983412,-4.898320824515861,-12.850142553558236,-9.13008139620134
37,6,-33,-1.1715018594894544,88.60962267477493,-5.763235044976298,-14.152262048791345,-9.143317663695502
37,7,-33,-0.9825177943555918,127.42125816858814,-6.597068802354824,-15.028788995931025,-8.683154696163589
37,8,-33,-0.8459166113626648,141.88676619472716,-7.403496881509188,-15.53065739822964,-7.727905343803344
37,9,-33,-0.7425783357468574,149.66595403843436,-8.18517619335019,-15.672558112489627,-6.13286312859887
37,10,-33,-0.6616740785169357,154.25127722722814,-8.944088424445349,-15.437728231441382,-3.567381635019751
37,11,-32,-1.3800463253266,158.6995937865959,-8.624811174169063,-21.677050507336574,-14.321587431148753
37,12,-32,-1.2296638582276918,160.37517678302444,-9.28780467980289,-21.152063923523553,-11.736650731952233
37,13,-32,-1.1077915929505047,160.36534153794227,-9.926952547360909,-20.217199969086955,-7.786217597632774
37,14,-32,-1.0070775155844713,159.87499096391744,-10.542117076271342,-18.795245100497468,-1.5865077771378668
37,15,-31,-1.5478043996066209,158.5199040004342,-10.032516065855198,-27.052049244726444,-17.778451868362485
37,16,-31,-1.403942486711388,159.42567492662192,-10.547964523865604,-25.65830358941314,-13.143185230115824
37,17,-31,-1.2829937683645467,160.44954066412006,-11.03494227638208,-23.827329638539645,-5.989383746200043
37,18,-30,-1.7505501116934343,159.38243714860178,-10.49203314664626,-32.147729988103315,-23.25632885292801
37,19,-30,-1.5950848760427805,161.3720591178258,-10.880847952945274,-30.327255930303124,-18.18782673393883
37,20,-30,-1.4627383514477894,163.38117179976413,-11.234697740509187,-28.13436970147969,-10.431419444011567
37,21,-29,-1.86318537353165,162.7652329499604,-10.648149706707967,-35.30825760951341,-27.02390001986759
37,22,-29,-1.7029257391002894,165.43178151185163,-10.8983153000472,-32.96126959498311,-21.47023230913846
37,23,-29,-1.5650774551402742,168.01754200145456,-11.10376222009318,-30.32654872345508,-12.876100429740784
37,24,-28,-1.8992319548259244,167.79302431254013,-10.450279455578757,-35.51215601256057,-27.995755892346192
37,25,-28,-1.7389887094248586,170.72916180257585,-10.53643117774839,-32.50855099767723,-21.64546974197411
37,26,-28,-1.5997599949289574,173.437816090833,-10.561790441075422,-29.2931714642223,-11.212604090750037
37,27,-27,-1.8660875873957377,173.33182208882573,-9.804140223601603,-32.00239745436035,-25.186810148291222
37,28,-27,-1.7089404895716616,175.9373488295804,-9.676018036554822,-28.22126184965601,-17.049214234578944
37,29,-27,-1.570684171379752,178.0157190474236,-9.45622623563124,-24.229310382984547,-0.6489500014469013
37,30,-26,-1.7655224511504348,177.25772779986556,-8.52185430659013,-25.10256581360507,-17.068975025589175
37,31,-26,-1.6116435023629099,178.1890074953342,-8.066128329907183,-20.26607194030707,-1.0249762006685796
37,32,-25,-1.7571840579662583,175.61213826146047,-6.954163094536361,-19.559646983876004,-11.877055414671744
37,33,-24,-1.8718069637344386,171.06529355043259,-5.736580829592311,-17.524571165447043,-11.929541476504209
37,34,-23,-1.9312821929698736,162.95671075640888,-4.323443833007369,-13.316913885319712,-8.383456310012033
37,35,-21,-2.1535091480779007,143.25535917855342,-2.3300416140950446,-6.539176561430978,-4.076142128228809
38,1,-34,-24.292655537701446,115.54299733195774,-0.34654882122854336,-6.600571442114218,-6.499061744822575
38,2,-34,-5.077637158240904,88.73385820155028,-1.5062733719948542,-7.258663662984339,-6.436654728849503
38,3,-34,-2.8052254124098073,77.94782055845538,-3.031186593442673,-8.72333635790753,-7.2481207859715955
38,4,-34,-1.9339196306994775,73.99180345969798,-4.010694142610797,-11.137316141488645,-8.653329405901435
38,5,-34,-1.4745483918263136,76.72920306735587,-4.918500121334603,-13.021865376188426,-9.268624046874164
38,6,-34,-1.1911191788202908,90.7615553868227,-5.790612747023944,-14.372773554841348,-9.313983175457679
38,7,-34,-0.9988801392109863,128.66842734475796,-6.632304171364432,-15.3000588550283,-8.886356431366034
38,8,-34,-0.8599484143964959,146.39981970092146,-7.4472112689293155,-15.851936022591932,-7.96960342782471
38,9,-34,-0.7548605037544907,154.76356343719186,-8.237968607243001,-16.04621961253038,-6.430791894370061
38,10,-34,-0.6725952552049861,159.76734167610198,-9.006547742497986,-15.869847682309793,-3.96319196993647
38,11,-33,-1.4039525757039342,164.57783055473337,-8.6887566463975,-22.206102046662913,-14.820326343687864
38,12,-33,-1.250974380302354,166.64525923826565,-9.363341430018329,-21.752371168117183,-12.345024262189959
38,13,-33,-1.1270167064375496,166.99741304043476,-10.015084133693708,-20.897569873529115,-8.584935262163311
38,14,-33,-1.0245933623145616,166.35191109059357,-10.643919838092886,-19.56633939534259,-2.720157789195603
38,15,-32,-1.5773130389327823,164.6534019546683,-10.143394036039506,-27.920239201679298,-18.721633634466375
38,16,-32,-1.4308299556241078,165.42566693130573,-10.675534343378988,-26.62597437881965,-14.353019630911616
38,17,-32,-1.3077036274582845,166.33143606854566,-11.180801559179532,-24.9033125275402,-7.695274903424301
38,18,-31,-1.7881289996061973,164.95832163948552,-10.650745601766316,-33.37446438979116,-24.60112638030992
38,19,-31,-1.629593782594596,166.85142553868286,-11.061737733358738,-31.660711686508588,-19.877672343178986
38,20,-31,-1.4946804963262483,168.7806539901952,-11.440126195374603,-29.592418927904145,-12.780630128024665
38,21,-31,-1.3784993895028355,170.7128487018223,-11.783751802353102,-27.090135788157124,-1.1694415351256335
38,22,-30,-1.7453859610187963,170.51054616112057,-11.151357751045149,-34.79483062287569,-23.786500435107282
38,23,-30,-1.6046568187479104,173.07121791932565,-11.390493971203757,-32.29909946688625,-16.156018478315097
38,24,-30,-1.4823594989045625,175.53766018291205,-11.584882228965014,-29.462601374633707,-3.2521071964527013
38,25,-29,-1.7900946712604044,175.5941680916715,-10.890462742663548,-35.01502048751028,-24.83412218011598
38,26,-29,-1.6478101932312463,178.38015555454206,-10.964461331510464,-31.942246319286475,-16.074042427485153
38,27,-28,-1.9308999119359567,178.1626495417943,-10.245108063945276,-35.11746166410921,-28.652432346395678
38,28,-28,-1.7700775433485376,180.97820716324168,-10.181513220523888,-31.512155971578856,-21.825569893614738
38,29,-28,-1.6289719160844172,183.3785647482175,-10.03913253680281,-27.71956237828806,-9.832498781599806
38,30,-27,-1.8429290629324973,182.82378289412915,-9.172419280242437,-29.069619366810034,-22.3064850402425
38,31,-27,-1.6864270614927803,184.4924745206878,-8.831906033634054,-24.552426876530088,-11.830472492988555
38,32,-26,-1.8567345172182383,182.74678488329033,-7.833169216583135,-24.572737407318744,-18.49865889805394
38,33,-26,-1.6841229563066082,182.42134522107264,-7.206388802896464,-18.980652893405836,-6.493528348937959
38,34,-25,-1.7930067581030502,177.62013824328673,-5.948659140268793,-16.923154607409355,-10.150879386400394
38,35,-24,-1.8516478774977463,169.07313624225756,-4.49008014001551,-12.701746219730396,-7.114606463299589
38,36,-22,-2.063936911701078,148.68034212898394,-2.4266829750391627,-5.924386296886956,-3.0587189478638863
39,1,-35,-24.866629563820428,120.62487432577,-0.3464402628395087,-6.703198801816641,-6.602005325088441
39,2,-35,-5.167482644372395,92.52136064316453,-1.5079373181569242,-7.364677427670322,-6.5341723327339
39,3,-35,-2.8525612801162463,81.15992542972427,-3.038124397811023,-8.825855394150771,-7.330657024322339
39,4,-35,-1.9658790569905653,76.85400050414118,-4.02362739067079,-11.257833349181094,-8.755553710124248
39,5,-35,-1.4986264253913082,79.30999681938167,-4.937556176044833,-13.188488547883916,-9.403230316900453
39,6,-35,-1.210418447324532,92.96708569974678,-5.816471937527005,-14.587397824354499,-9.478952072621578
39,7,-35,-1.0149774367034703,130.02751023888382,-6.665588989796966,-15.561955170085351,-9.084074298946383
39,8,-35,-0.8737529061024598,150.90715700928882,-7.488507315057273,-16.163779907303116,-8.203687961100117
39,9,-35,-0.7669435223825127,159.84296315009732,-8.287839007219006,-16.409618552907347,-6.716954872999838
39,10,-35,-0.6833390438536322,165.32370081545665,-9.065544309625974,-16.289524565531902,-4.337573897855608
39,11,-35,-0.6161187226460008,168.37811031539064,-9.823126281545223,-15.761645526322233,-0.5158045428576178
39,12,-34,-1.2719285154985842,172.90722779936115,-9.434430756485721,-22.3338588130299,-12.925297554277169
39,13,-34,-1.145917700232043,173.54185852550282,-10.097967210896563,-21.553202604958752,-9.330396584241962
39,14,-34,-1.041811001658659,172.95434213949136,-10.739580397132688,-20.30781737345648,-3.769670688836606
39,15,-33,-1.6062911339497306,170.91636254850215,-10.247366832888538,-28.754142350095034,-19.616219263246155
39,16,-33,-1.457226243616848,171.55219738565032,-10.795023785311194,-27.556815618992886,-15.486128546037198
39,17,-33,-1.3319536364538012,172.33643295011709,-11.317245080869029,-25.93439555644568,-9.262639871614544
39,18,-32,-1.8249712280047468,170.66017218058735,-10.798934591043679,-34.55447307324464,-25.869421033895108
39,19,-32,-1.6634081894971584,172.45185492317881,-11.23035630546241,-32.93920731153485,-21.449862708046183
39,20,-32,-1.5259600964717408,174.2950186747793,-11.631258042799692,-30.98552292238588,-14.915366348133215
39,21,-32,-1.4076347444518313,176.157331909786,-11.999773344412633,-28.61454123444885,-4.476582304601947
39,22,-31,-1.786887082195935,175.69392739922316,-11.38570501952523,-36.549717040109236,-25.883521189010544
39,23,-31,-1.6432985425849367,178.2162576126042,-11.655294002381934,-34.17430579213507,-19.021302909817
39,24,-31,-1.5185887688298498,180.6684390052032,-11.883856473409596,-31.475053156314736,-7.848686991892213
39,25,-30,-1.839856029714885,180.51846864125255,-11.21518915798217,-37.37629871533314,-27.675130714351756
39,26,-30,-1.6944955531384602,183.34966141404416,-11.332134457579727,-34.45064731706392,-20.08579898520195
39,27,-30,-1.5671644019419757,185.98541488274358,-11.394362182900828,-31.298396562129618,-7.000120456334609
39,28,-29,-1.8291789745665976,185.94906377591764,-10.637817533146697,-34.64841905814814,-25.816784543969835
39,29,-29,-1.6850487983777618,188.5782886322218,-10.561003470266444,-31.02881149082875,-16.38523852758107
39,30,-28,-1.9170918804299713,188.09946934051635,-9.749343202816782,-32.795633498319816,-26.69308425733272
39,31,-28,-1.757381185406118,190.27687784910142,-9.50170245976629,-28.53248971526813,-18.77388690978894
39,32,-28,-1.615515296238219,191.68547274501546,-9.144560089592705,-24.011804332225235,-2.073880472535587
39,33,-27,-1.7754247739533826,189.87465876220472,-8.109519901371218,-23.99901919356892,-15.760417169412738
39,34,-26,-1.9154071167702074,186.72272726122205,-7.011785722090544,-22.98239819054999,-17.081226391867094
39,35,-26,-1.722076070006905,184.14078552184293,-6.163093959448135,-16.333312179472998,-6.134851283244616
39,36,-25,-1.779859545465072,175.1598081553835,-4.658438707355127,-12.098720236516026,-5.034780071335934
39,37,-23,-1.9830624209245673,154.08105262267543,-2.5235578883989596,-5.318159290184233,-2.013731947563549
40,1,-36,-25.432739235417234,125.77917790208426,-0.34633641995425946,-6.804263185723747,-6.703340676644533
40,2,-36,-5.255888284164705,96.36144460026364,-1.5095028269793302,-7.469186577786471,-6.630263288611202
40,3,-36,-2.899144962175842,84.41559647006726,-3.044663560860457,-8.92731243613382,-7.412429923429048
40,4,-36,-1.9973337011752674,79.7549604082434,-4.035856166685458,-11.37522260748482,-8.855119313034557
40,5,-36,-1.5223255781570546,81.92952669847384,-4.9555802438542464,-13.350961062661993,-9.533710037262626
40,6,-36,-1.2294146925042193,95.22365581224705,-5.840935493348424,-14.795426055648074,-9.639892705766005
40,7,-36,-1.03082224924989,131.48953401074255,-6.697080744183243,-15.817653243922798,-9.274251772119824
40,8,-36,-0.8873409028420849,155.4110922055333,-7.527580138554489,-16.468657670407065,-8.430761482687693
40,9,-36,-0.7788369149728323,164.91176015779368,-8.335023336058578,-16.763999015669146,-6.992388237689212
40,10,-36,-0.6939139797819409,170.81290675610768,-9.121358396272178,-16.69767415391979,-4.694475464348996
40,11,-36,-0.6256391607432343,174.29337912119064,-9.88808483206989,-16.22938232695369,-1.023576292984124
40,12,-35,-1.292543809900181,179.13220198998528,-9.501456861952267,-22.893388366763016,-13.480232300759567
40,13,-35,-1.1645107953223803,180.16398412826675,-10.176061500246183,-22.181136998844444,-10.034971680700476
40,14,-35,-1.0587456534352506,179.68028921747137,-10.829645484405868,-21.022282023503067,-4.751411351291633
40,15,-34,-1.6347668272782017,177.3065768779096,-10.345070038314313,-29.56007242263003,-20.467420746194755
40,16,-34,-1.4831581857075418,177.80335638086382,-10.907192172858842,-28.444998368041535,-16.5471015196871
40,17,-34,-1.3557697944617804,178.46301298205697,-11.445178660791141,-26.922825206698437,-10.680848413574951
40,18,-34,-1.247277992682362,179.24388269218068,-11.9581672371993,-24.89339599263807,-1.4960157695846512
40,19,-33,-1.6965707987379814,178.17262521922268,-11.387954823192914,-34.168104110646496,-22.898141008118284
40,20,-33,-1.5566201158970487,179.92450947342212,-11.809598333457172,-32.32027819740264,-16.831590234510674
40,21,-33,-1.436174709916728,181.71042479545739,-12.200949855044911,-30.067163706249595,-7.373697198066405
40,22,-32,-1.8274984681647983,180.98480765006096,-11.603473455771054,-38.20802597864407,-27.827121109469292
40,23,-32,-1.6810759914486215,183.458061128762,-11.900755777863864,-35.951663881149834,-21.55557922548988
40,24,-32,-1.553967419058791,185.88207226241116,-12.160204280891941,-33.391078442749055,-11.713809725749837
40,25,-31,-1.8883958971556272,185.51547592059643,-11.514430755311153,-39.63855740740415,-30.27354946390656
40,26,-31,-1.739955871698053,188.36708887098098,-11.66965765289705,-36.84608162207075,-23.52088554999745
40,27,-31,-1.6100465897339507,191.06050249120563,-11.775460847654525,-33.817819125807766,-12.581949166909911
40,28,-30,-1.8865087621455299,190.89776063225477,-11.05275239327023,-37.6487521825127,-29.31505579990481
40,29,-30,-1.7392493709024097,193.68956627082,-11.032432901282533,-34.18464617680016,-21.432713521029772
40,30,-30,-1.6091978275258616,196.13378348013862,-10.942719248085982,-30.549892580782913,-7.091130499095116
40,31,-29,-1.825326702110026,195.74179588186652,-10.09604854990761,-32.274144373435725,-23.996613494249523
40,32,-29,-1.6808811632555882,197.6867728989805,-9.833397748376997,-28.003860407256376,-12.536372447342751
40,33,-28,-1.8610235200523486,196.38484250632743,-8.885876349151292,-28.565877585613272,-21.828417489019277
40,34,-28,-1.7023941489975631,196.96293079409335,-8.388400471512712,-23.435262831474724,-10.502098029967302
40,35,-27,-1.8343942330111433,193.65288490303638,-7.254470370053338,-22.392701731385497,-15.534149753388814
40,36,-26,-1.9356814245754679,188.22259130650363,-6.0050985553140945,-19.999298034855546,-13.981765617350591
40,37,-25,-1.9834452263198419,178.92839851472507,-4.546212407310162,-15.40558208418348,-10.021624968147288
40,38,-24,-1.9096790521074838,159.45885631681332,-2.62064734359905,-4.720663446104819,-0.9409363286813875
41,1,-37,-25.991241005795604,131.00490289207622,-0.34623702670232465,-6.9038342616030794,-6.803141623190083
41,2,-37,-5.3429187412030785,100.25339602888529,-1.510978369318622,-7.572253243949023,-6.724987891694227
41,3,-37,-2.9450106489261234,87.71424747769834,-3.0508522231719124,-9.027733682122712,-7.493451286056596
41,4,-37,-2.0283065805227563,82.69411201682465,-4.047436541826925,-11.489980323963582,-8.952127839278004
41,5,-37,-1.545663161551992,84.58693082194957,-4.972653954185946,-13.509598204179369,-9.661029381419008
41,6,-37,-1.2481217900917472,97.52899072414718,-5.864113387445407,-14.999244280169172,-9.795632573229893
41,7,-37,-1.046426170113856,133.0466838115426,-6.726920424252396,-16.065939318495364,-9.459970711769039
41,8,-37,-0.9007223802259057,159.89900583206966,-7.564604434138331,-16.76221866653662,-8.650656825446735
41,9,-37,-0.7905494579482659,170.00844697534419,-8.379732810432532,-17.1078656796519,-7.258002248477425
41,10,-37,-0.7043279215455214,176.35913737790588,-9.174240803941306,-17.094032957640295,-5.035732959739594
41,11,-37,-0.6350143802042736,180.14809378345674,-9.949622977520512,-16.68344606623364,-1.5036466903024095
41,12,-36,-1.3128363811477477,185.40428190241255,-9.564760613684177,-23.432558446155138,-14.012223780077347
41,13,-36,-1.182810858034909,186.69033456840947,-10.249774010467464,-22.78915104251038,-10.704117700177312
41,14,-36,-1.0754112273319487,186.52779806604843,-10.914597916748688,-21.71202029230747,-5.672840650896467
41,15,-35,-1.6627657555888833,183.82187380464032,-10.43706230261799,-30.34040421944607,-21.279702858726107
41,16,-35,-1.5086501229949127,184.17721781570995,-11.012704645006336,-29.29929102523542,-17.540280417222476
41,17,-35,-1.3791755639469332,184.70957037510212,-11.565392597754322,-27.867854953703645,-12.005012416648839
41,18,-35,-1.2689243124678542,185.37652431565246,-12.09437797840075,-25.95052199837636,-3.4350689495877895
41,19,-34,-1.7291197033197632,184.01271504658285,-11.535614088614693,-35.34124809480642,-24.258009821577048
41,20,-34,-1.5866985542197278,185.66887319147813,-11.976439373985727,-33.59648071419102,-18.593485872631906
41,21,-34,-1.4641578518239946,187.3728847505865,-12.388831733178982,-31.455412233896265,-9.920573537904701
41,22,-33,-1.867280319744186,186.38491125004072,-11.80645453160455,-39.79746851654052,-29.645474924818448
41,23,-33,-1.7180519543119193,188.80028193653797,-12.129054269986494,-37.65445055624832,-23.86843244587209
41,24,-33,-1.5885623428508815,191.18483060290868,-12.41658708352602,-35.22122011642653,-15.063148246910055
41,25,-33,-1.475133118153019,193.50803979987057,-12.666307430881533,-32.416709101078865,-0.15091430087637114
41,26,-32,-1.7843043185392609,193.44723408267305,-11.980946608699162,-39.1068407958821,-26.566291055782738
41,27,-32,-1.65180696347513,196.17244659307866,-12.12557895429381,-36.22039424213768,-17.16278833808195
41,28,-32,-1.5348899182263591,198.72781453816168,-12.220592113132794,-33.07925809759108,-0.18100236502410336
41,29,-31,-1.7918189453467288,198.76313378676187,-11.46143236952357,-37.187172795193504,-25.638243132944627
41,30,-31,-1.6591535048225556,201.38562650642697,-11.429072132508411,-33.70293064784863,-14.30535178560838
41,31,-30,-1.8907985261202866,201.01159685786718,-10.629312648360747,-35.821040461708265,-28.367823962515107
41,32,-30,-1.743448021219734,203.34019511813977,-10.444976821214585,-31.76011099633857,-19.59020047324403
41,33,-30,-1.6120429760971655,205.05536606835918,-10.167580993861574,-27.483593375450333,-1.0731105510408019
41,34,-29,-1.781215764765066,203.7364910779425,-9.18560131013613,-28.010683305754075,-18.742102321229858
41,35,-29,-1.6364140931693891,204.0135830266387,-8.669863825280183,-22.881212394911675,-0.14424596249467617
41,36,-28,-1.7614257845881751,200.54635991995525,-7.499558922811187,-21.81338266444613,-12.459320308351579
41,37,-27,-1.857944514190761,194.84010215231697,-6.212017818039561,-19.40061428768256,-12.651320293479172
41,38,-26,-1.905493309062622,185.09004557012852,-4.708695420949513,-14.793815089406213,-8.74790397695884
41,39,-24,-2.101918392025405,162.79431840096515,-2.570887899824661,-7.627814863162891,-4.290053583257625
42,1,-38,-26.542379788265446,136.30108494167803,-0.3461418319783226,-7.00197666128654,-6.901476482744051
42,2,-38,-5.428634084266381,104.19652940432555,-1.512371472380742,-7.673935417132608,-6.818402355749146
42,3,-38,-2.990190042070694,91.05531579139678,-3.0567147163799753,-9.12714485560885,-7.573733624960266
42,4,-38,-2.0588190214934388,85.67091155806257,-4.058418786319641,-11.602252499517187,-9.046833838689311
42,5,-38,-1.5686552074763167,87.28141220751209,-4.988850547457789,-13.66453568643473,-9.785338852092522
42,6,-38,-1.266552584456995,99.88105709594484,-5.8861043387226815,-15.196405646133519,-9.947914683718727
42,7,-38,-1.0617999256749489,134.69211848579835,-6.755234626195735,-16.307739386030015,-9.640801324733225
42,8,-38,-0.9139065627866276,164.3726686553942,-7.5997370746443496,-17.04932981526341,-8.86261087724704
42,9,-38,-0.8020892614976702,175.06229495046975,-8.42215707628481,-17.440488244933512,-7.514600084398335
42,10,-38,-0.7145881251814068,181.85682125938476,-9.224416642710132,-17.47615003828807,-5.362739200768053
42,11,-38,-0.6442509669347765,186.07148747746177,-10.008004285644313,-17.124824819121915,-1.9587076665769967
42,12,-37,-1.332821080891791,191.600205911877,-9.624645532535876,-23.956957114290717,-14.522841269072789
42,13,-37,-1.2008315593997836,193.30395627548796,-10.31946646337245,-23.37881674108499,-11.341318523658215
42,14,-37,-1.0918204832294922,193.4019521850831,-10.99486580654227,-22.379050122270595,-6.530250728209215
42,15,-36,-1.6903113670830272,190.46013184574844,-10.523836830513368,-31.091042151508255,-22.05691298320124
42,16,-36,-1.5337242354129637,190.67186233783062,-11.112146615811621,-30.12524116467946,-18.48217164171833
42,17,-36,-1.4021922289456752,191.07444967952222,-11.678579973480776,-28.778373201019775,-13.245889110221958
42,18,-36,-1.2902048775310426,191.624665350865,-12.22248644177553,-26.965241451244104,-5.2296279156586
42,19,-35,-1.7610891142411558,189.9708952406721,-11.674273526919386,-36.46368569389352,-25.542339320787814
42,20,-35,-1.6162292861516596,191.52749783025806,-12.132898441072912,-34.81447491397419,-20.236327012071957
42,21,-35,-1.4916182518438097,193.14490618695163,-12.564751091846594,-32.78563832905146,-12.22708969042439
42,22,-34,-1.906285446763052,191.89512005146165,-11.996177756316667,-41.32813009574557,-31.354148590727682
42,23,-34,-1.7542808556024412,194.2453019889286,-12.342031413239996,-39.290058310862754,-25.97634329046461
42,24,-34,-1.6224307190614689,196.58110540819854,-12.655237477582327,-36.974360793958375,-18.01453151448273
42,25,-34,-1.5069808072582154,198.87391125567825,-12.933424768783523,-34.29388137109664,-4.974315044342252
42,26,-33,-1.8276345074843034,198.60072652008608,-12.2692126834203,-41.27583814252984,-29.2979408689774
42,27,-33,-1.6925499963840953,201.33737201105427,-12.44872715434631,-38.51937296032325,-21.054198909235247
42,28,-33,-1.5734383917417383,203.93537822532247,-12.58311164889033,-35.50262893055198,-6.930170136538821
42,29,-32,-1.8429447035468667,203.83445686136477,-11.854226277078737,-40.04131701392113,-29.286983225430284
42,30,-32,-1.7076016914523366,206.5846072114592,-11.871945047547138,-36.69928224866156,-19.9409562387967
42,31,-32,-1.5873446782249983,209.038746185332,-11.82784368641742,-33.176680442100206,-2.155453848106243
42,32,-31,-1.8037155972942995,208.7756920196678,-10.994022984027742,-35.323650134524705,-24.94015262139979
42,33,-31,-1.6699180787839443,210.89638542928904,-10.796212534869367,-31.253474153826165,-11.928261869469905
42,34,-30,-1.8561227048953108,209.89740843178416,-9.884719786677147,-32.26256354185444,-24.558803620222914
42,35,-30,-1.7093213802882161,211.04834506361644,-9.487767203848787,-27.464285116917196,-13.026063430201113
42,36,-29,-1.8562945459884999,208.61412603524636,-8.436201759566238,-27.134619871677742,-19.906592524224497
42,37,-29,-1.6953338044427073,207.40504169517186,-7.747087735808407,-21.244141857052085,-6.047991264031719
42,38,-28,-1.7876336630760363,201.4249312336241,-6.421067017434877,-18.812716894665094,-10.4533580531639
42,39,-27,-1.8348908166181572,191.2231887151266,-4.872615950609426,-14.193562574744357,-7.392732153797609
42,40,-25,-2.023021992713087,168.21839032544207,-2.6643257778075378,-7.014015941452837,-3.220312018216749
43,1,-39,-27.086389519925817,141.666797814353,-0.3460505993597043,-7.0987504757735564,-6.99840862640235
43,2,-39,-5.513090225475996,108.19018585620242,-1.5136888474381995,-7.7742873218773845,-6.910559184119376
43,3,-39,-3.0347125995578517,94.43826072242577,-3.0622654655616137,-9.225571123731575,-7.6532899468389255
43,4,-39,-2.088890828313951,88.68484035618962,-4.068848101273474,-11.711990087942038,-9.139367562763507
43,5,-39,-1.591316597041108,90.01223110409457,-5.0042359259130755,-13.815344018600983,-9.905999075952577
43,6,-39,-1.2847189932393226,102.27802921512016,-5.9069972151682215,-15.39026099083734,-10.095697013027216
43,7,-39,-1.076953464142602,136.41982043925003,-6.782137342403083,-16.544503695900737,-9.815609256993506
43,8,-39,-0.926902001606648,168.84688879003275,-7.6331193254790195,-17.33078068853111,-9.06899488858897
43,9,-39,-0.8134638392480398,180.1435381335889,-8.462466893121272,-17.765810642302444,-7.762893384039611
43,10,-39,-0.7247013081195395,187.40353670238386,-9.272088541421219,-17.84895496160769,-5.676719859774098
43,11,-39,-0.6533550125332173,191.92030594567316,-10.063465872934618,-17.551581902389923,-2.3883398091286887
43,12,-38,-1.3525116335212586,197.86854753792076,-9.681382807590408,-24.467660628635677,-15.012812380238334
43,13,-38,-1.2185855102945866,199.81730049669727,-10.385461484722295,-23.951529845899962,-11.949604500499408
43,14,-38,-1.107985166032372,200.22692345763355,-11.070830200022863,-23.021448648719,-7.334511677232222
43,15,-38,-1.0151489693022853,199.41774279814823,-11.73752279827093,-21.585483714187117,-0.18929409335617606
43,16,-37,-1.5584008164930858,197.28539350515214,-11.206035597330116,-30.925178396685965,-19.378011942930424
43,17,-37,-1.424839187153406,197.55597331557223,-11.785351501589593,-29.657345087932946,-14.40771095636583
43,18,-37,-1.311138475866329,197.98690852881688,-12.34321224720575,-27.941347620803477,-6.845881319463738
43,19,-36,-1.7925099378854197,196.04579567552375,-11.80475427111399,-37.54820287339441,-26.75941965421734
43,20,-36,-1.6452427170436459,197.49951349808146,-12.27994748725411,-35.98794574419647,-21.75470108362878
43,21,-36,-1.51858627090591,199.02626918239523,-12.729860415161118,-34.06332354966557,-14.313651573711947
43,22,-36,-1.4085316508776984,200.59768681936646,-13.153210527445143,-31.709917571091793,-2.5247440197539115
43,23,-35,-1.789810382605129,199.7945682878203,-12.541260603493386,-40.86478529303474,-27.916812945362555
43,24,-35,-1.6556220513235524,202.0739095546712,-12.878046857572777,-38.64278743828807,-20.62355575998142
43,25,-35,-1.538166188227834,204.32658087966774,-13.182254615218277,-36.08801655729076,-9.024290224926874
43,26,-34,-1.8700252811854066,203.83522052853326,-12.537124102512617,-43.35430999728297,-31.813326094279827
43,27,-34,-1.7323620125548271,206.56700344943698,-12.748194611873144,-40.70799656029843,-24.396538835940415
43,28,-34,-1.6110516663134713,209.18643934799718,-12.917938244977185,-37.816712334916026,-12.366456702758938
43,29,-33,-1.892774093016564,208.92886101786573,-12.215757844754554,-42.7614027350207,-32.55742692507523
43,30,-33,-1.75471682275994,211.7683524091507,-12.27770791676561,-39.55467004881007,-24.519152881057778
43,31,-33,-1.632194893256092,214.36345778299685,-12.284406708892135,-36.167956898692395,-10.462365886508774
43,32,-32,-1.8620323894104551,214.07893994367274,-11.491300408558772,-38.72440981374903,-29.400247176289334
43,33,-32,-1.7256496492161943,216.49721771541437,-11.360864841407945,-34.83268267033061,-19.35500629034188
43,34,-31,-1.9279556046289041,215.66856526002135,-10.506671788536776,-36.26240333890082,-29.35691515945146
43,35,-31,-1.7785629901936173,217.43300978760905,-10.205292611533904,-31.726932604323675,-20.895197870077496
43,36,-31,-1.644197079303848,218.3222122470373,-9.792433271989715,-26.926508234451376,-2.1313840311865087
43,37,-30,-1.7830844201342866,215.7955807355248,-8.707096904647738,-26.56921869149474,-16.933575317240503
43,38,-29,-1.9028839140485558,211.7595493698425,-7.550383165215632,-25.19677589668723,-18.164736121226788
43,39,-29,-1.7237072228320567,207.97883359307156,-6.632254258581985,-18.235251635958896,-5.466578454306889
43,40,-28,-1.7706191968259035,197.32943058108833,-5.037934800054083,-13.604388027691346,-4.525382711196762
43,41,-26,-1.9511938411078897,173.62067171316792,-2.75788007068653,-6.410090387876813,-2.126262023959775
44,1,-40,-27.62349370837632,147.10115093781596,-0.34596310674884,-7.194211689582935,-7.0939969663339735
44,2,-40,-5.596339306623813,112.23373147150859,-1.51493649736666,-7.873359747758497,-7.0015074992359665
44,3,-40,-3.0786057504404813,97.8625621317208,-3.0675409005362146,-9.323037040152183,-7.732133579646015
44,4,-40,-2.118540430559873,91.7354028124882,-4.078765242365116,-11.819439591578512,-9.229848934699731
44,5,-40,-1.613661173095398,92.77869847349788,-5.0188695503287954,-13.963073041976623,-10.024192273097503
44,6,-40,-1.3026320986671838,104.71826067002254,-5.926872232249441,-15.578182039726219,-10.240209777642507
44,7,-40,-1.091896032859292,138.22447251530429,-6.8077314908302275,-16.773804861109053,-9.986807152237152
44,8,-40,-0.9397166418355178,173.3231551282751,-7.664878737139541,-17.602082821311125,-9.270193172276047
44,9,-40,-0.824680168726625,185.21483326506535,-8.5008164272654,-18.084282267289638,-8.003515146600494
44,10,-40,-0.7346737044916674,192.90485870559377,-9.317439387710742,-18.213052848662098,-5.978757957009901
44,11,-40,-0.6623321658679453,197.85075548977858,-10.116221649840815,-17.965505922543176,-2.795614492114937
44,12,-39,-1.3719207553856694,204.05656429674013,-9.73521551795986,-24.965630844896417,-15.485016692445848
44,13,-39,-1.2360843768622047,206.4338765221271,-10.448047796085476,-24.508534384317414,-12.531623872687778
44,14,-39,-1.1239161199668877,207.13203565895125,-11.142831452926519,-23.641999073582838,-8.09719623948211
44,15,-39,-1.029771379396006,206.46609749688207,-11.819636115788224,-22.290364991621754,-1.2903824516829647
44,16,-38,-1.5826985024954208,204.0159490156833,-11.294830940657434,-31.701160236127453,-20.2323311004916
44,17,-38,-1.447134190756783,204.1524615940964,-11.88624767569063,-30.507380057233057,-15.485810727353252
44,18,-38,-1.3317422316982146,204.46180767183026,-12.457190124407688,-28.882167472534807,-8.343577164878182
44,19,-37,-1.8234102410054656,202.23595432491032,-11.927777742337659,-38.597978630676465,-27.916339056742668
44,20,-37,-1.673766302782365,203.58386685364258,-12.418436807939775,-37.120777633005716,-23.167459710162436
44,21,-37,-1.545089144680173,205.0164489823593,-12.885162999896973,-35.293227717364,-16.20930531409985
44,22,-37,-1.4332997644510157,206.50546370553465,-13.326822706020344,-33.05368901970143,-5.377997523602171
44,23,-36,-1.8246827094537452,205.44883524195137,-12.728096182396415,-42.35647796272358,-29.736778994705155
44,24,-36,-1.6881796683529524,207.6652336054596,-13.086631523766675,-40.241382609011204,-23.005693640372563
44,25,-36,-1.5687345359922262,209.86966618739194,-13.414736953578352,-37.807415709733135,-12.558264182420762
44,26,-35,-1.911544054350462,209.1562092108755,-12.78692289420739,-45.32579389673701,-34.11497288600537
44,27,-35,-1.7713156311792864,211.8699098179634,-13.0267143807556,-42.79642166330131,-27.390307191473564
44,28,-35,-1.647809664035322,214.49377557756284,-13.228438392897887,-40.03328127275176,-16.896138180581733
44,29,-34,-1.9414263161094363,214.06471851926167,-12.550024908341278,-45.35895599822815,-35.51626675951375
44,30,-34,-1.8006362347982354,216.96390011635586,-12.651417927326758,-42.27987612247217,-28.418731207978748
44,31,-34,-1.675809696710266,219.66026127201243,-12.702965230486823,-39.03104587887757,-16.867501747016497
44,32,-33,-1.9186538937913467,219.30866192827597,-11.944952564835011,-41.984407234617755,-33.30330189262064
44,33,-33,-1.7795643739071627,221.94743292567844,-11.872555615519422,-38.25074281786552,-25.043508383849385
44,34,-33,-1.655251249242625,224.17769747841578,-11.729924389588586,-34.34813107417798,-9.715461177745443
44,35,-32,-1.8449269517000355,223.39894961926487,-10.843895293428547,-35.739982982255576,-26.675529173667968
44,36,-32,-1.7084650472610077,224.92915609733052,-10.528218830059359,-31.199043675910037,-14.35078832659607
44,37,-31,-1.8654308797239976,223.05964922038874,-9.5342769540757,-31.424719886974188,-23.623261292406397
44,38,-31,-1.7166588063294634,222.94105056622823,-8.980406581037196,-26.01280286067245,-11.070060386705117
44,39,-30,-1.8303670892526,218.72572490303943,-7.789412000315039,-24.618762705756115,-16.468420127755806
44,40,-29,-1.9157696270819324,212.1128182776381,-6.471312790017885,-21.857447555519038,-14.68835291137185
44,41,-28,-1.9534181146022933,201.14961503384265,-4.921770328656756,-16.870934084298526,-10.375048977433803
44,42,-27,-1.8855131675789953,179.00234052406327,-2.851542952314764,-5.815821800999178,-1.0023255564808848
45,1,-41,-28.15390595861728,152.60328716694278,-0.34587914583834284,-7.288412563195606,-7.18829638363982
45,2,-41,-5.678430040938101,116.32655574648807,-1.5161198076234854,-7.971200344611009,-7.091293336034616
45,3,-41,-3.121895084086103,101.32771913521925,-3.0725610309439877,-9.419566506884946,-7.810278034664441
45,4,-41,-2.147785012854574,94.82212461511342,-4.08820705358142,-11.924789078508685,-9.318388539508144
45,5,-41,-1.6357018389721385,95.58017042030082,-5.0328052083493775,-14.10794484741663,-10.139670698324965
45,6,-41,-1.3203022275850818,107.2002606387136,-5.94580198058239,-15.763240078859479,-10.381118468855826
45,7,-41,-1.1066362459461918,140.10135638282108,-6.832110227108112,-16.999405088807123,-10.15398492459591
45,8,-41,-0.952357881673475,177.78383029390875,-7.695130769070173,-17.868292516148845,-9.466551190059926
45,9,-41,-0.8357447440742325,190.28701811625123,-8.537345218958595,-18.393359506776747,-8.237030502105728
45,10,-41,-0.7445111132318527,198.46622752340724,-9.360634676418616,-18.568991017935,-6.26981417178305
45,11,-41,-0.6711876777932684,203.70962491509854,-10.166465098137756,-18.369069702823623,-3.1847333782889646
45,12,-40,-1.3910602578501878,210.31005945428603,-9.786362205345144,-25.444647256097493,-15.940925674407337
45,13,-40,-1.2533389797207688,212.93923640396335,-10.507484592808888,-25.050943193865688,-13.0897011679706
45,14,-40,-1.139623386176626,213.91981122303739,-11.211174583798186,-24.244344734426637,-8.8222390272338
45,15,-40,-1.0441870431377023,213.62672118015018,-11.897532778486058,-22.97280280504604,-2.3183196502077332
45,16,-39,-1.60663446519789,210.86170833418086,-11.378941917973474,-32.45501166210502,-21.049067281890753
45,17,-39,-1.4690935470043613,210.86224720639655,-11.981748784457752,-31.330784607492514,-16.507688108655177
45,18,-39,-1.3520318189065383,211.04789118450307,-12.564982378271825,-29.790632122800176,-9.747488901048735
45,19,-38,-1.8538156298703565,208.53985342110775,-12.043980743454911,-39.61581019255031,-29.01919451018324
45,20,-38,-1.7018249678609794,209.7793764185276,-12.549114092388784,-38.216375520016584,-24.50259866341277
45,21,-38,-1.5711514552265684,211.1146974499994,-13.031537205765177,-36.479507258085235,-17.979434231539884
45,22,-38,-1.4576469570746353,212.51760734946774,-13.490243915353348,-34.34610626469218,-7.953752642393257
45,23,-37,-1.8589354355656287,211.2083416399544,-12.903711954595504,-43.7965695695548,-31.45024860500968
45,24,-37,-1.7201418518104608,213.3563034192332,-13.282383376953758,-41.780993507285125,-25.18561665568439
45,25,-37,-1.5987254378179796,215.50567986595206,-13.632530129897898,-39.45919810534076,-15.703787157694288
45,26,-36,-1.9522492154490285,214.56759321448015,-13.020511553462294,-47.22757266377604,-36.2770346386022
45,27,-36,-1.8094728734639345,217.25235630843835,-13.28658328752808,-44.806787650747296,-30.093252537904192
45,28,-36,-1.683779547357302,219.86683634992684,-13.517409417136127,-42.16219811225196,-20.79769605902441
45,29,-36,-1.572256092915573,222.38148929608008,-13.710100763634907,-39.23540223703655,-4.992581733958234
45,30,-35,-1.8454708767708914,222.1910066564683,-12.997164258855275,-44.88817604664808,-31.85031247130757
45,31,-35,-1.7183173821324533,224.95784977732515,-13.088690422246405,-41.7542124516092,-22.045726695120628
45,32,-35,-1.6048076948435148,227.5112957925755,-13.130112040591117,-38.42830900998715,-4.264187932841748
45,33,-34,-1.8319018552444053,227.3086608135358,-12.339614247707422,-41.52935080530995,-29.704150879431626
45,34,-34,-1.7053025418812888,229.77477207780322,-12.25586585313216,-37.78258829425602,-17.8320639457458
45,35,-33,-1.908928521763637,229.09180477564598,-11.418548701973489,-39.54903969807232,-31.437101939212376
45,36,-33,-1.7700330742174861,231.08902856799935,-11.183322129927296,-35.224407744890094,-22.194910268858273
45,37,-33,-1.6447828298051155,232.38748445678905,-10.85356184435763,-30.678786963087692,-2.094522365333345
45,38,-32,-1.7930664189994272,230.47291470638322,-9.82769710166164,-30.875075620869374,-20.381089188440118
45,39,-31,-1.9282998808542575,227.42709111761442,-8.758475392429332,-30.23456291035301,-22.929454217868557
45,40,-31,-1.764407786332318,225.65858803350707,-8.030700388059367,-24.050092776256097,-12.948755076113631
45,41,-30,-1.8463202892088466,218.7536579433343,-6.675602308810387,-21.272699004340552,-13.293209714027888
45,42,-29,-1.8841584264556577,207.32372616562654,-5.081448805889961,-16.27471068207501,-9.071145683723424
45,43,-27,-2.058276616139028,182.3810916427849,-2.7993637750238087,-8.684550461577395,-4.41734991471409
46,1,-42,-28.677830478414535,158.1723807388928,-0.34579852146932777,-7.381401970954218,-7.281358104869554
46,2,-42,-5.759408016377854,120.468070170806,-1.5172436235665316,-8.067853886182956,-7.179959903904207
46,3,-42,-3.1646045173746757,104.8332489226357,-3.077334332974155,-9.515182750807623,-7.887736896539255
46,4,-42,-2.1766406292628226,97.94455114509863,-4.097206925812217,-12.028111494045717,-9.405088498797872
46,5,-42,-1.65745064546411,98.4160434077499,-5.046091675391464,-14.249154644098045,-10.252306108737947
46,6,-42,-1.3377390218542389,109.72267393317108,-5.963852310581204,-15.942858625645194,-10.518611599526176
46,7,-42,-1.121182143733427,142.046268178239,-6.855358074541743,-17.218819458581198,-10.315867476423088
46,8,-42,-0.9648326241130032,182.23343452431683,-7.723980188291194,-18.129828842206685,-9.656773860340117
46,9,-42,-0.8466636222022104,195.3707473826859,-8.57217987616497,-18.694069158500547,-8.463945750505601
46,10,-42,-0.754218940100241,203.96556665574315,-9.401824530251448,-18.917142081005945,-6.550743780477158
46,11,-42,-0.6799264401080867,209.62230361882678,-10.214371657603714,-18.76294132765374,-3.5572286595016678
46,12,-41,-1.4099411368525807,216.51532141762746,-9.835019911751415,-25.910806341499544,-16.38184299979253
46,13,-41,-1.2703593797469988,219.52300982550705,-10.564005254618094,-25.574439558101584,-13.625885243207644
46,14,-41,-1.1551162866068703,220.81014908875392,-11.27613379370206,-24.829803204275386,-9.513087834774225
46,15,-41,-1.0584046957665338,220.68342728701128,-11.971533001608908,-23.630803685039197,-3.2693350530449763
46,16,-40,-1.6302245754194755,217.82089767891202,-11.458734471513782,-33.178428609945755,-21.83166060028106
46,17,-40,-1.490732286763539,217.68368561664536,-12.0722832266172,-32.12960587822635,-17.47883005498294
46,18,-40,-1.3720216385366744,217.74367949129953,-12.667089169561875,-30.669334853925523,-11.067425770305267
46,19,-40,-1.2698176327908293,217.961066713778,-13.242686192248522,-28.711919457798448,-1.1718406336989309
46,20,-39,-1.729441445773877,216.08477390277022,-12.672639902541423,-39.27773887766892,-25.768192131679427
46,21,-39,-1.5967955097657798,217.3201041428398,-13.169755975326558,-37.6258105775994,-19.6227984123258
46,22,-39,-1.4815953904660968,218.63366297354216,-13.644379611626208,-35.59074729260393,-10.302284490625063
46,23,-38,-1.8926023175434374,217.07294143608425,-13.069131556498398,-45.18942262882251,-33.064834487058675
46,24,-38,-1.7515427004862931,219.14776915003722,-13.466509363085244,-43.26679469154094,-27.176398407757542
46,25,-38,-1.6281738371814962,221.23630167695654,-13.837062772450931,-41.04951581682154,-18.472877824866224
46,26,-38,-1.5193811368097814,223.31490651990308,-14.179172637354505,-38.46265895289056,-4.473009649137812
46,27,-37,-1.8468873952676574,222.71890151265933,-13.529750725322957,-46.74622352076902,-32.58524678648406
46,28,-37,-1.7190186159671021,225.31263138056423,-13.78720234322529,-44.20482172095383,-24.206515637184044
46,29,-37,-1.6056147478991347,227.82619258468358,-14.0093708477683,-41.38578564809614,-10.55401346128684
46,30,-36,-1.8893123144142203,227.46428698070565,-13.318304771729192,-47.372621993281804,-34.985937406622824
46,31,-36,-1.7598215251680198,230.27731807523375,-13.44576262347544,-44.36231714603945,-26.39788874453105
46,32,-36,-1.6443160684007696,232.91161711185288,-13.527694784793836,-41.169915363741275,-11.811157431257573
46,33,-35,-1.88284476972591,232.6245901984299,-12.768512704641168,-44.6851567811825,-33.752652336521436
46,34,-35,-1.7538820540716678,235.26773983160555,-12.736175534584243,-41.07891610776786,-24.06956080982207
46,35,-35,-1.6380653634705098,237.56230950575417,-12.64131786212185,-37.31997974204128,-5.443851530161963
46,36,-34,-1.8293860207563553,236.95309367920333,-11.773075048776315,-39.047720022015504,-28.084550753163807
46,37,-34,-1.7021163329207605,238.74030680723268,-11.525022108064059,-34.71563229882989,-14.297290570994427
46,38,-33,-1.8657351618436577,237.2600541457073,-10.57253807507426,-35.3999519402629,-26.754675711980422
46,39,-33,-1.7272563558919063,237.84980836379398,-10.12347721746647,-30.333411179576448,-14.303060212902095
46,40,-32,-1.8552879732855687,234.68905670699246,-9.022610312321753,-29.669203219247397,-21.255170342852324
46,41,-32,-1.7041336915693424,232.55975416081162,-8.274273542688974,-23.490520636509817,-5.5088377418664445
46,42,-31,-1.7829230651883479,225.36480814713283,-6.881812235291797,-20.69766971050908,-10.629359730674118
46,43,-30,-1.820857671742206,213.47195948178796,-5.242252808236657,-15.688927494429915,-7.473584558482602
46,44,-28,-1.988162821512853,187.80581305622567,-2.8897191350874896,-8.07815458662067,-3.3073286592343685
47,1,-43,-29.19546256116911,163.80763539965122,-0.34572105093148914,-7.473225700585407,-7.373230034515724
47,2,-43,-5.83931596558933,124.65770692969315,-1.5183123164461196,-8.163362506203942,-7.267547821123698
47,3,-43,-3.2067564429281057,108.37868567701871,-3.0818829340756326,-9.6099083115109,-7.964523735854563
47,4,-43,-2.2051223045295356,101.1022460513904,-4.105795192363015,-12.129358114999238,-9.490043246540797
47,5,-43,-1.6789188677025004,101.28575012874593,-5.058773285247719,-14.387781218079661,-10.36302000733043
47,6,-43,-1.3549515005095802,112.28426411782922,-5.981083096774534,-16.120176134064177,-10.653578563416245
47,7,-43,-1.1355412451682503,144.0554480796973,-6.877551900799969,-17.433548426427155,-10.474777121190938
47,8,-43,-0.9771473225039997,186.68743038773331,-7.751522278397832,-18.38321982312572,-9.841747329472557
47,9,-43,-0.8574424633727824,200.44070220119934,-8.605435538371022,-18.989114521134255,-8.684715985996803
47,10,-43,-0.763802234555194,209.53441311310624,-9.441145444913936,-19.252910632278812,-6.822310856170528
47,11,-43,-0.6885530196536214,215.5346810608673,-10.260100784882104,-19.14772647892306,-3.9144607854048057
47,12,-42,-1.428573651114005,222.74519382591853,-9.881366774119162,-26.366635135898438,-16.808928038596477
47,13,-42,-1.2871549526533992,226.0809491920767,-10.617820505679854,-26.0822321446758,-14.141989048607385
47,14,-42,-1.170403496539628,227.63932526139598,-11.337956301769784,-25.3995568092853,-10.172776263614514
47,15,-42,-1.0724324533273395,227.78135158030705,-12.041924996296624,-24.26904141011246,-4.170009967185332
47,16,-41,-1.6534835427381656,224.8917930722478,-11.534536883104899,-33.879387852270156,-22.58312951845403
47,17,-41,-1.5120643073379805,224.61516240456388,-12.158234459448577,-32.905667876963065,-18.404022877199875
47,18,-41,-1.3917249677958337,224.54769794286432,-12.763957054404514,-31.520579179709607,-12.27571850593383
47,19,-41,-1.28812816666222,224.64874962972894,-13.351295625431904,-29.655306435974822,-2.9209816737946417
47,20,-40,-1.7566365592884572,222.49873520109313,-12.789600356583986,-40.30752219839831,-26.971214166537838
47,21,-40,-1.6220416486653764,223.63164241636954,-13.300502694712808,-38.73535558760822,-21.1328773199625
47,22,-40,-1.5051651674721733,224.8529813475825,-13.790027091154386,-36.78522585296134,-12.406867289486698
47,23,-39,-1.9257138487905645,223.0422014009032,-13.22525267791757,-46.538866412807515,-34.57881364057892
47,24,-39,-1.7824128037767146,225.03984563944883,-13.640062564353586,-44.703308701041855,-29.0464209349994
47,25,-39,-1.6571108331600684,227.06257873186266,-14.0295741728266,-42.58372115695011,-21.003358762630373
47,26,-39,-1.5466390067353601,229.08750367470645,-14.392353299317652,-40.09795117651332,-8.311318865458858
47,27,-38,-1.8836061303706864,228.2728242273778,-13.757885665986706,-48.597868109877325,-34.85968482113962
47,28,-38,-1.75357638905036,230.83635477616608,-14.039812847278078,-46.15157137678804,-27.227712263323184
47,29,-38,-1.6382998376870799,233.33697499609056,-14.288945823783857,-43.45206238884433,-15.190881941946605
47,30,-37,-1.9322374813181151,232.79464579402315,-13.61763335560849,-49.771844217697236,-37.81073287084601
47,31,-37,-1.8004075391955583,235.6343814538383,-13.777614044106672,-46.8762387005604,-30.19579854097581
47,32,-37,-1.6828927125322177,238.32435473733398,-13.895944431396758,-43.79798853495792,-17.8752930108162
47,33,-36,-1.9325367904820625,237.92691430894868,-13.164392843281378,-47.730259413639025,-37.35551461468108
47,34,-36,-1.8011614978600652,240.7024650582322,-13.177467104635738,-44.253427363139195,-29.116890624293173
47,35,-36,-1.6833256341245826,243.18708536964434,-13.134728476212796,-40.632608534197864,-14.648890390405535
47,36,-35,-1.8868625634892238,242.62202667533953,-12.308666560980974,-42.70032611447804,-32.9461238939539
47,37,-35,-1.7573682332416134,244.77506988650302,-12.129732065912028,-38.5523635513811,-22.523082771203153
47,38,-34,-1.93547084660588,243.55732234520343,-11.236818409779426,-39.661838175163744,-31.909096794557367
47,39,-34,-1.7948909975120828,244.86525381457687,-10.886049171293687,-34.86713981584542,-23.03901810115472
47,40,-34,-1.6671308570646337,245.1918874704362,-10.421666842079167,-29.799585908472256,-2.4528463505187643
47,41,-33,-1.7887799074144248,241.91657026658143,-9.289014124542618,-29.11215559159275,-18.061499708493645
47,42,-32,-1.8922229685060652,236.9588150532986,-8.07623617804801,-27.398222907093572,-19.193890769415297
47,43,-32,-1.724798814428361,231.94777314332325,-7.089936477992368,-20.132065335082377,-4.499018172574143
47,44,-31,-1.7627570713302283,219.59569547949616,-5.404131042558297,-15.11321067555595,-3.619796242529893
47,45,-29,-1.9238420449360136,193.2107781247057,-2.980134091961956,-7.481735973961238,-2.1749890105560388
48,1,-44,-29.7069890459045,169.50828268389253,-0.34564656323899423,-7.563926719529713,-7.463957049605887
48,2,-44,-5.918194006870905,128.89491771161386,-1.5193298399588022,-8.257765910282732,-7.354095325181806
48,3,-44,-3.2483718609307908,111.96357958413218,-3.0862263374798333,-9.70376503787094,-8.04065203993127
48,4,-44,-2.2332441239658767,104.29478997220492,-4.113999471290396,-12.22880737838208,-9.573340219451362
48,5,-44,-1.7001170733366684,104.18875592573698,-5.070890424465726,-14.52405298224833,-10.470823924375761
48,6,-44,-1.3719481148263446,114.88389915931715,-5.997548900455416,-16.292242684289004,-10.78469049401584
48,7,-44,-1.1497205941940312,146.12552120121725,-6.898761765010321,-17.6451765339556,-10.63085405192829
48,8,-44,-0.9893080208265637,191.1433758272287,-7.777843888242874,-18.631482492365542,-10.022752133879429
48,9,-44,-0.8680865670125226,205.53265161666965,-8.637217146007147,-19.278804708158695,-8.899388491917103
48,10,-44,-0.7732657222350454,215.04957200634038,-9.478721801613887,-19.581912737348095,-7.085200231914004
48,11,-44,-0.697071688283917,221.42442425715268,-10.303797736048615,-19.523975739540262,-4.257641871060298
48,12,-43,-1.446967390752835,228.99592994428434,-9.925564249948636,-26.81277467652718,-17.223215510043712
48,13,-43,-1.3037344541478997,232.62284987742137,-10.669121117940298,-26.57811693021181,-14.639622724633966
48,14,-43,-1.1854931076621695,234.4738134170403,-11.396865615807135,-25.954669876723024,-10.803983805062847
48,15,-43,-1.0862778748484985,234.96723538707127,-12.10896891999724,-24.888926669694744,-5.02493247710178
48,16,-42,-1.6764250356663624,232.07272197260514,-11.60664456340978,-34.56253396083765,-23.306133649043208
48,17,-42,-1.5331024943792535,231.6550983305913,-12.239946840376845,-33.66060176037191,-19.287460103700838
48,18,-42,-1.4111540861578655,231.4584863108195,-12.855986124116782,-32.34641889814413,-13.419692312529993
48,19,-42,-1.3061808984607974,231.44135950936035,-13.454403432960943,-30.567865927598262,-4.561033078276399
48,20,-41,-1.783429453559287,229.0199036936885,-12.90051760286165,-41.291280485642034,-28.117719525595284
48,21,-41,-1.646908498693572,230.0482044079462,-13.424384191793948,-39.81028655606753,-22.560184732803293
48,22,-41,-1.5283746126414224,231.1747693035477,-13.927891731086946,-37.93874068443994,-14.37410932647032
48,23,-41,-1.4245286280548555,232.37389482438712,-14.410217662214613,-35.60254371572367,-1.602526813676031
48,24,-40,-1.8127797745652594,231.03241782654652,-13.803966991804417,-46.09451060689322,-30.808915016036153
48,25,-40,-1.685564302996093,232.98507489635895,-14.211146104534759,-44.06200269474815,-23.32398713125561
48,26,-40,-1.5734286294904387,234.95111985341438,-14.59312730586358,-41.672118989790306,-11.775455487204688
48,27,-39,-1.9196705256752389,233.91643377247922,-13.972428074008649,-50.374948971267465,-37.0007685608887
48,28,-39,-1.7874961380443306,236.44183226643304,-14.276949858054088,-48.0302223347843,-29.979764069277355
48,29,-39,-1.6703572438585712,238.91964408149968,-14.550867099830581,-45.44200906928524,-19.20958808651011
48,30,-39,-1.5658197344750069,241.32552109860504,-14.791965808051614,-42.57140054744203,-0.905549937432415
48,31,-38,-1.8401471262816336,241.04086167942938,-14.08710023717174,-49.28091919136773,-33.5362873208776
48,32,-38,-1.7206175306039262,243.76628889086908,-14.23836726608408,-46.30345744190549,-22.927273080846085
48,33,-38,-1.6134080169306355,246.33290316927202,-14.347825097412084,-43.125639578587325,-3.9648984764642976
48,34,-37,-1.8472758970800522,246.11235943425302,-13.584992893692492,-47.30346327832773,-33.389123509572904
48,35,-37,-1.7273704625834903,248.74095008941242,-13.588270239852095,-43.80901364727849,-21.659309399396356
48,36,-36,-1.9427110719704896,248.16553507155695,-12.79855447165406,-46.20527293812782,-37.1862849328483
48,37,-36,-1.8108581739516723,250.59637350924947,-12.679132738612823,-42.21996169837912,-28.68730837865753
48,38,-36,-1.6918406041137026,252.55908336557718,-12.48859106832228,-38.06296714103247,-12.75880225197861
48,39,-35,-1.8597598728745255,251.36195889616965,-11.566337357360656,-39.14017900791949,-29.292341330742815
48,40,-35,-1.7302965015610487,252.4341835948278,-11.20185855885948,-34.3414018677976,-16.26866092143466
48,41,-34,-1.868270494930004,249.9625002108159,-10.164642049868485,-34.245923458337465,-25.346069492489804
48,42,-34,-1.7279245873671722,249.11114328415164,-9.557723665842884,-28.56325129431471,-11.665202296321526
48,43,-33,-1.826656461296866,243.95655247861987,-8.312115583803651,-26.8312978827874,-17.339662392947353
48,44,-32,-1.8991622928237806,236.1255638930068,-6.926727298504271,-23.714417497063106,-15.352918649247513
48,45,-31,-1.928535229501032,223.4593050493684,-5.284779829302927,-18.34333952394967,-10.691996412211493
48,46,-30,-1.8646102698013225,198.59701330333777,-3.070610224114363,-6.894963469765694,-0.8053988923196345
49,1,-45,-30.212588754407555,175.2735803323559,-0.3455748984055393,-7.6535454124583335,-7.553581261535127
49,2,-45,-5.996079859840542,133.1791726105897,-1.5202997789001969,-8.35110156656503,-7.439638461899259
49,3,-45,-3.2894704967026955,115.58749592214168,-3.0903781345121137,-9.796774091292239,-8.116135158379803
49,4,-45,-2.2610193135001833,107.52177938361534,-4.1218449627239515,-12.326541155343124,-9.655060473452979
49,5,-45,-1.7210551831900265,107.12455567286473,-5.082479962124596,-14.657029750996731,-10.57685824199686
49,6,-45,-1.3887367972631877,117.52053917150117,-6.0132995460946645,-16.462235701999955,-10.913969035170819
49,7,-45,-1.1637268009305455,148.25344773926682,-6.919051654874344,-17.850132525473125,-10.78168456366187
49,8,-45,-1.001320389408794,195.57185660032297,-7.8030243445531005,-18.875834425524364,-10.200022213944344
49,9,-45,-0.8786009034322264,210.6073829656743,-8.667620544947974,-19.56136416345986,-9.106991943187767
49,10,-45,-0.7826138336798079,220.60828800076982,-9.514667182366088,-19.90452839003988,-7.340027627417485
49,11,-45,-0.7054864493135415,227.38564470945929,-10.34559511531896,-19.89219089198894,-4.587855391725625
49,12,-45,-0.642159480386195,231.80781264610167,-11.161550460726028,-19.472703771455627,-0.31114968757049954
49,13,-44,-1.3201060771285935,239.2528791291098,-10.718080233558563,-27.062844823397217,-15.120221295562832
49,14,-44,-1.2003926831839347,241.4022106775242,-11.45306433374663,-26.49610340340094,-11.409085823695863
49,15,-44,-1.099948016400541,241.9919808068157,-12.172900248376587,-25.491729148937896,-5.838149619442741
49,16,-43,-1.6990617856475843,239.36206387041972,-11.67532411853861,-35.22906873188915,-24.0030256871274
49,17,-43,-1.5538588266603708,238.80195269688457,-12.317730565466368,-34.39263754644836,-20.13283111725462
49,18,-43,-1.4303203829020978,238.4746057020371,-12.943536011057528,-33.14869164906763,-14.505838829921682
49,19,-43,-1.3239867642074825,238.33758488367982,-13.552425547213291,-31.451917281305207,-6.102865093294323
49,20,-42,-1.8098377918038375,235.64690776974737,-13.005858530790436,-42.245538722580996,-29.212990073768403
49,21,-42,-1.6714131833907189,236.56862768611813,-13.541941471970398,-40.83870358820681,-23.912921354488844
49,22,-42,-1.5512405026571698,237.59812841110576,-14.058600299273946,-39.054551133519716,-16.21253762023029
49,23,-42,-1.4459713382977972,238.70957717586685,-14.55509681234261,-36.821728974918436,-4.327995968015144
49,24,-41,-1.8426686766519833,237.12512062959757,-13.959037563181592,-47.428368411816706,-32.45770455304448
49,25,-41,-1.7135593943152498,239.00398348667161,-14.38272818916489,-45.476822383317284,-25.424842737768255
49,26,-41,-1.599775540709727,240.90665595741783,-14.782604447079267,-43.19038418501582,-14.800471874205956
49,27,-40,-1.9551174871399164,239.651298981631,-14.174628932890938,-52.09611504804634,-39.02333915665511
49,28,-40,-1.8208160387211436,242.1318472650525,-14.50008816606774,-49.84654339813035,-32.50517455512715
49,29,-40,-1.7018270215023312,244.57855434746543,-14.79688301041163,-47.362340819649496,-22.800141116743255
49,30,-40,-1.5956727832797961,246.9686780776531,-15.063068811231744,-44.5915559390357,-6.738809972493426
49,31,-39,-1.8791013950466684,246.5057099180893,-14.376624326522728,-51.58410139501545,-36.58793707897331
49,32,-39,-1.7575575454246233,249.25012966054032,-14.557880163471697,-48.719614637540694,-27.185895952312023
49,33,-39,-1.6486010811596428,251.86061118042662,-14.700683848209275,-45.66340966696614,-11.297424121689158
49,34,-38,-1.8923341432052903,251.5222162489069,-13.963002155726334,-50.22877545748515,-37.163203596480244
49,35,-38,-1.7703270174482304,254.25898555263365,-14.007306121018617,-46.855064213418906,-27.282480998785516
49,36,-38,-1.660369416660064,256.7410955983945,-14.001012978631517,-43.33136671305755,-9.259633916322887
49,37,-37,-1.8628207002224504,256.27684497171936,-13.181865247937923,-45.74118318059127,-33.74247585172519
49,38,-37,-1.7417937152709717,258.53248575735444,-13.051666968299333,-41.74477894734833,-21.665531069938705
49,39,-36,-1.9223615592766952,257.5069899944404,-12.17994307807106,-43.20012560108344,-34.40073910017565
49,40,-36,-1.790849597529844,259.12940641673885,-11.898035230861167,-38.62481714881074,-24.83918324913837
49,41,-36,-1.6711441680165002,259.9682671165875,-11.520019827893629,-33.822650788998466,-3.36948674776736
49,42,-35,-1.8021483101155118,257.42867980494395,-10.452892594571741,-33.70223118185718,-22.023792145197465
49,43,-34,-1.9202548649242903,253.6430769466175,-9.335255346643596,-32.737212513391256,-24.285600465443032
49,44,-34,-1.7665297502660087,250.92381532118821,-8.550108595689744,-26.27282673966826,-13.358789053950435
49,45,-33,-1.8364703441833163,242.7872656061294,-7.1284187517299635,-23.142669300837415,-13.84305367880753
49,46,-32,-1.8663156956360605,229.6449446224599,-5.4411995379281475,-17.761762067922223,-9.362319109028892
49,47,-30,-2.021328871644416,202.0129381246069,-3.0169908847824303,-9.728961213560112,-4.484456834635558
50,1,-46,-30.712432905868578,181.1028108328766,-0.345505906734284,-7.742119793690847,-7.642142249478568
50,2,-46,-6.073009038958558,137.50995911365973,-1.5212253911746316,-8.443404877676143,-7.524211255872063
50,3,-46,-3.3300709058583347,119.25001422330614,-3.0943449776983587,-9.888955954007212,-8.19098626061966
50,4,-46,-2.288460311177197,110.78282555924213,-4.129354707936029,-12.422543750942593,-9.735279235919528
50,5,-46,-1.7417425253837067,110.0926710492677,-5.093575624649416,-14.787994877708115,-10.680638727768239
50,6,-46,-1.4053250050962194,120.19322590391727,-6.0283806243291345,-16.62789917493478,-11.039802192193745
50,7,-46,-1.1775660783536197,150.43648072416235,-6.938480130099666,-18.052181775062156,-10.930031960105374
50,8,-46,-1.0131897567078814,200.00571964395567,-7.827136248628738,-19.114849915245454,-10.373770864572837
50,9,-46,-0.888990142015984,215.70401582318308,-8.696733450555062,-19.83616052335238,-9.309544979204022
50,10,-46,-0.7918507298177855,226.1689979168071,-9.549085517478662,-20.221105500523823,-7.5873482594172525
50,11,-46,-0.7138010609435326,233.27983780616748,-10.385614225018028,-20.25283036863751,-4.90607283158928
50,12,-46,-0.6497194380666576,237.99633045431366,-11.207459915918873,-19.88070806112795,-0.7521849646720914
50,13,-45,-1.3362775021024504,245.76727283143745,-10.764855368087126,-27.537097211102175,-15.585067957878437
50,14,-45,-1.2151093062308311,248.19832414710075,-11.506736553414282,-27.024727582211117,-11.990195358020175
50,15,-45,-1.1134494783396798,249.11192154624024,-12.23393266647193,-26.07859495845771,-6.613244105323845
50,16,-44,-1.7214056775553344,246.51534736638558,-11.740816819791172,-35.88007573663012,-24.67589460134184
50,17,-44,-1.5743444666798014,246.05422543253894,-12.391865866180542,-35.09761034483755,-20.943394433536827
50,18,-44,-1.4492344494530225,245.59464351390184,-13.02693096907026,-33.92904717462992,-15.539402020396311
50,19,-44,-1.3415559096795637,245.33612256375878,-13.645736151076346,-32.30953715259495,-7.5138859776902445
50,20,-43,-1.8358779209251754,242.37837398503413,-13.106042063106768,-43.17432418787155,-30.261654148946644
50,21,-43,-1.695571499435843,243.19171560179294,-13.653658649126458,-41.83743223683377,-25.19823258709717
50,22,-43,-1.5737782575245491,244.12208473574515,-14.182711948456769,-40.13555377471312,-17.875147975235596
50,23,-43,-1.467101135765187,245.1434639687808,-14.692537541802034,-37.99988292757847,-6.7377541661014355
50,24,-42,-1.8721023718467886,243.31739996707972,-14.105996354144303,-48.71263726285595,-34.003086019036765
50,25,-42,-1.7411189196043475,245.119213101827,-14.545158332463119,-46.84674260128653,-27.400013134813392
50,26,-42,-1.6257027606945127,246.95460370361778,-14.961759317028834,-44.657337552102184,-17.57270013870406
50,27,-42,-1.523255496761223,248.8030717858557,-15.354640145823499,-42.100857043532535,-1.8436753569904794
50,28,-41,-1.853570053313545,247.9083821868683,-14.710509363826793,-51.60558246763819,-34.809201647189596
50,29,-41,-1.732744477038572,250.31694831028088,-15.028502630900178,-49.21890139210197,-25.924920349076913
50,30,-41,-1.624982465455617,252.6826757716859,-15.317843131569196,-46.53709135866381,-11.794370143691145
50,31,-40,-1.9173231040739034,252.0357275926742,-14.6482289770434,-53.81338850582565,-39.36209348035906
50,32,-40,-1.7937698292381332,254.78557795203548,-14.856937753148168,-51.05444790902363,-30.931844578662776
50,33,-40,-1.6830640112411124,257.4228682293856,-15.030096027130133,-48.111437002897254,-17.282512258540038
50,34,-39,-1.93642591939703,256.9507021307657,-14.314986705672569,-53.038554663511164,-40.621940189923556
50,35,-39,-1.8122978172649105,259.76733194983353,-14.396173504256664,-49.7804148563564,-31.991213891411206
50,36,-39,-1.7005210731382556,262.36768975258246,-14.431427310085644,-46.37379291557905,-17.411661386577432
50,37,-38,-1.9134345461885323,261.86847828137604,-13.64464089353828,-49.133477419175044,-38.095997075801336
50,38,-38,-1.7903105753679192,264.3499473132054,-13.567114912074848,-45.28150731150573,-28.309149626862073
50,39,-38,-1.6787476006548592,266.4315754373249,-13.42634126972161,-41.2748075274348,-9.340842357234543
50,40,-37,-1.849262007359758,265.45028252121637,-12.526163348874361,-42.69699833735132,-31.18887340742812
50,41,-37,-1.7278481397688121,266.860988688123,-12.231970957215085,-38.11571850370314,-16.9087044758579
50,42,-36,-1.8727822180541231,264.8685847461016,-11.241207454645828,-38.489954590492054,-28.857166557346044
50,43,-36,-1.7415364406925615,264.8613960030266,-10.743425980863904,-33.16581212664531,-15.667404226781674
50,44,-35,-1.8539422135895796,260.9424228754134,-9.59571573105136,-32.180779168433446,-22.555147931528488
50,45,-35,-1.7111755069283319,257.8619980265503,-8.790229412455384,-25.722607601400437,-4.812371853967022
50,46,-34,-1.778797461754818,249.42180361030964,-7.331810325631023,-22.579715673197537,-10.618814625833727
50,47,-33,-1.8090136009419482,235.8069309032139,-5.59843966588298,-17.18965539664466,-7.345719311881901
50,48,-31,-1.9584493835750394,207.43928398515553,-3.1045104838708233,-9.132760511464921,-3.341950518520028
51,1,-47,-31.206685509587516,186.99528007289203,-0.345439448132929,-7.829685697676443,-7.729677269061502
51,2,-47,-6.1490150276060636,141.8867811651126,-1.5221096441957251,-8.53470933612954,-7.607845864413701
51,3,-47,-3.370190568612985,122.95072750041163,-3.0981384139727886,-9.980330441162787,-8.265218303115427
51,4,-47,-2.315578831195707,114.07755362735571,-4.136549815783576,-12.516899328978592,-9.814066401909562
51,5,-47,-1.7621878837686404,113.09264814490245,-5.104208323693714,-14.916594317335997,-10.782465212181322
51,6,-47,-1.421719759433112,122.90107368787298,-6.042833932206867,-16.791154630953933,-11.16345100933365
51,7,-47,-1.191244275063629,152.67213005538085,-6.957100885744238,-18.251238031035324,-11.076019530789955
51,8,-47,-1.0249211376754168,204.4445495713427,-7.850246173937652,-19.347492864508407,-10.5422350181069
51,9,-47,-0.8992586763523229,220.79049035720973,-8.724636291664794,-20.10645358139505,-9.507358829468703
51,10,-47,-0.800980324656666,231.71424359980173,-9.582072089700574,-20.531963353384377,-7.827664193834998
51,11,-47,-0.7220190570834111,239.21036707058846,-10.423966246011076,-20.60166331341991,-5.213167820237573
51,12,-47,-0.6571914887353301,244.257156419754,-11.251453104835967,-20.27974546430207,-1.1747260459682412
51,13,-46,-1.352255941807911,252.3429726646217,-10.809590144816438,-28.0014940794959,-16.035313757037535
51,14,-46,-1.2296496225218254,255.05667107936213,-11.55804995364987,-27.541332542024495,-12.549198251644876
51,15,-46,-1.1267884467930318,256.32043227595966,-12.292260558169097,-26.650561541761014,-7.3533984555356415
51,16,-45,-1.7434678288503886,253.72115505115354,-11.803341577574438,-36.51653496314419,-25.326601748219215
51,17,-45,-1.594569839458255,253.41045822489016,-12.462606593154701,-35.78526371317783,-21.722038626140918
51,18,-45,-1.4679061591698122,252.817216898642,-13.106464193630872,-34.688971234428834,-16.525007887980312
51,19,-45,-1.358897772568861,252.43568405892594,-13.734672894575153,-33.142590921419625,-8.835915716011673
51,20,-44,-1.861565012764048,249.21293690139896,-13.201445297549775,-44.07939106542209,-31.2677845327347
51,21,-44,-1.7193980657486339,249.91625284587525,-13.759970424334153,-42.80859808223446,-26.42237203002958
51,22,-44,-1.59600210066785,250.7456118226292,-14.300727363490699,-41.18433267620796,-19.44640964936088
51,23,-44,-1.4879319908069775,251.6747638121693,-14.823116509766306,-39.14015591975827,-8.99214628622725
51,24,-43,-1.9011018049869999,249.6085596899517,-14.245485932335013,-49.96041367625558,-35.47594166066803
51,25,-43,-1.7682636762551613,251.33045354784437,-14.699179346144652,-48.17519889569429,-29.262554262135463
51,26,-43,-1.651231160061287,253.09513704987995,-15.131452209111718,-46.07703530539279,-20.11620281058389
51,27,-43,-1.5473658482558865,254.88247407936504,-15.541263924256354,-43.62395618976117,-5.780315936659531
51,28,-42,-1.8857886171761677,253.77279940941796,-14.909334124493961,-53.31178402405427,-36.980879621786094
51,29,-42,-1.7631409933533704,256.137209548445,-15.247037638389216,-51.0032527891479,-28.80953137725119
51,30,-42,-1.6537815557522348,258.4712009182691,-15.557831637525053,-48.41442654869959,-16.030946310184305
51,31,-41,-1.9548583141786313,257.63608470946866,-14.90366578071035,-55.97477078123788,-41.970859462569365
51,32,-41,-1.829303612860658,260.3800743366224,-15.13762651090907,-53.314834693671166,-34.31064004128786
51,33,-41,-1.7168502599582296,263.03010202074927,-15.338567420950875,-50.447203326647525,-22.34553354287648
51,34,-41,-1.6155253411396382,265.55959429920824,-15.503862348526471,-47.3562869455967,-1.272635673713524
51,35,-40,-1.8533672540345982,265.2857607860909,-14.758435811061318,-52.594500689965706,-36.10175370545712
51,36,-40,-1.7397501055454894,267.9751317944811,-14.831028079486076,-49.30160593285376,-23.89759710670957
51,37,-40,-1.6368984215147437,270.43940420076433,-14.857445735921113,-45.84456493270166,-0.8740283781263167
51,38,-39,-1.8375603113537369,270.06565082820015,-14.041785290808278,-48.69037236666529,-33.701390209472194
51,39,-39,-1.7241914315290772,272.38592812736454,-13.954379312831689,-44.82631870018887,-19.29823857830774
51,40,-38,-1.905863874981874,271.5125956691934,-13.097865104004565,-46.59072189179775,-36.35048053448644
51,41,-38,-1.7825274051735294,273.3571026021467,-12.87450514744335,-42.19940807752115,-25.746816016399347
51,42,-38,-1.6700135127849731,274.5580031234979,-12.568200726155357,-37.612837853408855,-2.1919559627406406
51,43,-37,-1.807654267327944,272.5335252978015,-11.548923874645622,-37.9607414169274,-25.169610013561442
51,44,-37,-1.6857588467362392,272.262002725125,-11.036283077674787,-32.63655253095885,-3.0233714752490095
51,45,-36,-1.7930634991874002,268.21010587366754,-9.858345243088552,-31.631901874227108,-19.1517596252942
51,46,-35,-1.883036847446254,262.2990438745287,-8.591317826338196,-29.589154822899506,-20.176286427387122
51,47,-35,-1.7255470039502225,256.0304786025143,-7.536882861818104,-22.025312157296984,-3.205428938334552
51,48,-34,-1.7560505459918034,241.94646101033797,-5.756443254927593,-16.62670373933996,-2.2660925038038897
51,49,-32,-1.9003735982498497,212.84757663307448,-3.192072108471751,-8.546161251919136,-2.178513537236443
52,1,-48,-31.69550373646764,192.95031609267951,-0.3453753914603099,-7.916276950241811,-7.81622143941629
52,2,-48,-6.224129435040286,146.3091583001146,-1.522955246532131,-8.625046665090897,-7.690572716884794
52,3,-48,-3.4098459745709246,126.68924153157072,-3.1017749090768647,-10.070916715694379,-8.33884400450757
52,4,-48,-2.3423859214142424,117.40560171371703,-4.143449661220164,-12.60976667889136,-9.891486981391099
52,5,-48,-1.7823995413816207,116.12405535027784,-5.114406443806517,-15.042694098416955,-10.8825312817388
52,6,-48,-1.4379276801929013,125.64326160699096,-6.056697859631787,-16.951192524013898,-11.285125464101112
52,7,-48,-1.2047669046428813,154.95813175549932,-6.97496324686035,-18.44447109819692,-11.218313492537986
52,8,-48,-1.0365192591478523,208.86083135057308,-7.872415278687581,-19.576825884736017,-10.706983078777661
52,9,-48,-0.9094106467066667,225.88884451410865,-8.751402951606309,-20.372463023761906,-9.70071700272553
52,10,-48,-0.8100063055490685,237.32117787505427,-9.613714415507648,-20.834966270817535,-8.061430648907033
52,11,-48,-0.7301437659195615,245.20760660613047,-10.460753272981096,-20.94338697597086,-5.509928186683446
52,12,-48,-0.6645786698100535,250.55322152414186,-11.293647703901977,-20.66717867448757,-1.580175782345627
52,13,-47,-1.3680481808543792,258.995346483007,-10.852415801736793,-28.456601013145136,-16.471994287368002
52,14,-47,-1.2440198781554446,262.0013571516263,-11.607157598375515,-28.04663759076833,-13.08489284862989
52,15,-47,-1.1399707302486484,263.35307782900213,-12.348061158380522,-27.20857047421318,-8.053228930137923
52,16,-47,-1.0514708393247034,263.57633208732614,-13.075279792495996,-25.887156181760243,-0.4574116238819574
52,17,-46,-1.614544701425513,260.86923493985444,-12.530183290447642,-36.45671009825589,-22.471333251155677
52,18,-46,-1.4863447366906977,260.14097509142323,-13.182401513438428,-35.42658460991031,-17.466752171065583
52,19,-46,-1.3760211534147502,259.63500031209776,-13.819541332989504,-33.9527593340593,-10.089984455082732
52,20,-45,-1.886913185403257,256.1492463927379,-13.292408708618213,-44.962318481932876,-32.23436397269192
52,21,-45,-1.7429064505086584,256.74101733560485,-13.861268386736716,-43.75410930225527,-27.582820827288902
52,22,-45,-1.6179251941271038,257.46764849519866,-14.413096422634577,-42.20320143148982,-20.934973943097113
52,23,-45,-1.5084767877502516,258.3026154156306,-14.947350379453793,-40.24536128171215,-11.106824226860095
52,24,-44,-1.9296862403640835,255.997797885686,-14.378080384332222,-51.17430099177533,-36.88300677225454
52,25,-44,-1.7950127091197703,257.6372268423324,-14.845452585045285,-49.46525022234623,-30.98746479499223
52,26,-44,-1.6763797561545737,259.32818273336386,-15.292446108411118,-47.45307780292388,-22.398755175023506
52,27,-44,-1.5711093917755323,261.0508016337989,-15.71812327737411,-45.09729219043815,-9.172908128965704
52,28,-43,-1.9174991812645676,259.7259785512317,-15.097547951528623,-54.94146273568581,-39.034143676258786
52,29,-43,-1.793044671923904,262.04105297982477,-15.453635304285028,-52.717103077354224,-31.428215291964218
52,30,-43,-1.6820991635291325,264.33702585320907,-15.784375613474582,-50.229178437836694,-19.90043900326008
52,31,-43,-1.5825815971208819,266.59428806114613,-16.088223188801162,-47.45275809550231,-0.6366900065355162
52,32,-42,-1.86420183955358,266.0393384307137,-15.401735708682176,-55.46930732822986,-37.33230756464707
52,33,-42,-1.750005898776256,268.6903733395904,-15.62822795031632,-52.70149501336195,-26.776180296603915
52,34,-42,-1.647151933106497,271.2396334993204,-15.82163063992807,-49.72460856752633,-8.757907590293653
52,35,-41,-1.8936060339650918,270.82940450142866,-15.097060077805752,-55.30366262594895,-39.74707871977564
52,36,-41,-1.7781360944642097,273.58426789230043,-15.203450180161223,-52.115144737892045,-29.27114032084819
52,37,-41,-1.6736787123209442,276.14640846260875,-15.267658357697055,-48.77239228807446,-10.671792652537563
52,38,-40,-1.8836757871779137,275.71944853150876,-14.481117591326957,-51.9850174793155,-38.293748282884565
52,39,-40,-1.7684421282734926,278.2258451954308,-14.440824172218447,-48.25104255927529,-26.683551663992343
52,40,-40,-1.6636434673161808,280.38587712137064,-14.343730574462063,-44.37567253361347,-3.462316596189432
52,41,-39,-1.8354952371008446,279.5763453116495,-13.459498542103008,-46.10616480469624,-32.354642046572216
52,42,-39,-1.7213484166426554,281.22864967871834,-13.225028902191143,-41.70735527333052,-16.25220484429568
52,43,-38,-1.8711033161496609,279.58622483317816,-12.268811104781202,-42.48397681010475,-31.82143563741845
52,44,-38,-1.747829957326229,280.16493036673484,-11.858884480010623,-37.438017887469414,-18.321616536970684
52,45,-37,-1.870006560816746,277.0619741428934,-10.780653731986245,-37.03490418073522,-27.016687646147147
52,46,-37,-1.7369614597689569,275.4474403718194,-10.12317143503462,-31.090442828480327,-12.200992137102313
52,47,-36,-1.823251961279631,269.3247682509625,-8.824372623143223,-29.03265774155134,-18.154740414545437
52,48,-35,-1.885127316985497,260.24556502851414,-7.371867655084012,-25.571291686604674,-15.982082928565776
52,49,-34,-1.9076549351147492,245.84704487436628,-5.634543100865646,-19.823773733732036,-10.979867608641314
52,50,-33,-1.846557223162153,218.23871701622707,-3.2796824321405396,-7.968816858955758,-0.21326188098399915
53,1,-49,-32.1790382701205,198.96726792982577,-0.3453136139081277,-8.001925522924529,-7.901807911298823
53,2,-49,-6.298382138228759,150.77662484121404,-1.5237646755072305,-8.714446946139292,-7.772420641052013
53,3,-49,-3.4490526991410353,130.46517419777024,-3.105264012134722,-10.160733305200475,-8.411875827159141
53,4,-49,-2.368892015120621,120.76662016015767,-4.150072059818341,-12.701192760013079,-9.967601503439013
53,5,-49,-1.8023853195368438,119.18648148962177,-5.124196095523884,-15.167160905372455,-10.980564868542073
53,6,-49,-1.453955017551137,128.4190267008409,-6.070007729523395,-17.108223304236688,-11.403591243754708
53,7,-49,-1.218139172027802,157.29242157885056,-6.992112604013399,-18.635356953151547,-11.357461637225411
53,8,-49,-1.0479885826369624,213.27421741129265,-7.893699845219166,-19.802995823258918,-10.868775202612731
53,9,-49,-0.9194499601737198,230.9938092398188,-8.777101420611368,-20.634391782493207,-9.889878393454675
53,10,-49,-0.818932151345444,242.86612285429305,-9.644093020725087,-21.130136043397858,-8.288867199221494
53,11,-49,-0.7381783265252118,251.11045624308835,-10.496069224998674,-21.278696178516483,-5.79706627901278
53,12,-49,-0.6718838451008105,256.7634918162694,-11.334151931572139,-21.045434191753575,-1.9697966962648046
53,13,-48,-1.383660611057296,265.51232156470024,-10.893452505373146,-28.89586336591127,-16.896043925889412
53,14,-48,-1.2582259531923532,268.8191935515398,-11.654199506070285,-28.534850109955713,-13.601710972203577
53,15,-48,-1.15300179196045,270.47321234977125,-12.40149642064013,-27.753478492065558,-8.720130954714984
53,16,-48,-1.06350623841716,270.84921104189516,-13.135509686893537,-26.496044767828725,-1.4003917398722603
53,17,-47,-1.6342782009341141,268.42918151541136,-12.594805843978813,-37.1129583724679,-23.19357162723568
53,18,-47,-1.5045588185205363,267.56460087244045,-13.254984559324505,-36.13929856525477,-18.3665827443133
53,19,-47,-1.3929342772059954,266.93282513540777,-13.900618721219038,-34.741561195872926,-11.28202619430019
53,20,-47,-1.2959072979864894,266.49458603238463,-14.531474057310986,-32.81904318694844,-0.6466388951350321
53,21,-46,-1.7661092801212543,263.66478927379603,-13.95790635217501,-44.675684556014296,-28.68137880530946
53,22,-46,-1.6395597536082485,264.2871126580583,-14.520224653801408,-43.19423850388064,-22.348436370483178
53,23,-46,-1.5287474482701597,265.0261074754814,-15.065703658979281,-41.318020173770016,-13.003097156677603
53,24,-45,-1.9578734596615854,262.48423509364665,-14.504294500693344,-52.356633221118365,-38.23018665879186
53,25,-45,-1.8213835280909474,264.0389269249758,-14.984569224490969,-50.719631214352276,-32.6044207787241
53,26,-45,-1.7011659560074164,265.65347511255965,-15.44542063111782,-48.788674344906056,-24.545809209783872
53,27,-45,-1.594503598242696,267.3082109867984,-15.886000852009479,-46.524637049758944,-12.303816214445252
53,28,-44,-1.9487266464655857,265.76842167806745,-15.276021938186823,-56.51723441011491,-40.956802137495146
53,29,-44,-1.8224808399258587,268.0296696268613,-15.649304805354099,-54.37928498109965,-33.824286789625035
53,30,-44,-1.7099613349593112,270.2822076610518,-15.998648470072903,-51.986291405416075,-23.241387738788294
53,31,-44,-1.6090539991295185,272.50731491533685,-16.322672969274493,-49.31428833474515,-6.146312193492525
53,32,-43,-1.8985023333526225,271.76776429759155,-15.650811812948202,-57.55250003729224,-40.123662895558745
53,33,-43,-1.7825710825084795,274.4099357140663,-15.900904195457276,-54.88402122807089,-30.56149435551196
53,34,-43,-1.6781905617149107,276.96681197897806,-16.12015299911608,-52.013908693223456,-15.045129465502857
53,35,-42,-1.9330742944487205,276.4099517382016,-15.41454549787365,-57.91778820554375,-43.066798765700646
53,36,-42,-1.8157456771487124,279.2111251444688,-15.551719613766926,-54.8345822368436,-33.88107940163449
53,37,-42,-1.7096684132475328,281.8468768788935,-15.650125140088937,-51.60364901810906,-18.41606270838185
53,38,-41,-1.9287639976897177,281.3412271388606,-14.889512964945338,-55.176540626936394,-42.38481412875529
53,39,-41,-1.811625624411435,283.99286221363434,-14.891223561391412,-51.5624383033763,-32.61115127736414
53,40,-41,-1.7052063159995838,286.3500345526251,-14.841832826685831,-47.8155810628114,-14.94650434778205
53,41,-40,-1.886981647249274,285.6024237556952,-13.995906030129174,-49.859811927240294,-37.68013528672722
53,42,-40,-1.7710628187009545,287.60444110288773,-13.823202503619376,-45.62646722339326,-25.58341833622414
53,43,-39,-1.93236772360502,286.2081139051337,-12.919358785873369,-46.78513585313809,-37.250443117264375
53,44,-39,-1.807366243728994,287.42008839130824,-12.594150747668312,-41.96996792009901,-27.49468921096507
53,45,-39,-1.6926738895187612,287.7640479665631,-12.171134513767232,-36.9217143302405,-5.019846916775981
53,46,-38,-1.8091880838266623,284.57424888744873,-11.064604420506502,-36.49729659652688,-23.64934073748422
53,47,-37,-1.9130903732194455,280.01897494733976,-9.900541975709574,-35.22056200854661,-25.58659993178677
53,48,-37,-1.7680472227394475,276.32243425913924,-9.05938778164852,-28.483850533424295,-13.703072696023884
53,49,-36,-1.828038638294619,266.92609797886826,-7.570856258004162,-25.011605139490527,-14.315312435685216
53,50,-35,-1.8512336344855078,252.04340776450232,-5.787252228613956,-19.255831353555237,-9.618890087444392
53,51,-33,-1.9898761147795732,221.6867622302588,-3.2253645053162585,-10.77136533606025,-4.507963515079037
54,1,-50,-32.65743363846986,205.0455045465021,-0.3452540004194949,-8.086661672388072,-7.986468018555827
54,2,-50,-6.371801410294681,155.2887291519389,-1.524540201343381,-8.80293873545571,-7.853416977907147
54,3,-50,-3.487825472565967,134.27815486820526,-3.1086145124002744,-10.249798120199117,-8.484325963914932
54,4,-50,-2.3951069777490708,124.16027081030113,-4.156433421619399,-12.791105013994162,-10.042466382537334
54,5,-50,-1.8221526130774892,122.27953416361291,-5.133601338638547,-15.288933447040655,-11.07718837956781
54,6,-50,-1.4698076802783473,131.2276580438954,-6.0827960980308715,-17.26331951175729,-11.520658052595419
54,7,-50,-1.2313659972601574,159.6731122705735,-7.008590797755713,-18.82376789798352,-11.494606551660558
54,8,-50,-1.059333324840296,217.69122794473643,-7.91415175621505,-20.023282604834595,-11.027762539466567
54,9,-50,-0.929380308798216,236.09141042224644,-8.801794371733736,-20.888090059716777,-10.075079976126707
54,10,-50,-0.8277611487001553,248.45404690252957,-9.673282124984983,-21.42044881898032,-8.50947636198665
54,11,-50,-0.7461257037620206,257.071018249191,-10.530000648596404,-21.60792275793311,-6.0752278329796106
54,12,-50,-0.6791097186135311,263.04124661538833,-11.373065481823057,-21.416060200385008,-2.3447280339601124
54,13,-49,-1.399099263038623,272.1056440051271,-10.9328104999368,-29.325619971982352,-17.308308013383343
54,14,-49,-1.2722733916064997,275.6833576061067,-11.699304019768627,-29.0117809141951,-14.101589132381745
54,15,-49,-1.1658867787563185,277.6796367322851,-12.452714643519508,-28.286067029697524,-9.36100305702458
54,16,-49,-1.075406122948846,278.17957272678075,-13.19322036997067,-27.089565658939833,-2.294197581541892
54,17,-48,-1.6537789316546727,275.8132297773492,-12.656665772298911,-37.75492595318184,-23.890806944833503
54,18,-48,-1.5225565062273183,275.08681136986564,-13.3244334961495,-36.834973272092306,-19.21654855294605
54,19,-48,-1.4096448471684693,274.3279376401538,-13.978157272690746,-35.50477196601269,-12.417307566868553
54,20,-48,-1.3115043275916654,273.7722318808286,-14.617631045675907,-33.66209375008081,-2.2227616934461882
54,21,-47,-1.7890183332968972,270.686358020961,-14.05020491032422,-45.574876628713774,-29.736161123300224
54,22,-47,-1.6609171470809942,271.2029120024829,-14.622478706339894,-44.159317104443076,-23.69259968696479
54,23,-47,-1.5487550362703664,271.84429426782503,-15.17859530991239,-42.360399375852,-14.78558406801492
54,24,-47,-1.4497662420100612,272.5863098542741,-15.718049849003489,-40.10726366087026,-1.238367869861398
54,25,-46,-1.8473922900806747,270.534850740774,-15.117059654188663,-51.940795753285904,-34.14503794438967
54,26,-46,-1.7256057575047459,272.07059909250006,-15.590983551009776,-50.08669691651368,-26.57076959813913
54,27,-46,-1.617564452193013,273.65464281972993,-16.04559404615808,-47.9054852520239,-15.171358780417268
54,28,-45,-1.9794937155691783,271.9003346588028,-15.445529664979423,-58.04991436345753,-42.76224727820826
54,29,-45,-1.851472456058397,274.1038379060375,-15.834938430334697,-55.993600075263345,-36.08417165417022
54,30,-45,-1.7373915284525143,276.3082400716643,-16.201682619040103,-53.69014159036043,-26.355668175121178
54,31,-45,-1.6351039945031918,278.49554975285264,-16.544524595493208,-51.11645370496672,-10.87948217304391
54,32,-44,-1.9322386934866982,277.56871480064837,-15.8862008127959,-59.575347963342,-42.75205593398149
54,33,-44,-1.8145811507661813,280.19364634804754,-16.15817497737967,-57.00042700985825,-34.05034761695608
54,34,-44,-1.7086788776114303,282.74790171258434,-16.401292969929475,-54.230644867025354,-20.27146377656987
54,35,-43,-1.9718238500803138,282.0364930590465,-15.71301852276988,-60.4573161422679,-46.1146224054645
54,36,-43,-1.8526354942883212,284.86814614271066,-15.878384937302853,-57.473071684080324,-37.84325345197773
54,37,-43,-1.7449304557281033,287.55770718192696,-16.00793086357912,-54.32845847484972,-24.758322097977505
54,38,-43,-1.647084559758356,290.0742899532935,-16.098550712283444,-51.003758647832065,-0.4959007119898699
54,39,-42,-1.853843319068893,289.7182203368302,-15.31006446594289,-54.771451204090845,-37.59619325093333
54,40,-42,-1.7457628991846552,292.230497313135,-15.303187318347506,-51.14306584130843,-23.421628024315677
54,41,-41,-1.9371618753935624,291.4957018775469,-14.490675917064333,-53.47860327450468,-42.325855970873626
54,42,-41,-1.8193754340707555,293.77195782610926,-14.371861123153602,-49.39373634961038,-32.6410585974818
54,43,-41,-1.711835085444453,295.59797024910733,-14.189038237442766,-45.15165661155812,-13.765735036302829
54,44,-40,-1.8648280403999453,294.22178996507307,-13.258731762754406,-46.28163133871562,-34.20038229358134
54,45,-40,-1.7486906626248597,295.2206332712513,-12.921691497119534,-41.46174478230321,-19.69098162218519
54,46,-39,-1.8779532644387662,292.6897916293268,-11.894631740469697,-41.539049760537026,-30.91427871936822
54,47,-39,-1.7530615022839864,292.0555577057785,-11.350760244351823,-35.96635018772683,-17.111629073653575
54,48,-38,-1.8523981563902039,287.35137945469694,-10.157853114862306,-34.67265795862027,-23.815419156303513
54,49,-38,-1.7169015242819223,283.293256502115,-9.296366774872741,-27.942566152672267,-3.9426556079162283
54,50,-37,-1.7751747662918276,273.5816209101194,-7.7713133225908315,-24.45991558374501,-10.46446633059438
54,51,-36,-1.7989329093176998,258.218016766508,-5.940498919396883,-18.69650581510609,-6.998025083145406
54,52,-34,-1.9330028331844287,227.11535808026755,-3.310342409451435,-10.186433174193825,-3.3384010481348003
55,1,-51,-33.13082852677597,211.1844138320549,-0.3451964431446312,-8.170514066642438,-8.070231414914225
55,2,-51,-6.444414037076939,159.8450329423465,-1.5252839083448562,-8.890549169688057,-7.933587686196551
55,3,-51,-3.5261782424168953,138.12782382900141,-3.1118308158854715,-10.33812847328077,-8.556206329091397
55,4,-51,-2.421040149134399,127.58622635500055,-4.162548887113379,-12.879716273252376,-10.116134251405004
55,5,-51,-1.8417084222388955,125.40283827321795,-5.142644379668614,-15.409177361278937,-11.17179574584273
55,6,-51,-1.4854912613397566,134.0684915691329,-6.095093020167977,-17.414576885445076,-11.635365551371898
55,7,-51,-1.24445203692999,162.09847389894688,-7.024436458898508,-19.006749465075114,-11.629836946601527
55,8,-51,-1.0705574761458463,222.09514213369135,-7.9338189161906305,-20.239344633431525,-11.184084439957168
55,9,-51,-0.9392051859107307,241.22124455918652,-8.825539670538276,-21.137686678031997,-10.256539149804825
55,10,-51,-0.8364964067575564,254.0782536450093,-9.701350247285845,-21.706136698154612,-8.72460178336238
55,11,-51,-0.7539887016859719,263.09406099112744,-10.562627427891476,-21.931372855163932,-6.34499962135551
55,12,-51,-0.6862588469512834,269.38558566034516,-11.410480348934863,-21.779462872510788,-2.7060004043597132
55,13,-50,-1.414369834573716,278.7741984993424,-10.970591115519683,-29.747555616503583,-17.709553318961646
55,14,-50,-1.286167428085246,282.6272360842845,-11.74258900676983,-29.479180949285606,-14.585700052428505
55,15,-50,-1.1786305467397298,284.80128755722086,-12.501851891788055,-28.807050494626782,-9.977766875307168
55,16,-50,-1.0871750365838317,285.5976945205097,-13.248567955496972,-27.668656634444698,-3.1294647635337194
55,17,-49,-1.673054979884881,283.2548838568086,-12.715938215501339,-38.383449244854184,-24.5648828821731
55,18,-49,-1.5403454133612726,282.7063583626363,-13.390949387443968,-37.51465499099523,-20.03423696893174
55,19,-49,-1.4261600919644528,281.81914388786925,-14.05238697043301,-36.247125419282,-13.500518020672205
55,20,-49,-1.3269175097911938,281.14467383130693,-14.700070136153732,-34.48176125035876,-3.716792955816402
55,21,-48,-1.8116446227575007,277.804527268898,-14.13845531669009,-46.45309257711285,-30.75068903437107
55,22,-48,-1.6820079798251721,278.2139522983953,-14.720191013034292,-45.10013057343754,-24.938115780619544
55,23,-48,-1.5685098476784554,278.7562078958956,-15.286404349202803,-43.37454329478903,-16.473472372557552
55,24,-48,-1.4683493627786466,279.40682722889187,-15.836636283218358,-41.207634342348506,-3.7359428264585888
55,25,-47,-1.873053952509888,277.124222679329,-15.243401355673033,-53.130953523167335,-35.616128261107384
55,26,-47,-1.749713917478847,278.57902391872244,-15.729680400572926,-51.349725069069244,-28.42457870416418
55,27,-47,-1.6403066385385072,280.0898679143308,-16.197526783585086,-49.23775598232421,-17.725835516340812
55,28,-47,-1.5426212789817948,281.638561555366,-16.6461605177766,-46.69209419446378,-0.984940231851492
55,29,-46,-1.8800404392405086,280.26400997463696,-16.01132883765712,-57.56344120486751,-38.22151423030434
55,30,-46,-1.76441099496845,282.4161705453252,-16.394391128145863,-55.34462136295542,-29.134901132898555
55,31,-46,-1.6607533879912917,284.5607802623992,-16.75483331086037,-52.86372579878001,-15.116838328412555
55,32,-45,-1.9654409902005747,283.4447437221427,-16.109081592245584,-61.54223563530288,-45.15572530316599
55,33,-45,-1.8460674712471672,286.0452725656383,-16.401414588622035,-59.055683587115595,-37.11815882028073
55,34,-45,-1.7386499917686153,288.58821010508063,-16.66666138545738,-56.38047065095511,-24.858956912335444
55,35,-45,-1.6414711786186351,291.0533823008644,-16.90301598681947,-53.424683506448645,-4.034350995753008
55,36,-44,-1.8888543144249574,290.56506348744506,-16.185614456652836,-59.99081934265756,-41.488284601586514
55,37,-44,-1.7795182988412217,293.29207606193893,-16.343673222339607,-56.942421676297855,-29.984094788094286
55,38,-44,-1.6802395456066312,295.86972605522,-16.46578616888835,-53.72912452467049,-9.958600433638882
55,39,-43,-1.895178553288731,295.42579553586114,-15.701034114101379,-57.88233071446762,-41.97393448600123
55,40,-43,-1.7854094653758903,298.0598289158655,-15.732367002269484,-54.364288599513536,-30.150814246090906
55,41,-43,-1.6853152211308247,300.433227786651,-15.71708325826418,-50.71795358692274,-7.923946365949445
55,42,-42,-1.8664529584235692,299.7937649945573,-14.878090951531895,-53.0272035399705,-38.26922685765385
55,43,-42,-1.757293803685656,301.90671120744,-14.74984216352107,-48.931914710157855,-24.0784432588544
55,44,-41,-1.9205379596949836,300.7010180783877,-13.864703142789368,-50.40722775673861,-39.634890295931875
55,45,-41,-1.8027349147228962,302.20148073284037,-13.600211431690989,-45.78327638175058,-29.002844199021695
55,46,-41,-1.6944854945319288,302.98900610798574,-13.251481385419694,-40.95927258028839,-4.9692130937573085
55,47,-40,-1.8177433544645456,300.4067416166446,-12.19753909034608,-41.01388366741065,-27.2543437460635
55,48,-40,-1.7010917317301404,299.50708779133726,-11.63915399376843,-35.441972300348624,-3.8492225875200843
55,49,-39,-1.7963090072340435,294.6545131671078,-10.417228448148995,-34.13165936475083,-20.254226574957368
55,50,-38,-1.8750361174854324,287.7631342999629,-9.096853781120352,-31.771322799027953,-21.117567753433942
55,51,-38,-1.7260694447619664,280.2132680960526,-7.973208342306389,-23.916019042303514,-1.5546226915630448
55,52,-37,-1.750302800551318,264.3719175360716,-6.0942269020466595,-18.145530883258484,-0.3836877132695373
55,53,-35,-1.8801614864332197,232.5273477007286,-3.395363422737715,-9.610549737422204,-2.075070054085617
56,1,-52,-33.59935607301363,217.3834016742333,-0.34514084093312525,-8.253509899564094,-8.153126197794052
56,2,-52,-6.516245423113605,164.44511062194252,-1.5259977135345073,-8.977304062586644,-8.012957437755967
56,3,-52,-3.5641242302923213,142.01383175141882,-3.1149185548883205,-10.425741098777648,-8.627528552895043
56,4,-52,-2.446700381813122,131.04416973105867,-4.168432447725874,-12.967067030136848,-10.188654264161945
56,5,-52,-1.8610593815133902,128.55603470061985,-5.1513457469384045,-15.527368807676146,-11.26521742192635
56,6,-52,-1.501011061073641,136.9409055275663,-6.106926285426911,-17.564406871130934,-11.747782585224378
56,7,-52,-1.2574017035796379,164.56691678585258,-7.039685310396757,-19.187707693343615,-11.761026981034632
56,8,-52,-1.0816648173668404,226.48491397382594,-7.952745625460733,-20.452693779086918,-11.336254278341539
56,9,-52,-0.9489279008903768,246.3160330735453,-8.848390827276909,-21.38379198183755,-10.434455785055446
56,10,-52,-0.8451408704123948,259.64537765539717,-9.728360743069105,-21.987414701301343,-8.934566813914085
56,11,-52,-0.7617699756392977,269.0351479051973,-10.594023414089556,-22.24932945385422,-6.606916074592379
56,12,-52,-0.6933336504859169,275.63723081292534,-11.446481558099247,-22.13601666875949,-3.0545483919354317
56,13,-51,-1.4294777160926175,285.33286782028,-11.006887655206658,-30.162076106032796,-18.10047706306246
56,14,-51,-1.2999130120838505,289.5309822233094,-11.78416291242764,-29.937568133988755,-15.055106260124418
56,15,-51,-1.1912376842961845,291.9046769905024,-12.549033242192937,-29.317083470531347,-10.572156296202989
56,16,-51,-1.098817269097375,293.0335045050084,-13.30169580552349,-28.234174678088443,-3.9293928588781535
56,17,-50,-1.6921139666269327,290.78907820101654,-12.772783668229215,-38.99929266925745,-25.2174596745947
56,18,-50,-1.55793270701144,290.4220282056824,-13.454716249935455,-38.17929745762831,-20.822069925349385
56,19,-50,-1.442486807301736,289.4052779382891,-14.123518001670206,-36.971437572859536,-14.50759081694883
56,20,-50,-1.3421533372786998,288.6108044819166,-14.779030703586798,-35.27956103456149,-5.135644205183555
56,21,-49,-1.8339984665828788,285.0181188911131,-14.222922839133053,-47.311610970277094,-31.72810641112876
56,22,-49,-1.7028421682257928,285.31914379718995,-14.813663781773228,-46.0182140420329,-26.130455153106602
56,23,-49,-1.5880214878283974,285.7608679153314,-15.389474623134593,-44.3623012049311,-18.075110344246262
56,24,-49,-1.4867008387496323,286.3185247028339,-15.949937184004284,-42.27720689027482,-5.972072202963607
56,25,-48,-1.898382403772945,283.8062138598952,-15.36402554899515,-54.29210085892371,-37.02370512822046
56,26,-48,-1.7735040933601969,285.1781299158814,-15.862002522330606,-52.580083638364464,-30.16234742835828
56,27,-48,-1.6627436985013004,286.61352350646615,-16.342359320899114,-50.53166716151824,-20.12939996467184
56,28,-48,-1.5638607015780155,288.0943094416991,-16.80438632534116,-48.08180594766799,-4.626824800077369
56,29,-47,-1.908203937762468,286.5103792757516,-16.179183223141514,-59.09184917558295,-40.175289868217405
56,30,-47,-1.791039085902531,288.6066913763571,-16.577585339692178,-56.953208420932164,-31.696599640396876
56,31,-47,-1.6860219203957678,290.70431555146325,-16.95453257851467,-54.543261148312965,-18.828362824982253
56,32,-46,-1.9981363139492525,289.3977653965629,-16.320492554309745,-63.45706567217496,-47.427102026830035
56,33,-46,-1.8770580957762064,291.9677234816271,-16.631826864928104,-61.054195955475635,-40.000085900782665
56,34,-46,-1.7681332722478533,294.4918980773579,-16.917660506299285,-58.435182373235776,-28.91037835623574
56,35,-46,-1.6696170775067385,296.9514543066753,-17.176386594313893,-55.58185248428978,-10.624621473332088
56,36,-45,-1.9244446006906668,296.30953204938766,-16.47526947753741,-62.42842957211586,-44.721248436672035
56,37,-45,-1.8134779424539587,299.06034166433915,-16.65956212856404,-59.47848352656502,-34.56099254918809
56,38,-45,-1.712761406022063,301.6821910743972,-16.810504736464775,-56.36963964530686,-17.558191153374683
56,39,-44,-1.935701029277315,301.1340734230459,-16.06720386158819,-60.88615374107322,-45.80770869718884
56,40,-44,-1.8242251008814,303.86298821135586,-16.133128570886942,-57.47364651543048,-35.737088401710594
56,41,-44,-1.7226474522286344,306.36681851297357,-16.15649731528563,-53.933898983682155,-17.961271008974357
56,42,-43,-1.9124262532910916,305.7162079315511,-15.347515314599613,-56.541148738410975,-43.090874419228065
56,43,-43,-1.8015826338279533,308.05704932096796,-15.267429410984544,-52.5794345017869,-31.82266413776441
56,44,-43,-1.7000770098839166,310.0076704250244,-15.129910718198687,-48.474395626309644,-9.069146638481715
56,45,-42,-1.8551141151846453,308.84155180564227,-14.219029814500203,-49.92022411019547,-35.88152431205833
56,46,-42,-1.7454442446187335,310.1482564842663,-13.943849646028234,-45.29007437879027,-19.805721589848012
56,47,-41,-1.8798414400405872,308.03721131278235,-12.955341448386902,-45.77879789838127,-34.26556166103341
56,48,-41,-1.762085451451615,308.09252506189443,-12.502635000214463,-40.49469575143583,-20.47527125298726
56,49,-40,-1.870953006044997,304.3333465248482,-11.384993686825599,-39.79595790665431,-28.650408623077812
56,50,-40,-1.7443054858879345,301.9295287406443,-10.678686554603038,-33.59745280096545,-12.864104873691788
56,51,-39,-1.8201299817311523,294.81391814747,-9.327256027527207,-31.224594585098192,-18.91903716989396
56,52,-38,-1.873126770290718,284.46049257419435,-7.8067217308075,-27.42866792997501,-16.58089610106895
56,53,-37,-1.88993220288363,268.3043099521094,-5.9703628998268155,-21.312439571684656,-11.244015606091283
56,54,-35,-2.018561296167265,235.95215912691384,-3.343267846576553,-12.399550387883492,-5.672880530877476
57,1,-53,-34.06314414653234,223.64189109308782,-0.345087098861568,-8.335674995013429,-8.23517902061837
57,2,-53,-6.587319688191527,169.08854869587313,-1.5266833830940378,-9.06322799337046,-8.091549704612033
57,3,-53,-3.6016759833629233,145.93583919605618,-3.1178905410375863,-10.512652172653446,-8.698303978612351
57,4,-53,-2.472096075814015,134.5337935676319,-4.174097052833559,-13.053073929797348,-10.26007237314293
57,5,-53,-1.88021178585482,131.73877912689093,-5.159724446177962,-15.643745356601801,-11.356723913938076
57,6,-53,-1.5163721082230697,139.84431649285597,-6.118321627255466,-17.71121897658775,-11.85898781319953
57,7,-53,-1.2702191833017196,167.07697664236528,-7.054370435804055,-19.36671562997705,-11.890355161023582
57,8,-53,-1.0926589349102724,230.8754109734796,-7.97097291271585,-20.663437961343902,-11.485196088561596
57,9,-53,-0.9585515925369337,251.4611659085557,-8.870397398981686,-21.626555175922228,-10.607366745436957
57,10,-53,-0.8536973323116508,265.26782270559056,-9.754372281684484,-22.26448239492128,-9.139667839731718
57,11,-53,-0.7694720431843323,275.0169723680829,-10.624256984864296,-22.562054620428903,-6.86146503016714
57,12,-53,-0.7003364234481617,281.922445487774,-11.481147814200353,-22.48606746778193,-3.391221461581641
57,13,-52,-1.4444280136835579,291.93106687952235,-11.041786177824179,-30.56955543855033,-18.481714724751896
57,14,-52,-1.3135148294781014,296.3869295593895,-11.824125688454611,-30.38741880238918,-15.510772783363862
57,15,-52,-1.2037125327512335,299.0877331744335,-12.594373878820173,-29.816767006587686,-11.145739743668962
57,16,-52,-1.110336876337475,300.32973830027794,-13.352735818453787,-28.786904634585028,-4.696598689041428
57,17,-51,-1.710963085145779,298.3050358182882,-12.827349494816442,-39.60315650223775,-25.85003640257192
57,18,-51,-1.5753251447564878,298.23264147238706,-13.515902845027108,-38.82977214588111,-21.582227716811488
57,19,-51,-1.4586313927715941,297.08520243098525,-14.191742874391455,-37.67880101636461,-15.472682961196421
57,20,-51,-1.357217915796415,296.169538065059,-14.854731667583183,-36.05687147313447,-6.485483042551484
57,21,-50,-1.8560895508237436,292.3259757601231,-14.303849647732894,-48.151104256227995,-32.67122894790207
57,22,-50,-1.7234290041575295,292.51740615015876,-14.903172429033136,-46.91496300018402,-27.273889776079873
57,23,-50,-1.607298938547304,292.857288894285,-15.48811889589585,-45.32535053699354,-19.58397318821114
57,24,-50,-1.5048294157554887,293.3205328095027,-16.058307414852834,-43.31800357407249,-8.055520869419336
57,25,-49,-1.9233905749203613,290.5799573913856,-15.47932283309097,-55.406946603613214,-38.37309681591437
57,26,-49,-1.796988963469584,291.8672297337303,-15.988393862595851,-53.7654958222068,-31.81711155654199
57,27,-49,-1.6848881609061506,293.2251421993144,-16.48059647130883,-51.789844009221085,-22.396320260100403
57,28,-49,-1.584818272720229,294.6356702094686,-16.955283270639494,-49.43067717337764,-7.943347749312106
57,29,-48,-1.9359805518884825,292.84293376136657,-16.339135044414867,-60.58155985832263,-42.03475741253128
57,30,-48,-1.8172935050609285,294.8802111770269,-16.751989331586557,-58.519022817654154,-34.1132746117496
57,31,-48,-1.7109275577703236,296.9270817843307,-17.144452061030034,-56.171503895603536,-22.292208615807123
57,32,-48,-1.6150718570625977,298.96742018596166,-17.515504767601787,-53.489930423104646,-3.2204796895708903
57,33,-47,-1.9075782780527213,297.96322727811366,-16.85047235850637,-62.964265452256036,-42.66469472421792
57,34,-47,-1.797154964036915,300.4622209276776,-17.15551879472409,-60.42914914402418,-32.52801266856396
57,35,-47,-1.6973072387220411,302.9084445141781,-17.435055443392265,-57.67331758909094,-16.429983662470022
57,36,-46,-1.9594436894951595,302.10759429295365,-16.74896044546848,-64.79961523560145,-47.76801256104564
57,37,-46,-1.8468494124329382,304.8706967865079,-16.957494515382177,-61.942604135804494,-38.62973009524752
57,38,-46,-1.7446936176402212,307.52265254234356,-17.13495770107859,-58.93208738290523,-23.904644464927202
57,39,-45,-1.9754699182570592,306.857518018945,-16.411162138807818,-63.788369892044045,-49.40324927348598
57,40,-45,-1.8622759253726846,309.65936082154695,-16.508600494816037,-60.477482660210704,-40.493223792606635
57,41,-45,-1.759195611919937,312.265988935288,-16.566951372337353,-57.04004313247041,-25.856673063489392
57,42,-44,-1.9574005776307128,311.5743109200437,-15.784682853347329,-59.947175886835105,-47.358899687090094
57,43,-44,-1.8448262428706292,314.0970249581379,-15.747530149609922,-56.10832334092691,-37.93899420714743
57,44,-44,-1.7418478250359395,316.28644980436013,-15.658755319492686,-52.13537633573353,-20.83687454114925
57,45,-43,-1.9060541769325892,315.23570108669213,-14.78742518570488,-53.8974829893388,-41.45272766202217
57,46,-43,-1.7948183576773633,316.94871645970005,-14.57542233299959,-49.43777740979269,-29.59059209656783
57,47,-43,-1.6924099426447667,318.06316930919,-14.289696221668603,-44.80201816826868,-2.5831375179837575
57,48,-42,-1.8206139088975635,315.92888818739294,-13.275399127431497,-45.266887159346034,-30.133241453957815
57,49,-42,-1.7104712920936207,315.74824430674573,-12.809957230520604,-39.981430136108,-6.97249379240453
57,50,-41,-1.8146917147640793,311.8862529699065,-11.665307435507032,-39.26441144736439,-25.236918047375944
57,51,-40,-1.9066592147001515,306.5356837429518,-10.456096033501625,-37.68725390198655,-26.838790765879587
57,52,-40,-1.7691296820726043,301.8387221039466,-9.559454998424794,-30.68489782155785,-13.996554906068361
57,53,-39,-1.8207524900665637,291.1581526612035,-8.002795550250074,-26.88015616055822,-14.683112161342917
57,54,-38,-1.8383577571675025,274.5106867996824,-6.1189713227421425,-20.757132600384825,-9.763883667703814
57,55,-36,-1.962909998027965,241.39950194542274,-3.4259466400837186,-11.817347200903578,-4.498896991406573
58,1,-54,-34.52231561091059,229.95932143219673,-0.34503512779498124,-8.417033901681187,-8.316415194900063
58,2,-54,-6.657659755462089,173.774945200722,-1.527342546903909,-9.148344387669349,-8.169386838696338
58,3,-54,-3.638845421322204,149.89351614994595,-3.1207531674136337,-10.598877332384308,-8.768543662032592
58,4,-54,-2.497235210323232,138.0547996754325,-4.179554705034179,-13.137937907977157,-10.330431582234144
58,5,-54,-1.8991716145166277,134.95074096910702,-5.1677980991243535,-15.758585030065378,-11.44715817279288
58,6,-54,-1.5315791790595998,142.7781758347993,-6.129302909717962,-17.855810801321972,-11.967728919605431
58,7,-54,-1.2829084517330553,169.6273015829868,-7.068522518536524,-19.541035521367657,-12.01803659770903
58,8,-54,-1.1035432345555751,234.47796608024203,-7.988538831453588,-20.868803625016636,-11.631859929574142
58,9,-54,-0.9680792412102777,256.5668945336236,-8.891605347828182,-21.86597628961375,-10.776531218433721
58,10,-54,-0.8621684437420731,270.9101295378937,-9.779439271825813,-22.535204456725044,-9.340177089659175
58,11,-54,-0.7770972940135596,281.057504894757,-10.653391542571432,-22.86933146238178,-7.109092741134195
58,12,-54,-0.7072693430633026,288.27005652873044,-11.514552079293239,-22.829935329818635,-3.7146134931095736
58,13,-53,-1.4592255698964143,298.59920756800364,-11.075366190442756,-30.970338994032765,-18.853846819763138
58,14,-53,-1.3269773221080652,303.3167794074662,-11.862569612946942,-30.829171935695836,-15.953578135037597
58,15,-53,-1.2160592049740877,306.34942697244384,-12.637980058983244,-30.306654125367807,-11.699939386229717
58,16,-53,-1.1217376981537384,307.7069080974224,-13.401809562562182,-29.327566775251746,-5.433446359672551
58,17,-52,-1.7296091346055935,305.7102071758402,-12.879771258203505,-40.18797699034971,-26.463970120440365
58,18,-52,-1.5925291076398422,305.84490935296395,-13.574664246200001,-39.46687718496171,-22.31667831732227
58,19,-52,-1.4745998845923824,304.8578088074739,-14.25723826404883,-38.37021406178368,-16.39955039385309
58,20,-52,-1.3721169970558686,303.81981164266267,-14.927373668108093,-36.81494930311608,-7.760057371992613
58,21,-51,-1.8779269847055613,299.7269637569196,-14.38145732037759,-48.95563899078391,-33.58258588756505
58,22,-51,-1.7437772114441965,299.80767215683363,-14.988968545985925,-47.791649278197895,-28.372240958042877
58,23,-51,-1.626350616639333,300.04448633988994,-15.582622367406339,-46.26521687341291,-20.977351385545447
58,24,-51,-1.5227432720771217,300.41196801608646,-16.16206992972101,-44.3300768260168,-10.027648137662442
58,25,-50,-1.948090535890047,297.4445604704129,-15.589647997669369,-56.49012599884327,-39.66904114825871
58,26,-50,-1.8201803299004373,298.64558528777263,-16.109256737132558,-54.91491714442999,-33.3960079317809
58,27,-50,-1.706751653582808,299.924175066799,-16.61269454388766,-53.014656802659076,-24.44632518063223
58,28,-50,-1.6055055346867748,301.2623249223288,-17.099369277173032,-50.741496139404084,-10.88750409980997
58,29,-49,-1.963386519649967,299.26149810203043,-16.491753794898436,-62.0350436166667,-43.81117673763197
58,30,-49,-1.8431905169347944,301.2369113881046,-16.918251882688654,-60.03367030321815,-36.36103407701719
58,31,-49,-1.7354867279872686,303.22969742226513,-17.325332374852298,-57.75379777111236,-25.309698400117504
58,32,-49,-1.6384391101986677,305.22415227018905,-17.712071421864493,-55.16646390248874,-7.950894825790827
58,33,-48,-1.9376508875874534,304.0334683298302,-17.05829024260617,-64.81707861356188,-45.10683802265075
58,34,-48,-1.8257386781831242,306.5017129604346,-17.38131863912331,-62.367574681734794,-35.78116509172823
58,35,-48,-1.724566283144393,308.92794528525803,-17.68027531897061,-59.70391205032291,-21.248902842927166
58,36,-47,-1.9938846930343004,307.96402812891165,-17.00809061560485,-67.1090355118711,-50.60909760000057
58,37,-47,-1.8796678783241176,310.7296501668923,-17.239111640008336,-64.34002173606504,-42.231101363820045
58,38,-47,-1.776073987367894,313.399827635871,-17.44107738083849,-61.42238519422926,-29.398269027471414
58,39,-47,-1.6816685438993417,315.95238911829983,-17.61189220693177,-58.28650986728057,-6.812711844666178
58,40,-46,-1.8996180440782382,315.4641682432544,-16.861418870372074,-63.38232172236371,-44.664679441777345
58,41,-46,-1.7950225192979758,318.1510037485452,-16.951630935379526,-60.04307099305635,-32.32100266049893
58,42,-46,-1.699371678178959,320.6354847972991,-17.002577716102756,-56.571157372663464,-9.492898074711833
58,43,-45,-1.8871249098637872,320.06302372888644,-16.194777309257724,-59.53004127243305,-43.062088418291424
58,44,-45,-1.782627587688666,322.44404720436205,-16.149435962794797,-55.678627344437544,-29.57871028986994
58,45,-45,-1.6866541346447277,324.4828629143742,-16.052130186762046,-51.69509423189218,-1.5049155078520977
58,46,-44,-1.8428235503211732,323.48813487243285,-15.155665173671691,-53.4270340953366,-36.778964623972755
58,47,-44,-1.7390612133664196,325.0234900494665,-14.933933536967977,-48.95991361536795,-18.31999672939792
58,48,-43,-1.8771270969245009,323.23218197522084,-13.974850203270128,-49.8098479572184,-37.099378499547335
58,49,-43,-1.7657653350868716,323.78947234313796,-13.597618602293025,-44.760338696537914,-22.54164858936553
58,50,-42,-1.881728467391043,320.6974281593325,-12.535713185149948,-44.55245173744822,-32.89568867561706
58,51,-42,-1.762469664525301,319.4103587867793,-11.947744731664534,-38.73899416796085,-18.500869512903403
58,52,-41,-1.8507450845421622,313.8976145284181,-10.71062449823955,-37.147451104940075,-25.02040106978736
58,53,-41,-1.721621013100207,308.83861288828285,-9.793443945545771,-30.15209322717851,-3.0657738782507082
58,54,-40,-1.7719803468953026,297.83265696407653,-8.200097532543664,-26.338952489159617,-10.158603631799137
58,55,-39,-1.7902823633163993,280.6969452433185,-6.267871354953456,-20.20969634513125,-6.371128887784073
58,56,-37,-1.9110734376412197,246.8307512193999,-3.5086665727107307,-11.24390884734866,-3.3062735733983866
59,1,-55,-34.976988571890516,236.3351476024244,-0.34498484398023166,-8.497609979652923,-8.396858783220537
59,2,-55,-6.727287432000953,178.50390917661838,-1.527976711434188,-9.232675591787508,-8.246490144918031
59,3,-55,-3.6756438792323736,153.8865415937566,-3.123512364533283,-10.684431696654901,-8.838258372661269
59,4,-55,-2.522125372560159,141.60689857444893,-4.184816545148558,-13.221626001880642,-10.399755424300066
59,5,-55,-1.9179445527797143,138.19160242213044,-5.175583067252622,-15.87141170701627,-11.535853474206089
59,6,-55,-1.5466368148067184,145.74196659751215,-6.13989229418704,-17.999040764645144,-12.074728633962865
59,7,-55,-1.2954732886202636,172.21664074616893,-7.082170055581663,-19.71308826686792,-12.14398799271521
59,8,-55,-1.114320953996709,236.29868873246187,-8.005478724765052,-21.07068225035848,-11.776348107146351
59,9,-55,-0.9775136798741055,261.7054546551863,-8.912057361217952,-22.097943879213908,-10.942671302813542
59,10,-55,-0.8705567245283703,276.508056406515,-9.803612241435975,-22.79951603795579,-9.536345097408136
59,11,-55,-0.7846479989519071,287.0682329641349,-10.681485958969832,-23.167336214562898,-7.350208252598907
59,12,-55,-0.7141344778420151,294.6472034122458,-11.546762087780502,-23.167916943203526,-4.027110415678603
59,13,-54,-1.473874982602098,305.2573962847991,-11.107701262598797,-31.36474634332197,-19.21740480382258
59,14,-54,-1.3403047054637447,310.31955924006155,-11.899580016673486,-31.263232882745115,-16.384323849205675
59,15,-54,-1.2282816021772356,313.46563108666527,-12.679949967289117,-30.787254660182587,-12.23604774568357
59,16,-54,-1.1330233745482459,315.16401393497557,-13.449029276384032,-29.8568234292861,-6.142076774174522
59,17,-53,-1.7480585502881518,313.2003662359185,-12.93017388906894,-40.75734115100485,-27.060492334020562
59,18,-53,-1.6095506296969002,313.5049531722329,-13.631143214768425,-40.09134513234093,-23.02720255384599
59,19,-53,-1.4903979848216002,312.7220172574378,-14.320166630266423,-39.046590908028975,-17.290993804732047
59,20,-53,-1.386856007987426,311.5605858718991,-14.997140964634225,-37.554942949802694,-8.94161965921951
59,21,-52,-1.899519349509677,307.2199731483776,-14.455949023423813,-49.743573594358125,-34.46445556147119
59,22,-52,-1.763894995601694,307.18889058866756,-15.07128247123792,-48.64943485590518,-29.428936919533704
59,23,-52,-1.6451844251318033,307.32148132754463,-15.67324571321932,-47.18329118516512,-22.309677363925154
59,24,-52,-1.5404500718804022,307.5919395989314,-16.261519372997007,-45.3118317619224,-11.897911941312751
59,25,-51,-1.9724935789258489,304.3991139820963,-15.695324148663184,-57.548953805432966,-40.915764946592326
59,26,-51,-1.843089207089163,305.5124213043152,-16.224956750508962,-56.03681780422489,-34.905374870132995
59,27,-51,-1.7283449985659876,306.710010188768,-16.739067232940243,-54.20825204477876,-26.367664878377
59,28,-51,-1.6259331970860742,307.97385981076735,-17.237112680314276,-52.01678258604901,-13.658472132598218
59,29,-50,-1.9904368732217967,305.765767354112,-16.637553207080543,-63.42145580088404,-45.511684611843975
59,30,-50,-1.868745120425074,307.6767912519605,-17.076956446461526,-61.492371116047885,-38.42186708861924
59,31,-50,-1.7597145161716743,309.61253287094064,-17.497837296236252,-59.293253755294906,-28.128321086293838
59,32,-50,-1.6614840515420164,311.5576339874883,-17.89935497188087,-56.79523262367551,-12.197988327021296
59,33,-49,-1.9672967445577205,310.17969429986056,-17.256116141023774,-66.62253193112987,-47.42841783655706
59,34,-49,-1.8539057827907452,312.6123305613058,-17.596018696426288,-64.25426969670322,-38.838919353397436
59,35,-49,-1.751416346583005,315.012789306539,-17.913150153120743,-61.677939082947404,-25.717582413146385
59,36,-49,-1.6583303094564916,317.36474096737555,-18.206207348575713,-58.879617380269785,-3.791248213245498
59,37,-48,-1.9119645093390507,316.64238671976,-17.505843640272065,-66.66066736094236,-45.53998101485591
59,38,-48,-1.8069357140014028,319.32067996229125,-17.73053559958488,-63.8004261766364,-34.044928251502725
59,39,-48,-1.7112535308823533,321.89720384730055,-17.926110537333074,-60.76342234682805,-14.791868664772077
59,40,-47,-1.9362996792779907,321.2894687565745,-17.193827767614057,-66.19421635911213,-48.492614321076914
59,41,-47,-1.8301814565934929,324.0378245321866,-17.313219635021614,-62.949622510968524,-37.64720648778548
59,42,-47,-1.7331884391131425,326.60958998154246,-17.396372103726982,-59.573755423077365,-19.06038289133803
59,43,-46,-1.9285609457203088,325.98306366228957,-16.61297765674844,-62.85409826794947,-47.55594050506385
59,44,-46,-1.822511951050366,328.5181815785702,-16.60667017469778,-59.11546701734632,-36.40330398960833
59,45,-46,-1.7252005169239475,330.7580859178716,-16.553296297678028,-55.252153588068055,-15.291948819894989
59,46,-45,-1.8896242435517139,329.83751205029273,-15.69190480185012,-57.27670715895374,-42.607794509301236
59,47,-45,-1.7844086220594968,331.70788298504954,-15.525934235594605,-52.96060952016679,-28.9666505597189
59,48,-44,-1.9319408954788124,330.1486661255175,-14.613550019911772,-54.15924975212299,-42.78884182423248
59,49,-44,-1.8191346833542734,331.275322183537,-14.310616248499368,-49.311746002805386,-32.211583177714274
59,50,-44,-1.7148178787071189,331.6199837919256,-13.922040806912502,-44.25912582835128,-8.023837346443653
59,51,-43,-1.825789789754523,328.46019018729766,-12.834580906949608,-44.031571893825216,-29.33726598819662
59,52,-43,-1.7138566037582295,326.90671306299924,-12.23233066146715,-38.21963003122587,-4.834485587587568
59,53,-42,-1.7987767052411208,321.23234612676447,-10.967104064241669,-36.61399104078715,-21.29477751706658
59,54,-41,-1.868001414891519,313.33719906436835,-9.593491541380525,-33.94604130809453,-22.017722617160477
59,55,-40,-1.9145661912015814,302.02441571173705,-8.039051318247205,-29.831883371518693,-18.57507246839696
59,56,-39,-1.9255389528993563,284.5887137479127,-6.147657281665927,-23.360193565233754,-12.854567071565615
59,57,-38,-1.8626603341163075,252.24663770804864,-3.591435663674842,-10.67892106815881,-1.6924668280696746
60,1,-56,-35.427276611248175,242.76883937389766,-0.344936168669513,-8.577425479558288,-8.47653268407452
60,2,-56,-6.796223482584028,183.27506017269314,-1.5285872712003818,-9.316242940947259,-8.322879948254274
60,3,-56,-3.712082146694566,157.914603096604,-3.1261736414674925,-10.769329884735892,-8.90745859636078
60,4,-56,-2.546773784158317,145.18980905642397,-4.189892928223358,-13.304186000241065,-10.468073985879444
60,5,-56,-1.9365360117941353,141.4610575924074,-5.18309456246512,-15.983105877398913,-11.62349233663094
60,6,-56,-1.561549337544557,148.73520072804422,-6.150110388514562,-18.138734070958687,-12.180670017076755
60,7,-56,-1.3079172911103814,174.84383429300988,-7.095339548779715,-19.883440968394257,-12.266342146402774
60,8,-56,-1.1249951742812563,238.1867272663606,-8.02182546234706,-21.27030226967862,-11.918755787010975
60,9,-56,-0.986857604163192,266.8478859246405,-8.931793138266451,-22.32702173398663,-11.105933997988364
60,10,-56,-0.8788645720506474,282.1582016808658,-9.826938177667875,-23.060188587391774,-9.72840286706227
60,11,-56,-0.7921263181519402,293.0641869936658,-10.70859497303973,-23.460816531547803,-7.585187237019029
60,12,-56,-0.7209337951211923,300.93239114931623,-11.577840807008442,-23.50028779540916,-4.330167212746178
60,13,-55,-1.488380622128804,311.8505332039446,-11.138859572413446,-31.749100958300815,-19.572876229920215
60,14,-55,-1.3535009847282382,317.214955240922,-11.935235927968309,-31.68997663994621,-16.803742785847618
60,15,-55,-1.2403834291263574,320.61326336724613,-12.720374472812454,-31.259039515189038,-12.755242106106664
60,16,-55,-1.144197360265267,322.6679260539288,-13.494498754040913,-30.375284812220457,-6.824433140919945
60,17,-54,-1.7663174308201022,320.7744344735658,-12.978672717369435,-41.31652106579704,-27.640723244321972
60,18,-54,-1.6263954244789067,321.25203600537174,-13.68547141109932,-40.7038497705579,-23.715415800078564
60,19,-54,-1.506031087507354,320.67677645472344,-14.380677636754253,-39.70877051155028,-18.14954450637173
60,20,-54,-1.401440076825867,319.39084543409683,-15.064203099626742,-38.277904130891315,-10.072993409435801
60,21,-53,-1.9208747420291625,314.80391947033394,-14.527511416362088,-50.515831420272114,-35.31889578375385
60,22,-53,-1.7837900878548254,314.6600282806403,-15.150325530877868,-49.47746610070979,-30.44706181142799
60,23,-53,-1.6638077983929955,314.6873040968575,-15.760227722130445,-48.08084474726623,-23.585708891363286
60,24,-53,-1.5579570120046409,314.859555104087,-16.356925191114794,-46.26890361966384,-13.648939955102907
60,25,-52,-1.99661029129314,311.4427001192048,-15.796646261539939,-58.584857947324465,-42.11597100018218
60,26,-52,-1.8657258985269705,312.466936172409,-16.33582701429701,-57.132864564675714,-36.350860117288946
60,27,-52,-1.7496782939849296,313.58198757117395,-16.86009064323959,-55.37257908119758,-28.19592991302887
60,28,-52,-1.6461112253054764,314.769786318243,-17.368938239030747,-53.25882023704494,-16.271945801913926
60,29,-51,-2.0171455715586966,312.3553339491434,-16.776998180590986,-64.7745389997444,-47.14260664762784
60,30,-51,-1.893971194964402,314.19970381779507,-17.228629521107628,-62.915035363309904,-40.38543520322662
60,31,-51,-1.7836248276229425,316.0757580922276,-17.662563933996434,-60.79267894768446,-30.787438303959107
60,32,-51,-1.6842207193485113,317.96842007768925,-18.07803388998738,-58.379452394128414,-16.118445850716643
60,33,-50,-1.9965348936087775,316.4028005085626,-17.44469676937344,-68.38366938425483,-49.64052153876914
60,34,-50,-1.8816757192485287,318.795564158029,-17.800472073339485,-66.09265536901076,-41.565128413887116
60,35,-50,-1.777877449850161,321.1651983894335,-18.134657806366505,-63.599248795933924,-29.528626000333514
60,36,-50,-1.6836204137480824,323.49616944678326,-18.44607862226411,-60.87678809203034,-10.08345508429157
60,37,-49,-1.9437671402560812,322.6130409311665,-17.75894464351989,-68.8838469043212,-48.637385755309545
60,38,-49,-1.8373082014330853,325.29079180263943,-18.004789134822126,-66.11252918323686,-38.252812799225154
60,39,-49,-1.7403509107390165,327.8808504434513,-18.223326011405366,-63.169886654294025,-21.485662510630874
60,40,-48,-1.9723627439792075,327.1448831332706,-17.507754799993837,-68.9186693734915,-51.93727939338799
60,41,-48,-1.8647181980723528,329.93913944656686,-17.65400167699592,-65.76603100323807,-42.34296045333277
60,42,-48,-1.7663743195612236,332.5789759865088,-17.766642879928874,-62.485247673005176,-26.641734488067318
60,43,-47,-1.9692030835225296,331.87901652650083,-17.00530237947393,-66.08852456002748,-51.68736416061928
60,44,-47,-1.861579420804194,334.5379609904776,-17.03433276839106,-62.455286055596446,-42.01772260253241
60,45,-47,-1.7628970287926446,336.94050965118544,-17.02042679833108,-58.70357140214783,-25.443541346921204
60,46,-46,-1.9353494500383228,336.04972967688906,-16.189949099700172,-61.00171391600955,-47.64805606469677
60,47,-46,-1.8286094128817383,338.18952216679895,-16.073164816693804,-56.822772668379784,-36.715379550683394
60,48,-46,-1.7302714423002035,339.89583977334576,-15.898285723596443,-52.49825301813075,-15.064072163215574
60,49,-45,-1.8708814849351558,338.35605572705106,-14.961782315699525,-53.671040570112524,-39.30979618577095
60,50,-45,-1.7653296993006038,339.2876267631822,-14.648513934481114,-48.818450074962385,-23.45482951671336
60,51,-44,-1.886601339950127,336.68749106576104,-13.62896356763147,-49.03067599339044,-36.645415297527194
60,52,-44,-1.7737967052084005,336.1938555074402,-13.135577908237739,-43.516221574529496,-22.580202606227417
60,53,-43,-1.871327215891228,331.75672927256505,-11.979605995530559,-42.53254915725349,-30.201120920814688
60,54,-43,-1.7503398843598412,328.5408970568087,-11.225544625393374,-36.08677957054763,-13.391325337719831
60,55,-42,-1.817263303649672,320.41060497356233,-9.821284448781192,-33.40845365079409,-19.63685921059501
60,56,-41,-1.8627590482418228,308.7602120799957,-8.230895157905792,-29.286871879898367,-17.15331605442228
60,57,-40,-1.8747345690057973,290.8240157124612,-6.291749015034225,-22.809164134127478,-11.4884417243586
60,58,-38,-1.9904366502383177,255.69918373473078,-3.5392976380324552,-13.440221697517192,-5.6596100988218865
61,1,-57,-35.873289007419274,249.25988071231288,-0.3448890277719387,-8.65650161506682,-8.555458709434422
61,2,-57,-6.864487697360776,188.08802778321103,-1.5291755189671437,-9.399066822096929,-8.39857565544248
61,3,-57,-3.748170503720551,161.97739643622435,-3.1287418324578296,-10.853586035442788,-8.976154539119449
61,4,-57,-2.5711873253095985,148.80325777877565,-4.19479349162729,-13.38568983433476,-10.535449468247343
61,5,-57,-1.9549511467310534,144.75881171289984,-5.1903467463153765,-16.092667106478515,-11.709635149747369
61,6,-57,-1.5763208647548814,151.75741660939624,-6.159976380792794,-18.27728689109274,-12.28429456683817
61,7,-57,-1.3202438859007297,177.50780459232914,-7.108055676375339,-20.050741005954634,-12.387268748719102
61,8,-57,-1.1355688302633467,240.13900848813262,-8.037609653079487,-21.467744753328148,-12.058619479238184
61,9,-57,-0.9961135815783027,271.9786145442428,-8.950849646738652,-22.55332192441512,-11.266455646011982
61,10,-57,-0.8870942694757669,287.8357403084627,-9.849460831718073,-23.317372355102567,-9.916563782850362
61,11,-57,-0.7995343085695672,299.11546683647776,-10.734769547575365,-23.74997026702208,-7.8143753646415455
61,12,-57,-0.7276691679371043,307.27623647013723,-11.607846849926492,-23.82730410414324,-4.624350309510345
61,13,-56,-1.5027466468665156,318.50893902143565,-11.168904393294572,-32.123628391280455,-19.920709267056804
61,14,-56,-1.3665699693644775,324.1207344141708,-11.969610646732916,-32.10975075046074,-17.212506385140905
61,15,-56,-1.2523682079447283,327.83383003321813,-12.759337802055617,-31.71602248900058,-13.258597053850362
61,16,-56,-1.1552629380052841,329.9923251819992,-13.538314130789422,-30.883514162437322,-7.482283090221666
61,17,-55,-1.7843915627728502,328.31392800875716,-13.025374384993384,-41.86603089405178,-28.205684101399374
61,18,-55,-1.6430689089499895,329.08511930066635,-13.737770464061162,-41.305012068280746,-24.38278673631846
61,19,-55,-1.5215043021755599,328.72106313474706,-14.438909402185041,-40.35752435129854,-18.97749582378368
61,20,-55,-1.4158740564559325,327.30959920027465,-15.128716360305267,-38.984797995841056,-11.157853049551985
61,21,-54,-1.9420008133455742,322.47774402463324,-14.596316321046313,-51.27326027792518,-36.14776994606793
61,22,-54,-1.8034697842453045,322.2200716425944,-15.22629199586526,-50.28422758500345,-31.429397618157378
61,23,-54,-1.682227742030085,322.140996822242,-15.843787593499531,-48.95040947566958,-24.809721789676413
61,24,-54,-1.5752708631270491,322.213924673681,-16.44853433308197,-47.20278382535361,-15.255198562342857
61,25,-54,-1.480247480533861,322.41528192392684,-17.04023143318406,-44.95949161892248,-0.9052420491443781
61,26,-53,-1.8881000635737482,319.508310649021,-16.442171780889208,-58.20457811845344,-37.71572049010977
61,27,-53,-1.7707609849320927,320.5394111889723,-16.97610759942768,-56.509412935723546,-29.938846538916845
61,28,-53,-1.6660489165356038,321.6495573264268,-17.495232265653396,-54.46968460844722,-18.603400435673617
61,29,-53,-1.5720543007045638,322.8220081083311,-17.99904056164929,-52.03538165515596,-1.1677166755942414
61,30,-52,-1.918881624370931,320.8053849206741,-17.37374771818579,-64.30388838956958,-42.26005928440864
61,31,-52,-1.8072305247674563,322.6193808436682,-17.820051265791705,-62.25461453696944,-33.202252568093854
61,32,-52,-1.7066620485380963,324.45684725433955,-18.248718656450283,-59.92202773994411,-19.51047948634865
61,33,-51,-2.025382829939722,322.70339691732966,-17.624702055697668,-70.1032428567252,-51.75289155814756
61,34,-51,-1.9090662607263074,325.0525266044273,-17.99544125311643,-67.88581572031626,-44.124625904756236
61,35,-51,-1.8039677980046336,327.3869001115622,-18.34566860119473,-65.47130117657642,-33.079163783204365
61,36,-51,-1.7085463632624767,329.6916549726452,-18.674319905597912,-62.80932076181464,-15.54081895049449
61,37,-50,-1.9751007967740797,328.6449069258715,-17.999520763136122,-71.05104983771191,-51.430525397689046
61,38,-50,-1.867217691355129,331.3146469539088,-18.26511551581597,-68.36414619773537,-41.95064702427772
61,39,-50,-1.7689884788346433,333.90929901505496,-18.505021816402056,-65.51091694375448,-27.103082986243106
61,40,-50,-1.6791627652761494,336.41040140975485,-18.71757183344749,-62.484080738217564,-1.4176011439371912
61,41,-49,-1.8986725085586542,335.86511041669115,-17.975938951903085,-68.50352302782957,-46.52848321976201
61,42,-49,-1.7989728376449667,338.55694661765085,-18.11571423668394,-65.30434207133037,-32.94659752280861
61,43,-49,-1.7075340093525222,341.0881493584775,-18.22176357288089,-61.967174224643145,-8.626545800574208
61,44,-48,-1.8998955397033568,340.5261618896256,-17.435650666458905,-65.70601367570715,-46.878297740922775
61,45,-48,-1.7998186371713598,343.0603099554804,-17.457464696076425,-62.05862076438998,-33.27843924680156
61,46,-48,-1.7077156378576617,345.3307447542819,-17.43611003536337,-58.294456956637646,-6.638440415345466
61,47,-47,-1.871787000033109,344.5229949307449,-16.581539761931396,-60.561157473289306,-42.95668076172606
61,48,-47,-1.7721094619118447,346.509567445852,-16.45642135170513,-56.372382212689146,-26.779773667812997
61,49,-46,-1.9212279189615957,345.137733422515,-15.560736962515882,-57.86419291274548,-45.070754206166605
61,50,-46,-1.8142907072282868,346.5321065233145,-15.31207007813226,-53.1871091436755,-33.5167246971405
61,51,-46,-1.7152660843394933,347.27003803766775,-14.988586258728203,-48.32995678087855,-7.138097259305179
61,52,-45,-1.8313341434697246,344.63007889902536,-13.944591289562537,-48.52134912031581,-32.74939863068221
61,53,-45,-1.725336784626204,343.8994045492913,-13.438735003967045,-43.006355723984335,-9.178103386439249
61,54,-44,-1.8190202358957284,339.34580846989206,-12.25677895391193,-42.006949822665234,-26.818149405046146
61,55,-43,-1.9008460661890496,333.17765004439667,-11.00308666257598,-40.13938896335749,-28.047365358044456
61,56,-43,-1.7698929846545386,327.45983567296497,-10.050698980839293,-32.877327128435596,-14.244597632460222
61,57,-42,-1.8144017376451305,315.47354814347005,-8.423766682114392,-28.74871948549837,-14.976815347554307
61,58,-41,-1.8272650892442313,297.03977304581315,-6.435976145557113,-22.26555408947307,-9.780593242442071
61,59,-39,-1.939617281774123,261.14827920056894,-3.61995754803586,-12.86993685981972,-4.464918387263277
62,1,-58,-36.31513094366261,255.8077691560628,-0.3448433515313104,-8.734858629401232,-8.633657655783859
62,2,-58,-6.9320989540269835,192.94245121196576,-1.5297426548565884,-9.481166731801197,-8.473595811792617
62,3,-58,-3.7839187536383188,166.0746252424838,-3.1312148759524483,-10.937213825602953,-9.044356131703097
62,4,-58,-2.59537255689913,152.4469788870314,-4.199527216184285,-13.466127088573009,-10.601915662783233
62,5,-58,-1.973194873417679,148.08458042976918,-5.197352819128617,-16.201366493098487,-11.794651433474039
62,6,-58,-1.5909553226460393,154.80817685874985,-6.169508159531298,-18.413936251502264,-12.386405344926402
62,7,-58,-1.3324563403657925,180.20754843027106,-7.120341447172904,-20.214744760053314,-12.506820497642757
62,8,-58,-1.146044720172788,242.15270224441102,-8.052859836056058,-21.661277007571186,-12.19480395509632
62,9,-58,-1.0052840598999273,277.1550963714635,-8.969261353928069,-22.77694949145416,-11.424362918852834
62,10,-58,-0.8952479932854238,293.4584596623451,-9.871220992696891,-23.57120783490014,-10.101025297760506
62,11,-58,-0.8068739307967134,305.221398936719,-10.760057189456232,-24.03498200979637,-8.038091273361992
62,12,-58,-0.7343423813026309,313.6780411578824,-11.636834845542918,-24.14920453889036,-4.910180172176576
62,13,-58,-0.6737459732438751,319.7591487122045,-12.502432297474169,-23.856777924147924,-0.17360692250542517
62,14,-57,-1.3795152864067628,331.0944295765824,-12.002772256523864,-32.52038333640718,-17.61123102255886
62,15,-57,-1.264239290671036,335.12644354186733,-12.796918138497425,-32.16431563658717,-13.747095423858314
62,16,-57,-1.1662232304226532,337.3907793595136,-13.580564581782971,-31.382032279535025,-8.117237911785136
62,17,-56,-1.802286442946307,335.7465555688877,-13.070377655355351,-42.4063459005099,-28.75630795338558
62,18,-56,-1.6595762250778126,336.7693170045699,-13.788152917898662,-41.89540542339997,-25.030653625966277
62,19,-56,-1.5368224749882053,336.5642377369223,-14.494989605349492,-40.99356324568149,-19.77693022794125
62,20,-56,-1.4301625453742808,335.3158801915892,-15.190825067071172,-39.676512011620225,-12.199524270170286
62,21,-56,-1.3366634907619428,334.0164989736579,-15.875569321879404,-37.843704279277816,-1.0441251061533965
62,22,-55,-1.82294098050985,329.86802771044773,-15.299360798231623,-51.07483412664099,-32.378460117242085
62,23,-55,-1.700450868316217,329.6816157229037,-15.924126945409151,-49.79664342740124,-25.98556888645102
62,24,-55,-1.5923980061410214,329.6541644601954,-16.53657360325554,-48.11483667902239,-16.789384100450334
62,25,-55,-1.4964053385226996,329.76176280922004,-17.13642446320367,-45.949712807754295,-3.1539288972548483
62,26,-54,-1.9102207759537888,326.6357148451502,-16.54426958752731,-59.25334929810775,-39.01341604493291
62,27,-54,-1.7916019251397262,327.58155872681505,-17.08743135884552,-57.6203739865165,-31.603313638576502
62,28,-54,-1.6857549655138617,328.61258033014593,-17.61634702514761,-55.6512669038269,-20.790677748522135
62,29,-54,-1.5907481466943985,329.711994623261,-18.130551366207182,-53.29734245156472,-4.454916385458261
62,30,-53,-1.9434884025756562,327.49347661552247,-17.512743766863043,-65.66095515739144,-44.0531303999426
62,31,-53,-1.8305435431678074,329.2432775606292,-17.970787346475277,-63.68136801859271,-35.439769732589994
62,32,-53,-1.7288199994120417,331.0230745785262,-18.41196046125995,-61.4255904455837,-22.70367540861715
62,33,-53,-1.6367406243898928,332.8187795463003,-18.835554022544084,-58.862351630185664,-2.681888889682795
62,34,-52,-1.9360937255511443,331.38402350555197,-18.181610450127238,-69.63654125268303,-46.55693423500384
62,35,-52,-1.829704024901183,333.67922006383685,-18.54696053450855,-67.29721817020706,-36.33814833956605
62,36,-52,-1.7331252499449592,335.95315661722697,-18.891818485609416,-64.6892095708818,-20.428392724562134
62,37,-51,-2.005988115274193,334.7406016645311,-18.228552665145713,-73.16586200153516,-54.088652099631894
62,38,-51,-1.896687762458163,337.39584832621534,-18.51264156026208,-70.55927230873579,-45.42849004207322
62,39,-51,-1.7971910266150108,339.9873745499389,-18.772498658459273,-67.7909750232095,-32.18525447595783
62,40,-51,-1.7062290963903681,342.4980451119094,-19.006631613225043,-64.85401212647665,-9.675134484328376
62,41,-50,-1.932079272019967,341.8239251478859,-18.280730067475826,-71.1450225481788,-50.28287906628134
62,42,-50,-1.8310217799394755,344.55419295555873,-18.44558217505632,-68.03655392879045,-38.4296446711604
62,43,-50,-1.7383736678177981,347.1433264122855,-18.579041659109127,-64.79471400993745,-17.956738540347974
62,44,-49,-1.9375158372551171,346.50081355011145,-17.813343396093757,-68.87444297552422,-51.28326049019845
62,45,-49,-1.8360279180017454,349.1411495153996,-17.867692675875585,-65.32513103104108,-39.63631654370364
62,46,-49,-1.7426854071565345,351.55076772803505,-17.882437790086623,-61.66422740308748,-18.750966612895766
62,47,-48,-1.9140405759118542,350.7498670053661,-17.05583743729398,-64.1877376609437,-48.270618194261495
62,48,-48,-1.8129726959082575,352.9642834301259,-16.97504326267708,-60.12362933865844,-35.43223215192988
62,49,-48,-1.7196342761432701,354.7984666575846,-16.84172792554644,-55.92559359307325,-9.255454411183601
62,50,-47,-1.861913790022306,353.4623966621308,-15.922521930384963,-57.390845851715085,-40.80099435886529
62,51,-47,-1.7616872909511962,354.6777015334912,-15.664459211119704,-52.70748022104756,-23.04220182523266
62,52,-46,-1.8869095441868242,352.4531706710987,-14.677622129104236,-53.28839414922502,-39.8760502161922
62,53,-46,-1.7798886711784145,352.54353396130364,-14.262337720822876,-48.01700880366415,-25.402579902092825
62,54,-45,-1.884449816210533,348.8703029071734,-13.166619169361743,-47.53441571638283,-34.81751760944918
62,55,-45,-1.7702242152237433,346.90798071423467,-12.535987581755096,-41.487015041906574,-20.035388967403463
62,56,-44,-1.8490404804623966,340.56617306659757,-11.255065244332544,-39.607258296502344,-26.18483041519553
62,57,-44,-1.725556102572923,334.48583503875784,-10.281718927765803,-32.3525446785757,-1.9703688771320313
62,58,-43,-1.769150038284827,322.16533912015063,-8.617622731153471,-28.2172777633738,-9.691359185698323
62,59,-42,-1.7828015187746336,303.23683178308494,-6.580296816398151,-21.729163549122344,-5.441958689766162
62,60,-40,-1.8920482783678167,266.58243815886544,-3.700664596264856,-12.30779398552856,-3.2515588908812423
63,1,-59,-36.75290370450485,262.41201523100693,-0.34479907422818207,-8.812515856460704,-8.711149369280502
63,2,-59,-6.999075275030417,197.83797886275374,-1.5302897944959306,-9.562561329675026,-8.547958153580426
63,3,-59,-3.8193362533250683,170.20600066239504,-3.1336045936264147,-11.020226487978896,-9.11207303498697
63,4,-59,-2.6193357408312736,156.12071366317744,-4.204102481160665,-13.545568639436409,-10.667504345927876
63,5,-59,-1.9912718836073786,151.43808915269278,-5.204125100199202,-16.307953495804135,-11.878473378753732
63,6,-59,-1.6054564583808566,157.88706635743745,-6.178722421831965,-18.547996463846374,-12.487585212920441
63,7,-59,-1.3445577727647593,182.94213010737099,-7.132218339318681,-20.377256647486703,-12.625046883648274
63,8,-59,-1.1564255143904396,244.22519720590313,-8.067602652573383,-21.85084082224698,-12.32918525043682
63,9,-59,-1.014371374900907,282.284358031869,-8.987060434510367,-22.99800303297094,-11.579773696380713
63,10,-59,-0.9033278201735386,299.1305980201578,-9.892256734144,-23.82182659395657,-10.281970430333166
63,11,-59,-0.8141470553179342,311.2326348164617,-10.784502237844853,-24.31602423320836,-8.256629192356641
63,12,-59,-0.74095513795126,320.1085703388701,-11.664855772137471,-24.463919744804247,-5.188135892004588
63,13,-59,-0.6798082832198635,326.4046441820546,-12.534190933765117,-24.211146306964633,-0.5504020684360917
63,14,-58,-1.3923403925972555,338.1352054195196,-12.034784082418705,-32.91936067520625,-18.00048359176278
63,15,-58,-1.2759998707083016,342.3350900641803,-12.833188157967339,-32.60496273713199,-14.221637882439731
63,16,-58,-1.1770812110443643,344.8624180638794,-13.621332945121932,-31.871321544134997,-8.730769337758016
63,17,-58,-1.0919756297248668,346.08992318217,-14.399407072640415,-30.64581790636811,-0.6167434461815462
63,18,-57,-1.6759222593918544,344.4392448709662,-13.836723072784315,-42.475560287332314,-25.66023848210763
63,19,-57,-1.551990207857817,344.4277164009538,-14.549036464256961,-41.61754335399187,-20.54974286742956
63,20,-57,-1.4443099065691232,343.4087453810828,-15.250662712449902,-40.35386377195893,-13.201023969121652
63,21,-57,-1.3499192592830502,341.9904599109113,-15.941524490751826,-38.58649909022422,-2.412590258698027
63,22,-56,-1.842210203295747,337.6029248327141,-15.369697040645573,-51.85014686219347,-33.29652985179793
63,23,-56,-1.7184834277683227,337.30823264327427,-16.001431576038158,-50.62519897914028,-27.116730585858797
63,24,-56,-1.6093444644384487,337.17939930524005,-16.621251718580023,-49.00631287980385,-18.25694851197304
63,25,-56,-1.5123911134813064,337.19216108792773,-17.228903333864025,-46.915831863362236,-5.2469235222161466
63,26,-55,-1.9320965752162964,333.84831382977177,-16.642375987671645,-60.28045313571563,-40.26471654951454
63,27,-55,-1.8122094309371628,334.7076894688468,-17.194348824385763,-58.70694498893016,-33.163790877786326
63,28,-55,-1.7052375216987081,335.6582281639305,-17.73260452566522,-56.80529463402149,-22.870538408507013
63,29,-55,-1.6092271151869824,336.68307684165194,-18.25671384793562,-54.52806886532545,-7.5556290183639865
63,30,-54,-1.967802724470912,334.26354620582197,-17.646011641655868,-66.98808334828983,-45.77123577032144
63,31,-54,-1.853574990489917,335.9472184202212,-18.11521543071637,-65.07504068319143,-37.570202664164505
63,32,-54,-1.7507056666236704,337.6671161604751,-18.568258551493386,-62.89253230114399,-25.71606076516559
63,33,-54,-1.6575981868347625,339.40934794620875,-19.00449026311895,-60.39947893720534,-7.172409767432617
63,34,-53,-1.9627731549232394,337.7906095741163,-18.35959591180368,-71.34736559262677,-48.873315892233244
63,35,-53,-1.8551013949916704,340.04315539100503,-18.739231866091345,-69.0572678795392,-39.24619467366558
63,36,-53,-1.7573726825394527,342.2822078534767,-19.09936763390691,-66.5199020341021,-24.68152698213408
63,37,-53,-1.6682768683483944,344.4939325026117,-19.43902823212206,-63.726950041226644,-0.8116456739831199
63,38,-52,-1.9257397293002356,343.5372872144754,-18.748366369452352,-72.70149692790959,-48.51496751646051
63,39,-52,-1.8249808166885282,346.11898181176736,-19.026903841272603,-70.0140532797684,-36.48460009090074
63,40,-52,-1.7328857499656762,348.6312585880923,-19.281184807083534,-67.14832165695836,-16.859649754227558
63,41,-51,-1.9649693563138104,347.8222114526221,-18.56985622615919,-73.72251794140666,-53.72485865768451
63,42,-51,-1.862554278029533,350.57936130579645,-18.757974697390335,-70.700188344927,-43.142016891188014
63,43,-51,-1.7686937135464742,353.212477143445,-18.916761770414197,-67.54864652368607,-25.6859235029555
63,44,-50,-1.97448796243458,352.47632598746054,-18.169726726131326,-71.9582083354955,-55.16331166436584
63,45,-50,-1.8715778730657147,355.20180275018544,-18.253876579936176,-68.50316573283108,-45.05766032946099
63,46,-50,-1.7769787240369586,357.72455697723944,-18.301494086102593,-64.9374732175004,-28.018836773086793
63,47,-49,-1.9554514688508466,356.9023291211626,-17.49998238485741,-67.71243938667794,-52.93649646748918
63,48,-49,-1.8529561412232627,359.30289650742515,-17.459013884948412,-63.763833593982305,-42.28964319684323
63,49,-49,-1.7583871837775291,361.3743452013077,-17.37051482018981,-59.68921076702524,-22.634717061504528
63,50,-48,-1.9083612435928567,360.1579778526673,-16.48744674477146,-61.44934567938027,-46.77020431857501
63,51,-48,-1.8068288741608902,361.7562526033461,-16.286332852147105,-56.92130441869795,-33.646542256656296
63,52,-48,-1.712656884555369,362.7937108952187,-16.01899404467764,-52.23216906068679,-3.520398319878881
63,53,-47,-1.8325597059891163,360.5521911380826,-15.008592151705106,-52.79125766900434,-35.33381431717051
63,54,-47,-1.7318736125554193,360.42876916357517,-14.582237364792839,-47.517634708600816,-11.337665295957617
63,55,-46,-1.8322515574900546,356.67381849827126,-13.462044872843146,-47.01792763576597,-31.391377223410935
63,56,-46,-1.724588391538391,354.44417955562574,-12.81724953269595,-40.972681939041486,-5.815455820706774
63,57,-45,-1.8006522176701265,347.9293066301985,-11.508871856246765,-39.080980781627865,-22.309031935075968
63,58,-44,-1.8617639845634102,339.0097737407865,-10.081425518296275,-36.1143255619775,-22.879299291708243
63,59,-43,-1.901599183344438,326.3875600020148,-8.455203961360334,-31.68092164122923,-19.141592511894473
63,60,-42,-1.908409510665527,307.1574189337465,-6.458835285504043,-24.853191397254854,-13.098867195311518
63,61,-41,-1.8474171348954236,272.00231309665895,-3.7814252841144924,-11.753515500177842,-0.9569537025172478
64,1,-60,-37.186704861170725,269.07214190000633,-0.34475613390442095,-8.88949177707857,-8.787952805630914
64,2,-60,-7.065433880283022,202.7742679539456,-1.5308179763205636,-9.643268487772293,-8.62167965643222
64,3,-60,-3.8544319410275296,174.37124104498588,-3.135915129011119,-11.102636828612848,-9.17931464580182
64,4,-60,-2.643082858724052,159.82421019761424,-4.208527113815468,-13.624055485936292,-10.73224543788213
64,5,-60,-2.0091866590194285,154.81907246176635,-5.210675100090234,-16.41376418006463,-11.961023330159827
64,6,-60,-1.6198278513160584,160.99369048397,-6.187634770937463,-18.68104299402102,-12.586821705566354
64,7,-60,-1.3565511616211303,185.71067530661628,-7.143706425468758,-20.538321245400322,-12.739982233060385
64,8,-60,-1.1667137635091507,246.3540795027826,-8.08186300125574,-22.03849961350171,-12.461835224628704
64,9,-60,-1.0233777574284306,287.45025976003416,-9.004276958006281,-23.21336217771236,-11.732797848993773
64,10,-60,-0.91133573337682,304.8515495728239,-9.912603636325457,-24.06935201716772,-10.4595690946101
64,11,-60,-0.8213554682497628,317.28921930537047,-10.808146123999869,-24.593258324994576,-8.470261265592116
64,12,-60,-0.7475090636028205,326.44317959919107,-11.691957257534867,-24.771504405100888,-5.458659232839491
64,13,-60,-0.6858166515860504,333.1091255490071,-12.564905920603659,-24.557350789235006,-0.9152429912503444
64,14,-59,-1.4050485854897268,345.10083726257193,-12.065705101274194,-33.3122990322158,-18.380786422244135
64,15,-59,-1.2876529932836012,349.50638929761175,-12.868215507768246,-33.038321966342835,-14.683051339592083
64,16,-59,-1.187839714228925,352.4064011039262,-13.660696278667734,-32.35182948688562,-9.324224226628857
64,17,-59,-1.1019663652191034,353.775140293176,-14.443340301586087,-31.176605821225245,-1.425643660485662
64,18,-58,-1.6921116607446793,352.18836759891434,-13.883577732856628,-43.038519788774394,-26.272659435041138
64,19,-58,-1.567011875761768,352.37341978641007,-14.60115960583693,-42.23007147405392,-21.29766204066248
64,20,-58,-1.4583202845735213,351.58727537369845,-15.308352970670093,-41.01760787922714,-14.165094879583986
64,21,-58,-1.3630459118322256,350.04912556892333,-16.005091997431727,-39.31295666227657,-3.7230631099938165
64,22,-57,-1.8612836381907678,345.4238130683781,-15.437453328262215,-52.610959733947496,-34.18567890116311
64,23,-57,-1.7363313373946945,345.0199362085668,-16.075873013556155,-51.43702926023822,-28.20635840898598
64,24,-57,-1.626115932668403,344.78876482390154,-16.70276111356708,-49.87836134822711,-19.662812386594236
64,25,-57,-1.5282103177596926,344.70566892984215,-17.317883627663544,-47.85923858018541,-7.154562793481065
64,26,-56,-1.9537355122101852,341.14527211844245,-16.73672593298327,-61.287061102016835,-41.47293387796898
64,27,-56,-1.8325913286842885,341.9170506939782,-17.29712333611087,-59.77048585919837,-34.6290759767735
64,28,-56,-1.7245042392525551,342.785847753508,-17.844299798981318,-57.933349481552064,-24.851603934362757
64,29,-56,-1.6274987361328632,343.73472085084546,-18.377858527760292,-55.72940355843381,-10.27390239964825
64,30,-55,-1.991835064450592,341.11510175111624,-17.773910963666964,-68.28696324294664,-47.39596692949057
64,31,-55,-1.8763352314870199,342.7308877729389,-18.253739201691065,-66.43755119030331,-39.60240661025917
64,32,-55,-1.7723293720860274,344.3888677830742,-18.71806647153788,-64.32503308122382,-28.370343663846548
64,33,-55,-1.6782016716729575,346.0753063457775,-19.166294091391087,-61.896441393398064,-11.126959645090938
64,34,-54,-1.989118462157178,344.27263408492234,-18.529954568017477,-72.98997712702918,-51.00850614190689
64,35,-54,-1.8801739713410424,346.47943384496347,-18.923111613737227,-70.7625652263179,-42.00241371779079
64,36,-54,-1.781302977818608,348.67999319023187,-19.2976794289364,-68.30451483632214,-28.67190065139825
64,37,-54,-1.691178252997374,350.8609708257872,-19.652769345707096,-65.59740912962057,-7.185431841344219
64,38,-53,-1.954392964685223,349.74127629719476,-18.97318004038963,-74.79405943788409,-51.412090300438415
64,39,-53,-1.8523779624278531,352.3072804973147,-19.269254690968182,-72.18374177803271,-40.48177981429084
64,40,-53,-1.7591537880834573,354.81424155748874,-19.542398997075615,-69.36172184230949,-23.016409784265107
64,41,-52,-1.9973702860266132,353.86535261895057,-18.84461736035161,-76.24008041746039,-56.987275305487955
64,42,-52,-1.893599633605231,356.6394798388686,-19.054398565924952,-73.29976716007393,-47.38600167925716
64,43,-52,-1.7985256626800021,359.30469645590773,-19.236681138105983,-70.23401756463029,-32.329259122654115
64,44,-52,-1.7110804459941904,361.8403526071772,-19.38955175962452,-66.98943910720182,-5.06366575147988
64,45,-51,-1.906513967517941,361.2573131953562,-18.618371165618548,-71.58700029629222,-49.89448695630834
64,46,-51,-1.8106462378956878,363.87161703583297,-18.696091052017604,-68.11283010692233,-35.45394170427104
64,47,-51,-1.7222176564653924,366.2769810399831,-18.737118147473407,-64.52418676444987,-8.552483492777656
64,48,-50,-1.892137688197524,365.5586938203042,-17.912325001006867,-67.3028074388477,-48.03112689779616
64,49,-50,-1.7963012796618334,367.82475465738116,-17.864078928195074,-63.34255521558516,-32.557444279563626
64,50,-49,-1.9537603743531682,366.67830499644487,-17.01284153854213,-65.37816407026308,-51.96248950779406
64,51,-49,-1.8508465650515382,368.5873612121661,-16.861927056947444,-60.990929615708616,-41.47799783059382
64,52,-49,-1.755529433686385,370.0201141403297,-16.65221635764203,-56.455608528142015,-20.968928974534847
64,53,-48,-1.8836471280124383,368.09100425079885,-15.69087822201253,-57.36596700527844,-42.61963479001838
64,54,-48,-1.781889216228185,368.62222078389374,-15.341662898148693,-52.298615139906154,-27.127751863467722
64,55,-47,-1.891837354269237,365.5148296469836,-14.291987575123077,-52.24457597806649,-38.93392435154159
64,56,-47,-1.7835030523124444,364.4500599689176,-13.759535197913921,-46.50657401522003,-24.74209920840163
64,57,-46,-1.8712827972464179,359.31583082051395,-12.565868402242309,-45.247513171358804,-31.721230422735246
64,58,-46,-1.7553448892636174,355.26795695692283,-11.764508041067062,-38.56047764531937,-14.051839196632681
64,59,-45,-1.8146251670931954,346.10374415323497,-10.306545001798572,-35.58529290204624,-20.31022465729795
64,60,-44,-1.8537194872816225,333.136270496573,-8.643751511319275,-31.146072405590584,-17.700901434602624
64,61,-43,-1.8615822798940025,313.40019571029796,-6.5985600222911795,-24.31359772987854,-11.716216702276677
64,62,-41,-1.9660662597883396,275.47929981014823,-3.7295139835218234,-14.489540380117562,-5.624440864839953
65,1,-61,-37.61662844666442,275.78768404460936,-0.3447144721085594,-8.965804070879617,-8.864086085192943
65,2,-61,-7.1311912358010865,207.75098415535643,-1.5313281681329325,-9.723305336296278,-8.69477658006783
65,3,-61,-3.8892143620002164,178.57007164451818,-3.138150355259253,-11.184457243570979,-9.246090103157565
65,4,-61,-2.6666196291291273,163.5572230826603,-4.212808434131141,-13.701562479334731,-10.796167149848051
65,5,-61,-2.0269434842675045,158.22727356485817,-5.217013585928139,-16.51767020902276,-12.042732220486636
65,6,-61,-1.634072923349319,164.1276735254698,-6.196259804351173,-18.81192934135015,-12.684490948058958
65,7,-61,-1.368439354355242,188.51236563321157,-7.154824485875311,-20.695440606107695,-12.853614745684638
65,8,-61,-1.1769119057503667,248.5371138276278,-8.095664178213246,-22.22431541085966,-12.59282121379617
65,9,-61,-1.032305339917635,292.62583580208104,-9.020939058149693,-23.425319939160655,-11.882653069171813
65,10,-61,-0.91927362849479,310.50303724906206,-9.932294987043798,-24.309443633757464,-10.633979284570191
65,11,-61,-0.8285008766145672,323.39747341219777,-10.831027605915805,-24.86683551195694,-8.679239614448854
65,12,-61,-0.7540057117992494,332.83245968035527,-11.718183850182573,-25.074602757464366,-5.722158213718855
65,13,-61,-0.691772504737658,339.865968390142,-12.594627925503048,-24.896252090636356,-1.268828944540076
65,14,-60,-1.4176430136275748,352.03857393779316,-12.095590310080002,-33.699462739544884,-18.75262162212584
65,15,-60,-1.2992015650230266,356.74480278314826,-12.902063236365295,-33.46472656556807,-15.132096353474655
65,16,-60,-1.198501444268843,359.89333198382286,-13.6987263587543,-32.823971964517355,-9.894406753007305
65,17,-60,-1.111866970402602,361.53408610790814,-14.485776327740334,-31.697123129044225,-2.203761123767854
65,18,-59,-1.7081488564791885,360.0157748492097,-13.928806873522477,-43.58802740556551,-26.86894156054714
65,19,-59,-1.581891642465532,360.40044020176725,-14.651460840400109,-42.83170973067743,-22.022267060106813
65,20,-59,-1.4721976209108645,359.85057399405486,-15.364010594924503,-41.668442024934336,-15.09423568432019
65,21,-59,-1.3760472018947614,358.1916249822637,-16.066400765776322,-40.02394854669708,-4.979588161623304
65,22,-58,-1.8801671549704904,353.32976435688715,-15.50277094717327,-53.358006127902634,-35.047794097049746
65,23,-58,-1.7540002060481938,352.81583263935016,-16.14760988409333,-52.2330130826706,-29.257312612027345
65,24,-58,-1.6427178024496816,352.4814090078439,-16.78127952907215,-50.73203959163828,-21.01142733955459
65,25,-58,-1.543868163460515,352.3014845833938,-17.403564198930358,-48.781210100262726,-8.974924380460227
65,26,-57,-1.9751451894376293,348.5257572590157,-16.82753585812177,-62.27425179779263,-42.64106514160752
65,27,-57,-1.85275499665856,349.20888285967186,-17.395997106222413,-60.812246559866715,-36.03810943004064
65,28,-57,-1.7435623209511508,349.99476726684077,-17.951703751180585,-59.03688283610814,-26.741610051959434
65,29,-57,-1.6455700811763938,350.86635957223007,-18.49428834412173,-56.90303469048698,-12.837644441053866
65,30,-56,-2.0155952446945444,348.04760474423375,-17.896770796002937,-69.55914490608461,-48.934783763261876
65,31,-56,-1.8988339614214076,349.59390086330757,-18.386727258953723,-67.7706558809121,-41.544289186286406
65,32,-56,-1.7937007447044655,351.1881286771707,-18.861797391942016,-65.72508457129636,-30.870309538183047
65,33,-56,-1.6985607006715675,352.8166735181471,-19.321429119955813,-63.35571157503896,-14.850604020991588
65,34,-55,-2.015142558969221,350.8302777507936,-18.69319133906496,-74.58562413668899,-53.03329856735557
65,35,-55,-1.904934756667532,352.98856151690524,-19.099168363498933,-72.42825124501833,-44.62016016313675
65,36,-55,-1.8049293197470542,355.14740982162823,-19.487395444050577,-70.04587515977434,-32.17126194151913
65,37,-55,-1.7137820624632771,357.293900778109,-19.857060080895895,-67.42059035862276,-12.558714986758215
65,38,-54,-1.9826651629582552,356.00965507971523,-19.18787902904225,-76.83989518866075,-54.167938411557984
65,39,-54,-1.8794007347622732,358.5548230323442,-19.500457612726255,-74.27352595559653,-44.07521013588592
65,40,-54,-1.7850522292719295,361.05041619142185,-19.791309534073832,-71.51873098672955,-28.39972294455022
65,41,-54,-1.6985105082967509,363.48164483154744,-20.05921405831957,-68.56693324870992,-1.9490936162622248
65,42,-53,-1.9241839605880569,362.7402836179903,-19.336176117779313,-75.82870006136156,-51.17013049843008
65,43,-53,-1.827897374323541,365.4274043495799,-19.540331915376804,-72.81274956125722,-37.80115290470318
65,44,-53,-1.7393634335988712,368.00023760119825,-19.716924287547716,-69.64711154299675,-14.847020051834168
65,45,-52,-1.940875636456214,367.31983506688306,-18.963199611623672,-74.5817811874918,-54.06127978640612
65,46,-52,-1.8437313823818253,370.00761229897597,-19.068622358595604,-71.1958719321505,-41.70590390971393
65,47,-52,-1.7541672168847593,372.51077959911015,-19.140051156771175,-67.69632489166912,-19.828923909635492
65,48,-51,-1.9305822868434288,371.75786889879976,-18.338300033794876,-70.74882768033005,-53.017437618713494
65,49,-51,-1.833451233586387,374.18405886444344,-18.326479578895412,-66.89532715796486,-40.30312082343606
65,50,-51,-1.7436054681421664,376.31612773187055,-18.271087397659855,-62.92399216429542,-15.879990201747644
65,51,-50,-1.8938625620344571,375.23219764418735,-17.397346454657036,-64.93175659931899,-47.78175771401072
65,52,-50,-1.7973264047272517,376.9865155245929,-17.238406393865787,-60.535891322284655,-32.545904774809934
65,53,-49,-1.9333696907242204,375.27729051254937,-16.319184216730594,-61.76818554182226,-48.52867169261507
65,54,-49,-1.8303857027596155,376.3277471791092,-16.03603178306965,-56.88146973329416,-37.300278370276644
65,55,-49,-1.7345294848524873,376.66410808076273,-15.676871308752453,-51.81046606196191,-11.669925992234973
65,56,-48,-1.8400716706095726,373.5026910952432,-14.603860791021537,-51.73814435377512,-35.20082600438226
65,57,-48,-1.737865395668212,372.19990482418916,-14.059114367996875,-46.00031833116383,-11.639253753085116
65,58,-47,-1.8224367454321104,366.93738661701553,-12.840258523782223,-44.72769585841674,-28.376384505056837
65,59,-46,-1.8955592235187386,359.9320038169051,-11.542213000204372,-42.578668675326085,-29.216644446250516
65,60,-46,-1.7704183742434128,353.1751195174846,-10.533100156897424,-35.062224517790106,-14.36017771466341
65,61,-45,-1.8088228497850953,339.86403206869534,-8.833091024763396,-30.617539149382825,-15.21056352539566
65,62,-44,-1.8176297499164031,319.6247631088922,-6.73826403307653,-23.78082432317168,-9.62004380819396
65,63,-42,-1.919350616689298,280.9304502546014,-3.8083587143846507,-13.930730281000706,-4.411538954413399
66,1,-62,-38.04276512112957,282.5581879765104,-0.34467403366033555,-9.041469664150531,-8.939566543762886
66,2,-62,-7.196363098649041,212.76780124577766,-1.5318212730041616,-9.802688305960524,-8.767264509729571
66,3,-62,-3.923691692166649,182.80222434069455,-3.1403138968554307,-11.26569973507609,-9.312408294732549
66,4,-62,-2.689951523416883,167.31951312576513,-4.216953295262902,-13.77817339207849,-10.859296120867068
66,5,-62,-2.044546458782578,161.66244380005983,-5.223150640471502,-16.62080832847226,-12.122957700142951
66,6,-62,-1.6481949484591447,167.28865724625564,-6.204611193574804,-18.940833527248813,-12.78133624007419
66,7,-62,-1.3802250752413414,191.34643374113676,-7.165590110729827,-20.850804499960354,-12.966084446119476
66,8,-62,-1.1870222737984855,250.77222667965674,-8.109028003890892,-22.408346827720344,-12.722206405158152
66,9,-62,-1.0411561623918555,297.78045966290256,-9.03707308616596,-23.635021597197625,-12.029022248487886
66,10,-62,-0.9271433188490343,316.1923930153399,-9.951361963346203,-24.54652485414056,-10.805348131324441
66,11,-62,-0.8355849131946242,329.5452118488789,-10.853182980591843,-25.1368976918209,-8.883798172954
66,12,-62,-0.7604465683529964,339.27580035433874,-11.74357726429704,-25.373400103843146,-5.97901028747161
66,13,-62,-0.6976772067017498,346.4824527739604,-12.623404384089229,-25.229835934935195,-1.611804715340334
66,14,-61,-1.4301266858900819,359.039037510588,-12.12449105733973,-34.08109849985969,-19.116434922801314
66,15,-61,-1.310648362733277,364.04955938910774,-12.934790179524352,-33.88448705062561,-15.569473664435217
66,16,-61,-1.2090689837269568,367.2935821586614,-13.735490127799785,-33.28813599249547,-10.44282472133651
66,17,-61,-1.1216798635928722,369.2640068969296,-14.526790870599534,-32.20787008708196,-2.934982596968701
66,18,-60,-1.7240380671776283,367.92058570907454,-13.97249423810221,-44.12865577400529,-27.4500263868467
66,19,-60,-1.5966334748350883,368.5078965633255,-14.700034852939051,-43.42297973525659,-22.725003885742332
66,20,-60,-1.4859456681199283,367.93184115081965,-15.41774221680665,-42.30701237567605,-15.990727283056277
66,21,-60,-1.388926700225828,366.4171075090135,-16.12557048428804,-40.7202805089674,-6.18584685430045
66,22,-59,-1.8988663304053384,361.31987250893036,-15.565780909989762,-54.09196473104697,-35.8845972214351
66,23,-59,-1.7714953572531171,360.69504629260746,-16.21678912263697,-53.01396224318108,-30.251548434132925
66,24,-59,-1.6591551854378717,360.25649343830696,-16.856971415049653,-51.56832281882263,-22.306829885710343
66,25,-59,-1.5593695859686423,359.97881440460435,-17.486128800209467,-49.68292230123822,-10.714420550831926
66,26,-58,-1.9963327970030285,355.9889426844265,-16.915005511660887,-63.243020323981746,-43.771829158386225
66,27,-58,-1.8727074022001542,356.58242380022045,-17.491193350660566,-61.83337836906702,-37.39491668743289
66,28,-58,-1.7624185569329154,357.28430196289213,-18.055065649496253,-60.11722935265539,-28.4548634046042
66,29,-58,-1.663447804461761,358.0774006329449,-18.606281561688146,-58.048179143276414,-15.274069162807915
66,30,-57,-2.039092494849308,355.0604805018873,-18.014892931150598,-70.8060531033527,-50.41968762139023
66,31,-57,-1.9210802698565286,356.53581756059486,-18.514516988639958,-69.07596635733911,-43.34591563838182
66,32,-57,-1.8148287892194452,358.0646194052246,-18.99982868312886,-67.0945112971,-33.248847882093145
66,33,-57,-1.7186842471770485,359.6333613086485,-19.470317798566754,-64.77954529843814,-18.312008084924624
66,34,-56,-2.0408574630973195,357.4635827974516,-18.849765346575516,-76.1470081613447,-54.97817368097259
66,35,-56,-1.9293958126394384,359.5708616491503,-19.267917712653265,-74.05662426380714,-47.01990939415981
66,36,-56,-1.8282638930422075,361.6851175524884,-19.669095718276754,-71.74655564554725,-35.395210584833926
66,37,-56,-1.7361006874972327,363.79378533984453,-20.05255436338715,-69.1993751703582,-17.47782171978262
66,38,-55,-2.010572557116367,362.3438741746189,-19.393178867402625,-78.79062682308134,-56.78305960870912
66,39,-55,-1.9060658127206342,364.86366396273814,-19.721323733083082,-76.29780895444202,-47.32793150996784
66,40,-55,-1.8105983408985655,367.3425695578177,-20.028838939505924,-73.62289630653764,-33.140933447669305
66,41,-55,-1.7230460896679392,369.7666188940432,-20.314618424993203,-70.75601771451635,-9.630171801098
66,42,-54,-1.9543306917725083,368.8864653395226,-19.60447460260347,-78.24852726201698,-54.74664862691896
66,43,-54,-1.856833664143191,371.5866803657815,-19.82905867576785,-75.31570296941905,-42.791797985834876
66,44,-54,-1.767210766820956,374.1862102612719,-20.027731923979868,-72.23741640093388,-23.03588639236998
66,45,-53,-1.9746974205083487,373.39925631956413,-19.29011432843232,-77.49242233352479,-57.996398570744105
66,46,-53,-1.876271817065913,376.145230091588,-19.42114428889164,-74.19187199710845,-47.189105001667755
66,47,-53,-1.7855633805199753,378.72767336156323,-19.52054561516641,-70.77850076471698,-28.802489643929146
66,48,-52,-1.968344888390372,377.9212821400551,-18.73973957159059,-74.10897835606926,-57.42786887601165
66,49,-52,-1.8698993055331465,380.47934381890457,-18.761095162451202,-70.3557077676229,-46.680604599895204
66,50,-52,-1.7788975124990338,382.7790456774245,-18.742502174889555,-66.49010736679858,-27.559702458052026
66,51,-51,-1.9359750203660953,381.73753800750427,-17.897517249013116,-68.75627211641057,-53.176198330457694
66,52,-51,-1.8381651938968748,383.75577383126716,-17.783777721918877,-64.48826588040845,-41.152063889252034
66,53,-51,-1.747392515390103,385.3561897532395,-17.616931761497835,-60.08428277329086,-16.667868079533392
66,54,-50,-1.8775732902981004,383.66559604099166,-16.675533328887585,-61.293032075027114,-44.654210349407414
66,55,-50,-1.7806509251063765,384.535764045949,-16.383265152008633,-56.40101844914515,-27.70626703034541
66,56,-49,-1.8947263167105737,381.8617230450779,-15.369442340263673,-56.72285939344433,-42.560751692870525
66,57,-49,-1.7916673641951892,381.46315727819933,-14.917804731084665,-51.23636520697378,-28.263523418024892
66,58,-48,-1.8863656482290032,377.1910007980919,-13.788956033348462,-50.48845799528531,-36.657300918351964
66,59,-48,-1.77666841880873,374.5337045587787,-13.116588463628567,-44.21313517081452,-21.50742263523214
66,60,-47,-1.8473217002704223,367.3446485502517,-11.791760359801218,-42.05379519379931,-27.317716898780034
66,61,-47,-1.7288700265558374,360.2247406828083,-10.761066352853828,-34.54502124544815,-0.6734551340230606
66,62,-46,-1.7666299274645156,346.5716591099294,-9.023175160722234,-30.095195786015406,-9.050805139330754
66,63,-45,-1.7762858476369359,325.8318740181994,-6.877916685442597,-23.254700796328372,-4.124442859295649
66,64,-43,-1.8754335286895234,286.36767489106643,-3.887253339630677,-13.379477557336193,-3.063959941017604
67,1,-63,-38.465202328078576,289.38321097661634,-0.3446347664329242,-9.1165047740919,-9.014410779453705
67,2,-63,-7.260964558522539,217.8244007896787,-1.5322981345939777,-9.881433167294626,-8.839158394590921
67,3,-63,-3.9578717599862725,187.06743737461167,-3.1424091492668693,-11.346375927025887,-9.378277863536757
67,4,-63,-2.7130837804508445,171.11084708078428,-4.220968120177523,-13.853904347078233,-10.92165754519245
67,5,-63,-2.061999507824229,165.12434217854525,-5.229095715635905,-16.722179140528763,-12.202664036600336
67,6,-63,-1.6621970615133526,170.47629959520796,-6.2127017563792855,-19.068831478897266,-12.876814031471454
67,7,-63,-1.3919109327528774,194.21215897366415,-7.176019792935108,-21.00488797759371,-13.077429403958911
67,8,-63,-1.1970471011080677,253.05749147233269,-8.121974938059548,-22.58730250460841,-12.849037708095663
67,9,-63,-1.0499321779983712,302.9769608013321,-9.05270374971567,-23.84254328832108,-12.173308459538974
67,10,-63,-0.9349465404257775,321.92808215695567,-9.969833796217829,-24.78089050012731,-10.97381284876766
67,11,-63,-0.8426091410068648,335.6027361175127,-10.87464627638067,-25.400018059560576,-9.08415432430413
67,12,-63,-0.7668330554457019,345.77261370030675,-11.768176601931208,-25.668070114406945,-6.2295651673017245
67,13,-63,-0.7035320629293531,353.1545258694754,-12.651279754159598,-25.558329026225316,-1.9447658132128667
67,14,-62,-1.4425024800896287,366.10150380222603,-12.152455341755699,-34.457436899304014,-19.472639090655658
67,15,-62,-1.3219960414701422,371.41991546375726,-12.966451307992072,-34.297893187539096,-15.995829975086764
67,16,-62,-1.2195448010856076,374.7611728954224,-13.77105009686633,-33.74468227682191,-10.975341212091978
67,17,-62,-1.1314073553782014,376.858754620457,-14.566454595032766,-32.70931195183202,-3.641602539303759
67,18,-61,-1.739783320145118,375.58398369191616,-14.014717872470582,-44.66080997660344,-28.016780263765327
67,19,-61,-1.6112411558944355,376.36239946222605,-14.74696982161007,-44.004366284968846,-23.407198844176648
67,20,-61,-1.4995680025209175,375.985795368617,-15.469647060292687,-42.93391835539804,-16.849801174247524
67,21,-61,-1.401687807446101,374.72474258506173,-16.182712429245804,-41.402698726080274,-7.3451968272845125
67,22,-60,-1.9173864689195341,369.3932530570589,-15.626604885963426,-54.81346471355225,-36.69766263220642
67,23,-60,-1.7888218498180644,368.6567199836804,-16.28354704784059,-53.78062797281815,-31.210729981152834
67,24,-60,-1.6754329340849714,368.11319418265987,-16.929989172666225,-52.38811197713092,-23.535119389389383
67,25,-60,-1.5747192650497468,367.73687444996057,-17.565747518625663,-50.565459822040225,-12.37886113329903
67,26,-59,-2.0173051447551327,363.5340099691147,-16.999319569223655,-64.19428651950795,-44.867697983973514
67,27,-59,-1.8924551347818366,364.0369121208399,-17.582918161523672,-62.8349437682416,-38.70314508701812
67,28,-59,-1.7810793590397995,364.6537589767735,-18.154615299658783,-61.175618823547744,-30.094135768816926
67,29,-59,-1.6811381786209612,365.36723284970265,-18.714094309075193,-59.159920327154516,-17.59306925565344
67,30,-58,-2.0623355044453326,362.15312669917483,-18.128554750050903,-72.02900030011153,-51.85448974070142
67,31,-58,-1.9430826963747845,363.5561536678767,-18.63741791575267,-70.35496476087238,-45.0497222503739
67,32,-58,-1.8357219459835958,365.0179966030025,-19.132505859601615,-68.4349884877424,-35.51567979670447
67,33,-58,-1.7385807008434329,366.5251936326376,-19.61334607297168,-66.17000571200491,-21.34178992373968
67,34,-57,-2.0662743906152095,364.17247760914466,-19.000095220844788,-77.6760116006397,-56.849261927704354
67,35,-57,-1.9535683614917139,366.22650636492017,-19.42982859467251,-75.64978595702301,-49.25801926111002
67,36,-57,-1.8513179961005894,368.2935794749656,-19.84330633384552,-73.40890415722158,-38.44937170736967
67,37,-57,-1.758145575067612,370.36143486032046,-20.239843492859293,-70.93638787023939,-22.00604720595143
67,38,-56,-2.0381300994195746,368.74506316658545,-19.589724769263338,-80.69699621343867,-59.17252732249216
67,39,-56,-1.9323884899982215,371.235447512401,-19.9325818451504,-78.27605221483212,-50.41342669117974
67,40,-56,-1.8358078779322222,373.69296683706466,-20.255812826990578,-75.67742850534651,-37.51817390212657
67,41,-56,-1.74724936329371,376.10434881237836,-20.558411922907396,-72.89155657513926,-16.624550417469845
67,42,-55,-1.9840609835569096,375.0818709508138,-19.860329817262283,-80.61334321770654,-57.94168521073974
67,43,-55,-1.8853567885695264,377.78752181103124,-20.10404828498313,-77.7598166050561,-47.080506072816284
67,44,-55,-1.794646064075998,380.40468738525016,-20.323341318087603,-74.76472307338146,-29.737822872695585
67,45,-54,-2.008009836439019,379.503667319652,-19.600644182569475,-80.32269200943655,-61.54528202100685
67,46,-54,-1.9083005144606209,382.2948200305464,-19.75543770997311,-77.10509145741709,-51.80048048369663
67,47,-54,-1.8164421542105431,384.9408722440211,-19.880690817433667,-73.77476650302611,-36.26245331343516
67,48,-54,-1.7315154863374507,387.4179712491714,-19.97420391531751,-70.32600827762927,-7.571030171140177
67,49,-53,-1.9056981634843773,386.7322194615738,-19.170771737834194,-73.7306991606009,-52.15954746516633
67,50,-53,-1.8135201642730212,389.1706471700949,-19.1856857226624,-69.96440290716932,-36.56047358816062
67,51,-53,-1.7280500411310709,391.3442832717071,-19.16044708923207,-66.08724413584657,-5.60172993239619
67,52,-52,-1.8781401182338253,390.37601694476086,-18.293340981667622,-68.32509060278855,-47.95149974271181
67,53,-52,-1.7862356219176196,392.24972626057433,-18.172183881017325,-64.04776401630114,-29.88751896123552
67,54,-51,-1.9236122869971841,390.7237679029428,-17.268011328047223,-65.55381111034886,-50.723355892625754
67,55,-51,-1.8255160625876932,392.0247837534801,-17.033899863166372,-60.82147948948416,-38.19452971348167
67,56,-51,-1.7340974015051784,392.71584284978195,-16.732616892811542,-55.92462863496383,-9.639647114910384
67,57,-50,-1.8436287193056355,390.0104356266024,-15.696353267608462,-56.22718975367184,-38.367521759522724
67,58,-50,-1.746300305070449,389.3970498448476,-15.233847904806362,-50.7392231589144,-14.830877450652201
67,59,-49,-1.8374672951769913,385.03107738092154,-14.08139670469718,-49.976380910177134,-33.35237116635886
67,60,-49,-1.733688357991064,382.1056206385896,-13.394868681134767,-43.70377873468006,-7.139043109054926
67,61,-48,-1.8020706914794002,374.73349720759967,-12.043001865486895,-41.534346338231884,-23.340248882703015
67,62,-47,-1.856192125982234,364.7712609477483,-10.560497711785883,-38.276978422894416,-23.7060902278642
67,63,-46,-1.8902633824825537,350.8208106777831,-8.859637820183956,-33.53177005973384,-19.68588046118494
67,64,-45,-1.8935172140326668,329.7778714676555,-6.755757993549825,-26.354328975399877,-13.327315519911837
67,65,-43,-1.9906523864761672,289.8232052410963,-3.8375458331589143,-16.103505484917648,-6.784518294931777
68,1,-64,-38.884024442046574,296.26232085974425,-0.34459662115146433,-9.190924949780602,-9.088634696026165
68,2,-64,-7.32501007627109,222.92047183171613,-1.5327595419547106,-9.959555067159396,-8.910472583408552
68,3,-64,-3.9917620666901734,191.3654550993298,-3.1444392967587365,-11.426497079900228,-9.443707214674088
68,4,-64,-2.736021420162223,174.93099739583778,-4.224858934893915,-13.928780006016888,-10.983275291030573
68,5,-64,-2.079306392664169,168.61273496372283,-5.234857681072503,-16.822839872334512,-12.280770621326777
68,6,-64,-1.6760822664136281,173.69027353598514,-6.220543522412016,-19.19466482400446,-12.970424540185704
68,7,-64,-1.4034994263526488,197.10886345517756,-7.18612901233403,-21.157550395865606,-13.186508043596538
68,8,-64,-1.2069885277329364,255.39111526684508,-8.134524184221977,-22.76441484858634,-12.973200964576519
68,9,-64,-1.0586352581230516,308.148363606082,-9.067854239043589,-24.04795691512958,-12.315596110594424
68,10,-64,-0.9426849564409374,327.64968921166417,-9.987737920090764,-25.012636460967435,-11.13950158121027
68,11,-64,-0.8495750574341812,341.7092285430218,-10.895449427566092,-25.65867227732919,-9.280510363306314
68,12,-64,-0.7731665354104973,352.18703583367176,-11.792018554462391,-25.95877576800852,-6.474147345866362
68,13,-64,-0.7093383237928896,359.8815974105689,-12.67829574610059,-25.881943681161452,-2.2682630803611805
68,14,-63,-1.4547731508928972,373.2244851646031,-12.179528081935429,-34.82869376491643,-19.821616961556202
68,15,-63,-1.3332471419645362,378.6405052031359,-12.997098041136535,-34.705215763433955,-16.41176307552463
68,16,-63,-1.229931257777988,382.29536801251226,-13.80546470840535,-34.19394748163105,-11.492860243372904
68,17,-63,-1.1410516553366576,384.52201880100426,-14.604833529048788,-33.20188205328194,-4.325094714165554
68,18,-62,-1.7553884617609528,383.313070229677,-14.055550605145939,-45.18486738051096,-28.570001749164366
68,19,-62,-1.6257182967636667,384.2752173690341,-14.792347972279282,-44.5763206600862,-24.070070699796858
68,20,-62,-1.5130680358620492,384.1177218567735,-15.519817580861545,-43.54971690152244,-17.66631637840582
68,21,-62,-1.4143337655055512,383.1137194055612,-16.237930200197724,-42.071895294011874,-8.46070624749136
68,22,-61,-1.9357326213524677,377.549042997539,-15.685356030459433,-55.52309032544752,-37.48843268905454
68,23,-61,-1.8059844965011724,376.70001513308097,-16.348010318539085,-54.53370664831552,-32.14050018893703
68,24,-61,-1.6915556603782136,376.05070243422745,-17.00047425720478,-53.19224085841465,-24.690993668745495
68,25,-61,-1.5899216438300015,375.57489171257777,-17.642578048124346,-51.42982491329108,-13.97352154732534
68,26,-60,-2.0380686911237644,371.1601505992746,-17.080649059080006,-65.12218843478095,-45.93092426545899
68,27,-60,-1.9120044355591914,371.57158993372843,-17.67136215714668,-63.81792514435036,-39.96610695322367
68,28,-60,-1.7995507913719906,372.1024412332409,-18.250564958831998,-62.21318660735099,-31.66837627861748
68,29,-60,-1.698647126648096,372.7352315752372,-18.81796280100963,-60.24725051361912,-19.76634324251688
68,30,-60,-1.607625077192554,373.45397307461786,-19.373235552658272,-57.819912942853044,-1.6918553035384738
68,31,-59,-1.9648492794823005,370.654390260235,-18.755714619861827,-71.60901709991828,-46.689492963302435
68,32,-59,-1.8563881431407632,372.0478651709731,-19.260145996376284,-69.72547738728116,-37.62958035460333
68,33,-59,-1.758257923804686,373.4919221866298,-19.75086740241188,-67.52898416266267,-24.217791458022784
68,34,-59,-1.6690672440607885,374.97385824187535,-20.227402806547854,-64.98596898940845,-3.790842654576414
68,35,-58,-1.9774628731487103,372.9555427361614,-19.5853286835839,-77.20966316502629,-51.40197683649827
68,36,-58,-1.8741021371478928,374.9730952931884,-20.010505854764737,-75.03506926617369,-41.28974003032341
68,37,-58,-1.7799273354640923,376.9974495307639,-20.419463854653163,-72.63402544451479,-25.899820134805612
68,38,-58,-1.6937758245229328,379.0168043744171,-20.811513073511005,-69.96074329778168,-1.3822463080049365
68,39,-57,-1.9583828467659448,377.6714781906736,-20.13488920257242,-80.21089451474225,-53.312551534612375
68,40,-57,-1.860695279771681,380.10344205473814,-20.472973075790453,-77.6852443642882,-41.28763992694148
68,41,-57,-1.7711352406206768,382.4973059797514,-20.79143447756156,-74.97677694751523,-22.426441626148275
68,42,-56,-2.0133940429229895,381.32965381565634,-20.104665334829388,-82.92637360056257,-60.95487026598844
68,43,-56,-1.913486831645242,384.0340453936399,-20.3663539583373,-80.14864263177054,-51.122493878131124
68,44,-56,-1.821690497804351,386.6609646715647,-20.604958793413058,-77.23295274076526,-35.84357536008641
68,45,-56,-1.7370473655835044,389.19450158634135,-20.81909722590481,-74.17490800469827,-9.252710456133345
68,46,-55,-1.9398465936389413,388.46487526958964,-20.073056175746963,-79.9403485560634,-56.13538387718702
68,47,-55,-1.846835051673005,391.16117855327957,-20.22229597722947,-76.69031255945538,-42.657360489029
68,48,-55,-1.7608729355068076,393.70716872497763,-20.341902964369233,-73.32306944813051,-18.720869664994286
68,49,-54,-1.940892924364253,392.9601051912729,-19.557932350492248,-77.02636871382103,-56.86338034870916
68,50,-54,-1.847523950648249,395.5132782711236,-19.603529635986128,-73.35379977623447,-43.85892989003754
68,51,-54,-1.7609982258309815,397.8323475578777,-19.612127029289937,-69.57502627739379,-19.684761684106128
68,52,-53,-1.9173284477790815,396.8847363458048,-18.771206038905447,-72.05659818586112,-53.66698738629793
68,53,-53,-1.8242518929723244,398.9848528203982,-18.691069884556747,-67.89646396430948,-39.555555237657416
68,54,-53,-1.7376987454665231,400.71474574478816,-18.5626120559584,-63.61031256723422,-9.850111562036535
68,55,-52,-1.869279154779719,399.2213711773748,-17.63676669482792,-65.09218204211939,-46.011913831536575
68,56,-52,-1.7768281960270673,400.35559480792415,-17.39432470957958,-60.35356451743575,-26.695931432187678
68,57,-51,-1.89404214501626,398.0227926440022,-16.408753295949335,-61.01113451102502,-45.714713842859325
68,58,-51,-1.7957863898551691,398.13180364053966,-16.02532934543968,-55.735733395995304,-30.766421836641335
68,59,-50,-1.8958847988722298,394.5008913636824,-14.94617176519342,-55.42462923542229,-41.11762288333745
68,60,-50,-1.7916084602044087,392.8454960551147,-14.375830625556677,-49.469088866626095,-27.01405837554923
68,61,-49,-1.8709301903676858,386.9970998459559,-13.144709249215623,-47.94320040002477,-33.19641293783012
68,62,-49,-1.7595294914262847,382.09936114425227,-12.295931137803157,-41.020255675663876,-14.697428495153016
68,63,-48,-1.8121908851369317,371.8840385433176,-10.782793145339303,-37.755961339421724,-20.945200185466227
68,64,-47,-1.8457734228802154,357.58152880616007,-9.044542404453589,-33.00634634693701,-18.205016384531245
68,65,-46,-1.8501063866051946,336.0277683864487,-6.891068181327326,-25.825316418059792,-11.9274360565008
68,66,-44,-1.9447906067155765,295.2901994470227,-3.914694619355624,-15.548377203857548,-5.571925063796705
69,1,-65,-39.29931290819133,303.19509556314557,-0.3445595512065931,-9.264745110136715,-9.162253542995803
69,2,-65,-7.3885135196295675,228.05571060780565,-1.5332062338767944,-10.037068562709338,-8.981220857654671
69,3,-65,-4.025369805031522,195.69602774402622,-3.1464073285711702,-11.506074105065748,-9.508704522142873
69,4,-65,-2.7587692561235895,178.7797419764215,-4.228631398687761,-14.002833015391865,-11.044172011395325
69,5,-65,-2.096470720016793,172.12739528305897,-5.240444868325546,-16.921809120687108,-12.358320842484193
69,6,-65,-1.6898534436363861,176.9302659862462,-6.228147792846348,-19.318825481862973,-13.063301765091802
69,7,-65,-1.4149929527783773,200.03590858024174,-7.195932312298848,-21.30636143935507,-13.293729612215957
69,8,-65,-1.216848605720871,257.7714269279118,-8.146693784553136,-22.939950980547295,-13.095957915372693
69,9,-65,-1.067267197122578,313.3315752803033,-9.082546341686365,-24.251149581751115,-12.45596438373878
69,10,-65,-0.9503601615625237,333.3522685021653,-10.005100108777354,-25.2418531853083,-11.302358150612351
69,11,-65,-0.8564840980452109,347.8641551341432,-10.915622433056978,-25.914226572860823,-9.473054805945337
69,12,-65,-0.7794483142275566,358.6110829145274,-11.815137585694588,-26.245670201470183,-6.713058345061484
69,13,-65,-0.715097187816752,366.66309750746086,-12.704491532197284,-26.200878993794564,-2.5828067963698245
69,14,-64,-1.4669413371307236,380.1802642289643,-12.205751360360253,-35.19507138495637,-20.16280665102947
69,15,-64,-1.344404097468475,385.8817349731921,-13.026778530393448,-35.10670817700412,-16.81782639822924
69,16,-64,-1.2402306146627342,389.8954560167869,-13.838788663736812,-34.636246264220745,-11.99621692235917
69,17,-64,-1.1506148782148278,392.2530762626857,-14.641989440503322,-33.6859845494336,-4.986816827265075
69,18,-63,-1.770857168814263,391.1137840703051,-14.095060479265157,-45.70118005960823,-29.11042814410496
69,19,-63,-1.6400683475956828,392.2622679237359,-14.836246076786466,-45.13926356956363,-24.711519621157603
69,20,-63,-1.5264490259678332,392.3268201640675,-15.568340038855077,-44.15492626131092,-18.457611924084848
69,21,-63,-1.4268676681412773,391.5832465510869,-16.291320378650187,-42.72851313327492,-9.504420394427676
69,22,-62,-1.953909602038188,385.78640044868996,-15.742139726431846,-56.22138498395789,-38.25823129192026
69,23,-62,-1.8229878809558933,384.82411177379925,-16.410296787114557,-55.27384486248403,-33.04267036908069
69,24,-62,-1.7075277528023574,384.0682249439406,-17.068558159933133,-53.98148239773423,-25.807158219015747
69,25,-62,-1.6049809459213449,383.4921050662798,-17.716766819464755,-52.27694527062438,-15.498565092401973
69,26,-62,-1.513325554715196,383.0721708292267,-18.35474813449133,-50.080651892301475,-0.16765149516417802
69,27,-61,-1.931361223867011,379.1857050543992,-17.75670194069678,-64.7832324710908,-41.18681696470555
69,28,-61,-1.8178385975749147,379.62965064368444,-18.343111021711252,-63.23098281748695,-33.18212976959691
69,29,-61,-1.7159802502429569,380.18076310931434,-18.918105290903018,-61.31148011160124,-21.738407014584563
69,30,-61,-1.624101077541853,380.8229278597966,-19.4813869105797,-58.95818254719555,-4.628323294849308
69,31,-60,-1.9863875997308236,377.82998141180843,-18.869669280939597,-72.81324824820473,-48.26977432720262
69,32,-60,-1.8768348423969707,379.15378838541056,-19.383040700570405,-70.98707452025202,-39.57616374128026
69,33,-60,-1.777723299679316,380.5332394865941,-19.883206239510773,-68.85821834144468,-26.952232950442596
69,34,-60,-1.6876465595216361,381.95568602578516,-20.369724287574474,-66.39052983407198,-7.808228739332661
69,35,-59,-2.001089140374635,379.7579142955594,-19.734809035271706,-78.73802674891873,-53.45901711028686
69,36,-59,-1.8966261166385867,381.7238287624232,-20.1711308277205,-76.62702218944767,-43.84191976304413
69,37,-59,-1.8014558334553548,383.70225424572004,-20.591903471505887,-74.29448312016291,-29.58021992070349
69,38,-59,-1.7144020867075693,385.68165662453606,-20.99649150974077,-71.67704301815374,-7.233906915152475
69,39,-58,-1.9840618937306076,384.1727781192926,-20.328840582212965,-82.10474676263361,-55.925669038320464
69,40,-58,-1.885273833927767,386.57547134555995,-20.680988812877434,-79.64900255712287,-44.85378966434474
69,41,-58,-1.7947173817004036,388.9475103850993,-21.014440887333354,-77.0146130039725,-27.86066006691037
69,42,-57,-2.0423473943280426,387.6323973280983,-20.338308290269335,-85.19054875176685,-63.833997500707795
69,43,-57,-1.9412420175781646,390.3296462829511,-20.616914828177126,-82.48539708312367,-54.68107993357149
69,44,-57,-1.8483631646678447,392.959424220671,-20.873654829622925,-79.64564209617146,-40.86218316765645
69,45,-57,-1.7627402008167983,395.5069162126491,-21.107279801557095,-76.66708107365878,-17.841731500869432
69,46,-56,-1.970935969235879,394.6623998865159,-20.375363776060446,-82.70078485401137,-59.93429283617261
69,47,-56,-1.8767698925833507,397.39748054589836,-20.546939216494323,-79.5291322783759,-47.96756875222241
69,48,-56,-1.7897683267824118,399.9986720296714,-20.690753583111054,-76.24061942760642,-27.917882544804975
69,49,-55,-1.975522664746821,399.17716616648516,-19.924659084588846,-80.24802919927153,-61.259980516706904
69,50,-55,-1.8809521461592116,401.8249836938286,-19.99849510517732,-76.6642953831895,-50.06588989846341
69,51,-55,-1.7933556909449218,404.2649668051374,-20.038069470623327,-72.97840920244235,-30.436259925885665
69,52,-54,-1.955794548403926,403.31156471105703,-19.220792654186383,-75.69141146998786,-58.75305643782165
69,53,-54,-1.8615156448242685,405.600145498528,-19.17776721364098,-71.64050778171095,-47.05809003540098
69,54,-54,-1.7739146834780226,407.56468345168804,-19.09075234286826,-67.47047164204507,-25.160896833760866
69,55,-53,-1.9120612314515208,406.193310993978,-18.19817030242735,-69.22917278823275,-52.33824502183421
69,56,-53,-1.8185006930571466,407.6903182405158,-18.007518065053816,-64.63377017494005,-38.118178789456564
69,57,-53,-1.7311872305754947,408.65876100870315,-17.756847501862115,-59.88931555699416,-5.318719748874814
69,58,-52,-1.843782949198254,406.3135202397889,-16.749559124628014,-60.52674662025275,-40.88848052039346
69,59,-52,-1.7508915997223893,406.22659483914924,-16.356401960014633,-55.24849200871437,-16.304283194176765
69,60,-51,-1.8472339818697125,402.5293523465215,-15.254822855212748,-54.92128515728976,-37.6330814621408
69,61,-51,-1.748507528327062,400.6350467076258,-14.672275682678379,-48.96655211076057,-13.92720618068816
69,62,-50,-1.8251365242671735,394.64802740365525,-13.41655759086384,-47.428972822573535,-29.87114173471804
69,63,-49,-1.8907247870328712,386.78794842856416,-12.073794020640076,-45.00649306076657,-30.350271396141277
69,64,-49,-1.7707640712496324,378.9756151585476,-11.006329488565697,-37.240473097215585,-14.418105768745656
69,65,-48,-1.8038872200385487,364.32262773690803,-9.230011820942076,-32.486763962337626,-15.320854260370535
69,66,-47,-1.8091978498854102,342.2606293108031,-7.026253203338607,-25.302599840659457,-9.34193243036359
69,67,-45,-1.9015953652565587,300.7436126966183,-3.991888735200698,-15.000495450965992,-4.342835647659014
70,1,-66,-39.71114637432818,310.18112275720284,-0.3445235124817913,-9.33797957915847,-9.235281952804462
70,2,-66,-7.451488196400377,233.2298202716165,-1.5336389028259978,-10.113987653016785,-9.0514164623431
70,3,-66,-4.0587018766814875,200.05891119078876,-3.1483108222423404,-11.585117578489857,-9.573277735625311
70,4,-66,-2.7813319072103635,182.6568639625716,-4.232290831578887,-14.07606189123696,-11.104369247740811
70,5,-66,-2.1134959507837325,175.66810276937733,-5.245865111031253,-17.02016899090834,-12.434748474567305
70,6,-66,-1.7035133572238208,180.19597685381476,-6.235525194694992,-19.4421717944545,-13.155464360101549
70,7,-66,-1.4263938118688784,202.9926918531654,-7.205443369477171,-21.454034204594517,-13.399956917261338
70,8,-66,-1.2266293041129441,260.19686652693827,-8.158500706360831,-23.1139566499571,-13.217357597920788
70,9,-66,-1.0758297167087765,318.5547074518537,-9.096800546931457,-24.44853845245393,-12.59448765343553
70,10,-66,-0.9579736858214791,339.0989208436555,-10.021944599244753,-25.468626090754125,-11.460998471440238
70,11,-66,-0.86333764013104,354.0670013803115,-10.935193500859292,-26.166792436070832,-9.661963564388575
70,12,-66,-0.7856796447592527,365.0857405838405,-11.83756609850552,-26.528897477884154,-6.9465787294130585
70,13,-66,-0.7208098046657729,373.4932573914151,-12.729903937061817,-26.51532188786307,-2.8888703407090843
70,14,-65,-1.4790095685539617,387.1942406517317,-12.231164644447311,-35.55675960810088,-20.496116268083544
70,15,-65,-1.3554692400762534,393.1843433579256,-13.05553791587183,-35.50260786969493,-17.214533075004674
70,16,-65,-1.25044503799568,397.50968624681497,-13.871073219222794,-35.06806175696348,-12.486183877154124
70,17,-65,-1.160099049619591,400.05122683371536,-14.677980177413925,-34.161996899170255,-5.628021638503461
70,18,-64,-1.7861929589264176,398.98535144831976,-14.133311142021148,-46.21007696384803,-29.63874128856345
70,19,-64,-1.6542946076148226,400.32277177396566,-14.878735901541141,-45.68914507658341,-25.332960509582662
70,20,-64,-1.5397140864945862,400.6123118934828,-15.61529501492315,-44.750029385446034,-19.225174743279354
70,21,-64,-1.4392924704385623,399.91373769829625,-16.34297311926504,-43.3731503678993,-10.503113173055528
70,22,-63,-1.971922004389496,394.1045042460372,-15.797054248744656,-56.90885491653492,-39.00534024246563
70,23,-63,-1.8398363731536491,393.0282084480236,-16.47051626264991,-56.001643936390636,-33.918902853150385
70,24,-63,-1.7233533917345303,392.16498428338764,-17.13436328440696,-54.7565542702414,-26.886129456336725
70,25,-63,-1.6199011909174879,391.4877659703799,-17.78845000651405,-53.10768098514504,-16.89522634605189
70,26,-63,-1.5274392347134997,390.972609804946,-18.432614819909155,-50.97717799872392,-2.1968734098693323
70,27,-62,-1.9505311210544491,386.8785127544237,-17.83910139325293,-65.7124773581731,-42.36802465822982
70,28,-62,-1.8359482252928971,387.23469071253993,-18.43243551125544,-64.21493551539777,-34.639528512256874
70,29,-62,-1.7331428551092911,387.7031883378753,-19.014723792145073,-62.35381934685931,-23.627466876134722
70,30,-62,-1.6404133102133247,388.26775186463993,-19.585688743314815,-60.07152773723621,-7.421793318107219
70,31,-61,-2.007704817903759,385.0823606003593,-18.979523910385392,-73.99107879041355,-49.79468751610776
70,32,-61,-1.897069079354917,386.33529630483434,-19.50145870616645,-72.22329079643237,-41.44456459573996
70,33,-61,-1.79698377653241,387.64878972166485,-20.010661057084405,-70.15930812265995,-29.556098676362417
70,34,-61,-1.70602758869235,389.0102254796777,-20.50672052852182,-67.76381183187098,-11.39719678210378
70,35,-60,-2.024456343964197,386.6334788609373,-19.878628092438667,-80.23650795712729,-55.43564571275125
70,36,-60,-1.918899098299629,388.54583038605483,-20.325580505929807,-78.18657576639087,-46.280089160329354
70,37,-60,-1.8227402663785424,390.4761273641966,-20.757607600532914,-75.9197763912193,-33.06520755319687
70,38,-60,-1.7347901854090773,392.4130625642746,-21.17412243644202,-73.35306522241525,-12.312263428672663
70,39,-59,-2.0094376938352365,390.74013386676137,-20.51497594205723,-83.95981805765172,-58.42747727301787
70,40,-59,-1.909555813241357,393.1102325194814,-20.880465631908816,-81.57113399042919,-48.22167816825016
70,41,-59,-1.8180083513535998,395.4566064508845,-21.228111993560162,-79.00774143304287,-32.501045574276155
70,42,-59,-1.7337976594003102,397.7674008449,-21.557069655763186,-76.23618218459704,-6.921800665900254
70,43,-58,-1.9686389658652819,396.677124741522,-20.856572003296368,-84.77300353192969,-58.001258752670225
70,44,-58,-1.8746813846662271,399.3036983608949,-21.130383969294325,-82.00599542574113,-45.579668938267595
70,45,-58,-1.7880807773829026,401.8580559845423,-21.382306503486248,-79.10348470019262,-25.37212169106978
70,46,-57,-2.0015918635982204,400.8931929120789,-20.663565282778254,-85.39177945003287,-63.5130053811062
70,47,-57,-1.9062714248352408,403.6571294495269,-20.856006095300447,-82.29700555618564,-52.89372830550092
70,48,-57,-1.8182282702163417,406.3017569490255,-21.02235834913932,-79.0891435579094,-35.6174156259609
70,49,-57,-1.736641606799584,408.8076695237384,-21.160872769090165,-75.75571909245676,-3.8277770234926525
70,50,-56,-1.9138422225456435,408.12046506286174,-20.372696563674705,-79.9011418947443,-55.22544535879973
70,51,-56,-1.8251639826232613,410.66079993649714,-20.440773763076976,-76.30332097197022,-39.04688895834224
70,52,-56,-1.7427895417516623,412.9878062673171,-20.474445742936126,-72.60464371657521,-7.868166208154304
70,53,-55,-1.8980887845445085,412.12613496803516,-19.635750301013726,-75.28842641949683,-53.25103071985952
70,54,-55,-1.8094099181096492,414.2865832856399,-19.586215205112936,-71.22664248077668,-36.19179351076878
70,55,-54,-1.9539594656162977,412.99261601987064,-18.723190011750667,-73.24545106891603,-57.80716081199823
70,56,-54,-1.8592314846378233,414.78949816754744,-18.57861337760363,-68.7811467807193,-46.5724051457536
70,57,-54,-1.7709337316467575,416.1312957778929,-18.3803069202455,-64.17862271280481,-24.065359095346587
70,58,-53,-1.8904976783689462,414.0737653447095,-17.417142099633914,-65.14018730715144,-48.32879404545852
70,59,-53,-1.7966619366990448,414.5770752807961,-17.092418670990952,-60.046170881452106,-32.1787954363902
70,60,-52,-1.9009891228177027,411.4387735716031,-16.052166753328194,-60.11792210807104,-45.158910613444625
70,61,-52,-1.8015602201184198,410.5319680445302,-15.565490817684367,-54.42229557168484,-31.148121563971745
70,62,-51,-1.8876593696512278,405.6449952626135,-14.403887022314246,-53.417517380492235,-38.44442751946612
70,63,-51,-1.78206116816599,402.2751986140555,-13.690240860821108,-46.919641799070405,-23.087119844064787
70,64,-50,-1.8456130805366617,394.2226102264589,-12.320931261221151,-44.488483344579045,-28.42298466066927
70,65,-49,-1.894916061762699,383.46279765169373,-10.8121058672277,-40.95336043424989,-26.04402258085638
70,66,-49,-1.7643751128013516,371.0448365618808,-9.415997650502922,-31.97291498590121,-8.222971242660348
70,67,-48,-1.7705735245852003,348.47712817873605,-7.161294135519459,-24.786033011845362,-2.482713028826099
70,68,-46,-1.8608324075449763,306.1839894191377,-4.069132344928059,-14.459634540613044,-2.6583618722769495
71,1,-67,-40.11960081585831,317.2199994767865,-0.34448846319344145,-9.410642118661789,-9.307733975315013
71,2,-67,-7.513946885303881,238.44251063544294,-1.5340581985164274,-10.190325808551169,-9.121072134741514
71,3,-67,-4.091764908388047,204.45386676318512,-3.150157336177839,-11.663637753878973,-9.637434587226174
71,4,-67,-2.8037138084295994,186.56215151899798,-4.235842239382432,-14.148517936933477,-11.163887526967853
71,5,-67,-2.130385408172444,179.23464322880832,-5.251125781566005,-17.116859646257033,-12.510257061692446
71,6,-67,-1.7170646612734042,183.48711815924247,-6.2426857303360235,-19.563572320110474,-13.245450482544312
71,7,-67,-1.437704211971302,205.9786440375082,-7.214675057397359,-21.600597245408284,-13.505219703628681
71,8,-67,-1.2363325135824677,262.66597584172354,-8.169960920937141,-23.286176824043356,-13.337446300737154
71,9,-67,-1.0843244700159391,323.72551672335345,-9.110636141079722,-24.64406383747306,-12.731235864748879
71,10,-67,-0.9655269982387535,344.88916688100915,-10.038294204480971,-25.69303593586329,-11.617196535016312
71,11,-67,-0.8701370059842248,360.18334949097556,-10.954189179792056,-26.416475041766933,-9.847401003280108
71,12,-67,-0.7918617297484629,371.6104896032069,-11.859334586740225,-26.808593282835883,-7.174969911472112
71,13,-67,-0.7264772779136315,380.18205106324865,-12.754567611142313,-26.82544806904252,-3.1868934673291465
71,14,-66,-1.4909802720864043,394.26578075739076,-12.25580498718431,-35.913936835384106,-20.823079979391903
71,15,-66,-1.366444806569847,400.54767797294676,-13.083418559051912,-35.89313761596419,-17.602359558044846
71,16,-66,-1.2605766049465084,404.95938580183815,-13.902366454592201,-35.490641431307004,-12.963476985429086
71,17,-66,-1.1695061112700007,407.9157922077345,-14.712859975948401,-34.630272086472644,-6.249866831858948
71,18,-65,-1.801399200150286,406.92702331165583,-14.170362196407304,-46.7118658662076,-30.15557271310341
71,19,-65,-1.6684002343480366,408.4559729097455,-14.919884612183496,-46.224439185265865,-25.938958518873477
71,20,-65,-1.5528661958854468,408.94477518658624,-15.660757874335948,-45.33547696788628,-19.970375477978852
71,21,-65,-1.451610997590234,408.1468258066012,-16.39297268159311,-44.00636424261213,-11.468319959841939
71,22,-64,-1.9897742151484856,402.5025534906454,-15.850191360661954,-57.58597241525544,-39.73412696101787
71,23,-64,-1.8565341434529685,401.31152201677435,-16.52877119496027,-56.717663944068434,-34.77072595084909
71,24,-64,-1.7390365634513987,400.3402189715968,-17.198003730423515,-55.51812387615315,-27.930214449957166
71,25,-64,-1.6346862084532805,399.56113897840027,-17.85775442463179,-53.92283072534058,-18.24038297584294
71,26,-64,-1.5414240692842822,398.9499674179997,-18.507873621282506,-51.855596522975986,-4.139075949972222
71,27,-63,-1.9695194719915483,394.64927714899903,-17.918712823314028,-66.6229161766062,-43.51224278866012
71,28,-63,-1.8538848481553618,394.9168686557535,-18.518707400533966,-65.1771630432555,-36.044337511885416
71,29,-63,-1.7501399736142087,395.30186573339466,-19.108005600200695,-63.37538788958938,-25.439311374990385
71,30,-63,-1.6565666932296348,395.7878640491086,-19.686348533309275,-61.161258415290526,-9.977779571502747
71,31,-62,-2.0288077089672507,392.41094602221165,-19.085502312916415,-75.14710830887094,-51.26797675727518
71,32,-62,-1.9170974992106777,393.59189277369694,-19.615648148064185,-73.4354242217648,-43.24034176973566
71,33,-62,-1.816045904713619,394.8381778140088,-20.133506991193318,-71.43372943882314,-31.876242897906703
71,34,-62,-1.724216820098631,396.137200340505,-20.638696714405388,-69.10749490475104,-14.802711420519513
71,35,-61,-2.047573109592455,393.58202335832425,-20.017115155862538,-81.7066126921925,-57.33772839407525
71,36,-61,-1.9409296707294024,395.4390562685809,-20.474220925098656,-79.71540094805462,-48.613002464152295
71,37,-61,-1.8437892314382607,397.31922454955213,-20.916983539164406,-77.51176009261063,-36.126096436908966
71,38,-61,-1.7549487725606125,399.2114130156,-21.34485966678345,-74.99107528108681,-16.888963825905467
71,39,-60,-2.0345214657862414,397.37413492861276,-20.693786930527505,-85.77813803215972,-60.8266915183726
71,40,-60,-1.933552591776154,399.70865379592874,-21.07195338195483,-83.45386767783866,-51.16865973538104
71,41,-60,-1.8410197500610068,402.0259247685509,-21.433064055622054,-80.95861150122381,-36.759530832970384
71,42,-60,-1.7559132322240805,404.314548854592,-21.77634320096659,-78.22862589195077,-13.762375865369442
71,43,-59,-1.995692901501573,403.0787877869127,-21.086081858268564,-87.0141295024893,-61.1643609210319
71,44,-59,-1.9006609452983942,405.6968001932431,-21.37600115160462,-84.31692762947729,-49.7185694111281
71,45,-59,-1.8130855815318851,408.2517857557178,-21.645147141270204,-81.44519386863337,-31.656839135908044
71,46,-59,-1.7321177745052054,410.7300435495221,-21.89238019015038,-78.38319365335674,-0.505331984734376
71,47,-58,-1.9353618156845944,409.9462311315579,-21.150720288367403,-85.00560985282091,-57.10295245484315
71,48,-58,-1.8462764282869264,412.6241153321042,-21.33812417530731,-81.8624645355204,-41.96460320684575
71,49,-58,-1.7637470887838416,415.1780113669575,-21.499376364281567,-78.59343993763758,-15.503115516359344
71,50,-57,-1.9462269428656631,414.4117919209503,-20.727965543634284,-83.06375470078187,-60.015566449460536
71,51,-57,-1.8564590674796677,417.03507557796684,-20.822386659111437,-79.54944226793675,-46.2734020524622
71,52,-57,-1.7731078237584015,419.4680189477409,-20.88482355726947,-75.93490909872959,-21.03780737744072
71,53,-56,-1.934023623673401,418.5872857099305,-20.06794489489985,-78.84751424904377,-58.66890487002449
71,54,-56,-1.8442440374531726,420.9118595895556,-20.052530060472293,-74.8872651530135,-44.78687060455421
71,55,-56,-1.7606494528515775,422.9446378448262,-19.99659810156706,-70.81508741298018,-17.228184523248864
71,56,-55,-1.8991142055753953,421.70650711841023,-19.112775768938793,-72.80857073619146,-53.27324456083564
71,57,-55,-1.8097754756505466,423.35752465991703,-18.961032630575954,-68.33598768933994,-36.77126885492338
71,58,-54,-1.9360890209857144,421.5090945013953,-18.03621056940444,-69.59738835947093,-54.47569251426275
71,59,-54,-1.8411981885091897,422.4910905637016,-17.77089120510705,-64.66745717546581,-42.537021338217514
71,60,-54,-1.752388517522159,422.81417445690084,-17.437365283891875,-59.56942281826376,-15.68468702846081
71,61,-53,-1.8528092965217762,419.6320436500434,-16.37561013702264,-59.62407191318634,-41.334221569218386
71,62,-53,-1.7585922818342539,418.50948177768095,-15.878198466625069,-53.92764897916739,-18.401444902861996
71,63,-52,-1.841691684304398,413.51811201650634,-14.693681768173652,-52.909814724585516,-35.31568078979108
71,64,-52,-1.7414626545170038,409.87936638678116,-13.965762576527469,-46.4151634020488,-8.517257267822133
71,65,-51,-1.8031323023139152,401.63488876385605,-12.569617990412322,-43.97552094120429,-24.40397471215342
71,66,-50,-1.8511816667311192,390.6135292234919,-11.030285243104522,-40.43464758855943,-24.501090607594083
71,67,-49,-1.8802740287984867,375.3179696757076,-9.251595948223212,-35.38437383970988,-20.21030503294846
71,68,-48,-1.880466335351837,352.44568094908124,-7.038962651663088,-27.863073644896872,-13.542070805343984
71,69,-46,-1.9685601654452334,309.66122175475505,-4.019806033745976,-17.161310692689053,-6.73311730424706
72,1,-68,-40.52474965402019,324.3113317718804,-0.34445436374258454,-9.482745958737205,-9.379623109861432
72,2,-68,-7.5759018646930985,243.69349792449364,-1.5344647311580055,-10.266095998688284,-9.190200131143706
72,3,-68,-4.124565267003245,208.88066102581536,-3.151949832926797,-11.741644575257771,-9.701182598129092
72,4,-68,-2.825919220987581,190.495397637205,-4.23929033657209,-14.220209553480094,-11.222746452338205
72,5,-68,-2.147142285242742,182.82680833288288,-5.256233824504439,-17.213065858130523,-12.58515127036494
72,6,-68,-1.7305099059691829,186.8034132355421,-6.249638822736598,-19.683349205103013,-13.334677089443142
72,7,-68,-1.4489262749657597,208.9932265802738,-7.223639504554805,-21.74590510965369,-13.609546210428054
72,8,-68,-1.2459600507448787,265.17738982237637,-8.181089475570428,-23.45389489210494,-13.45626776817063
72,9,-68,-1.0927530453788301,328.933698649234,-9.12407129444245,-24.83778225549054,-12.866274875720714
72,10,-68,-0.9730215101935165,350.61965857535336,-10.054170416557932,-25.911325360125616,-11.771052470303815
72,11,-68,-0.8768834659428708,366.33087876902385,-10.972634479742803,-26.663373719082227,-10.02952089108065
72,12,-68,-0.7979957246010345,378.1848284052941,-11.88047177385449,-27.084885556357257,-7.398475773790791
72,13,-68,-0.7321006676108903,386.9223141021075,-12.778515189043933,-27.131422888097237,-3.4772852382068327
72,14,-67,-1.5028557776202567,401.39427313773933,-12.27970720951338,-36.265996622436646,-21.143995430659206
72,15,-67,-1.3773329438321804,407.97110842699055,-13.11046025414573,-36.27850668860504,-17.981748858562682
72,16,-67,-1.2706273087026896,412.47069427262744,-13.93271351644154,-35.9070370223003,-13.428760487467448
72,17,-67,-1.178837925850944,415.6407393279532,-14.74667973963801,-35.09114062465255,-6.853423801144064
72,18,-66,-1.8164791198259627,414.74879046985814,-14.20626951948821,-47.206835113505925,-30.66150822814928
72,19,-66,-1.682388252128365,416.5334738744472,-14.959755139292369,-46.751784692257516,-26.530339443176693
72,20,-66,-1.5659082056058098,417.01132643854686,-15.704799186043706,-45.9116901743426,-20.694479564327544
72,21,-66,-1.4638259529373725,416.4540995650812,-16.44139790928663,-44.628674634052814,-12.402028536601103
72,22,-66,-1.3736599872555724,415.2214348349862,-17.169531893183475,-42.83068276195933,-0.3910589689668833
72,23,-65,-1.8730851754621882,409.6732874015701,-16.58515728904027,-57.42242731040828,-35.599547151706936
72,24,-65,-1.754581072903842,408.5931834920168,-17.25958599695713,-56.26681279077073,-28.941532063142844
72,25,-65,-1.6493396509929306,407.71150208623766,-17.924798334635327,-54.7231372481022,-19.53730600358542
72,26,-65,-1.5552835809428962,407.0035495930606,-18.580655632633906,-52.716798360311394,-5.945289896659986
72,27,-64,-1.988331364530276,402.4972722835047,-17.9956779913571,-67.51784534152458,-44.62177214611209
72,28,-64,-1.8716533856053534,402.6754971152599,-18.602083788066867,-66.12193558569123,-37.39999401358305
72,29,-64,-1.7669763851509217,402.97615382518103,-19.198124642504048,-64.37722338022007,-27.179210053274524
72,30,-64,-1.6725658912854242,403.3826770613792,-19.78355870850836,-62.228586947375,-12.320898352338988
72,31,-63,-2.049702692369728,399.81514500631056,-19.187811817413497,-76.2823960315808,-52.69305131353904
72,32,-63,-1.9369263884732657,400.92306126725845,-19.72583856196896,-74.62467615708985,-44.96853983746501
72,33,-63,-1.8349158703259096,402.10097699933476,-20.251998157611855,-72.68284647550662,-34.07670081573647
72,34,-63,-1.7422203699678978,403.33628919917817,-20.765934239090388,-70.42312972634485,-18.03889643970358
72,35,-62,-2.0704475576360477,400.60327618977004,-20.15057340562977,-83.14973399611739,-59.155878592745765
72,36,-62,-1.9627259010892868,402.40338383530644,-20.617388436070712,-81.21504118554148,-50.84854252507888
72,37,-62,-1.8646107840330215,404.2315986151415,-21.070404771635,-79.0604687421747,-38.991406675597226
72,38,-62,-1.7748859331988203,406.0769669287067,-21.50911839661528,-76.59315444889955,-21.214184249256007
72,39,-61,-2.0593236726916055,404.07520550873494,-20.86572245002278,-87.56157611337015,-63.131127166976235
72,40,-61,-1.9572747433793407,406.37145390592184,-21.255952787090358,-85.29925294012463,-53.9821477250301
72,41,-61,-1.863762324488186,408.6565326735871,-21.629856670254114,-82.86947070918876,-40.786375586020604
72,42,-61,-1.777764720203891,410.9194380068154,-21.986720308709376,-80.17597641112933,-19.826773051565475
72,43,-60,-2.022417829681446,409.5365314306301,-21.306127113971417,-89.20801470198973,-64.13295162606406
72,44,-60,-1.926316302735573,412.1412284938316,-21.611275225453642,-86.54678781192759,-53.49450625937922
72,45,-60,-1.8377696341238416,414.69132743338724,-21.896670346599446,-83.72814988655679,-37.34535161180597
72,46,-60,-1.7559180467873707,417.1739429761053,-22.16127584789116,-80.74549690841481,-10.069898207515672
72,47,-59,-1.9640610441548019,416.26987431711274,-21.43216827956042,-87.62508867127963,-61.060895970469204
72,48,-59,-1.8739339873784124,418.97215423772445,-21.639293520216036,-84.55634501958662,-47.748873257268095
72,49,-59,-1.7904606347900822,421.56360289210363,-21.821781274775663,-81.36742521144234,-25.065466334066596
72,50,-58,-1.9781352010875568,420.7089377699985,-21.065900186880697,-86.14569108292878,-64.1864165781215
72,51,-58,-1.8872723840138868,423.40031940680433,-21.184767363662505,-82.71202758011216,-52.14847645978303
72,52,-58,-1.80293601302854,425.92140687849604,-21.27378524281503,-79.17833467403581,-31.497534352978423
72,53,-57,-1.9693649186719244,425.00341007412413,-20.476841287002706,-82.32408611210292,-63.47234782545433
72,54,-57,-1.8784673911533476,427.4657182175094,-20.492667834929684,-78.45955581542961,-51.663474076412214
72,55,-57,-1.793881263695049,429.6692765341987,-20.47118091066247,-74.48802762005701,-30.37168413304977
72,56,-56,-1.9382255167763607,428.48306282418554,-19.614236492585928,-76.72669387421996,-58.96045044141734
72,57,-56,-1.8478027503865861,430.3921607860971,-19.504276702859713,-72.37416551747015,-45.978993476665806
72,58,-56,-1.763375304035801,431.89802722378073,-19.34546986128243,-67.89375110180573,-19.185591639815662
72,59,-55,-1.8846531857268616,430.06741263489687,-18.400106406841616,-69.13351563482817,-50.27678995887477
72,60,-55,-1.794913698638076,430.88150118355713,-18.126679909317165,-64.1981719783069,-32.239229837822016
72,61,-54,-1.9025431925496283,428.1318031865968,-17.117320798975328,-64.6117024645249,-48.676768552879146
72,62,-54,-1.8075274829872057,427.7994462985248,-16.701077796630774,-59.1341822319976,-34.35939988961362
72,63,-53,-1.8989951893557484,423.6303355694957,-15.592840252017723,-58.57430910816605,-43.22998026132131
72,64,-53,-1.798420530901251,421.36701322698417,-14.985390693228846,-52.406586633323755,-29.095874215696668
72,65,-52,-1.8703499932273506,414.7891160929902,-13.716691236473435,-50.621581898064036,-34.62813112527918
72,66,-52,-1.763052253899602,409.02551458073515,-12.819840465574558,-43.46754941205409,-15.27152332619698
72,67,-51,-1.8099383526784227,397.74359793500736,-11.24954029023667,-39.921152032852454,-21.543559671659494
72,68,-50,-1.8387375356959739,382.08989237301665,-9.43252674658688,-34.86771603202792,-18.660281237013272
72,69,-49,-1.8400193645565468,358.70236360935957,-7.169948025627884,-27.34387545167801,-12.06857277052818
72,70,-47,-1.9260881074243417,315.1297785747025,-4.0954391420486544,-16.617047029599348,-5.505497625690435
73,1,-69,-40.92666386786596,331.4547343762003,-0.3444211765774446,-9.55430382611572,-9.4509623350629
73,2,-69,-7.63736493930967,248.9825045437159,-1.5348590744124826,-10.341310717407843,-9.258812251859148
73,3,-69,-4.15710907347405,213.33906559411955,-3.153690649439255,-11.819147689007673,-9.764529085145362
73,4,-69,-2.84795224166053,194.4563999487095,-4.242639567175232,-14.291262998632853,-11.280964788776062
73,5,-69,-2.163769651929801,186.44439533254464,-5.261195787206802,-17.307604080855167,-12.65872346279078
73,6,-69,-1.7438515431938413,190.1445959969858,-6.256393356804135,-19.80239097729871,-13.423263439785165
73,7,-69,-1.460062040939977,212.03592928006097,-7.2323481475297635,-21.887662809642375,-13.711151819308553
73,8,-69,-1.2555136621667513,267.72982891050475,-8.191900559399993,-23.620252969214892,-13.573261520663715
73,9,-69,-1.1011169698462249,334.160029302901,-9.137123140897492,-25.029747359278602,-12.99966676783454
73,10,-69,-0.980458578554845,356.3741307276128,-10.069593500870749,-26.126898526221616,-11.92266032512185
73,11,-69,-0.8835782412201465,372.5239591164976,-10.990552981609786,-26.907582378633183,-10.20846725842066
73,12,-69,-0.8040827399712678,384.64157644497953,-11.901004739638688,-27.35789506746479,-7.61732412880274
73,13,-69,-0.7376809926702763,393.7135395955862,-12.801777434193552,-27.433402124533167,-3.760426656376039
73,14,-68,-1.5146383233948328,408.5791273947749,-12.302904066378282,-36.60710395478543,-21.459140417321322
73,15,-68,-1.3881357138671748,415.3277612956063,-13.136700420378245,-36.658911913075606,-18.353113449090777
73,16,-68,-1.2805990631984163,420.0429828699448,-13.962156839564683,-36.317499095374984,-13.882651559011848
73,17,-68,-1.1880962815055771,423.3311550642808,-14.779487292924589,-35.54491236556629,-7.43968548709656
73,18,-67,-1.831435812763425,422.50757061078116,-14.241085550880753,-47.695255203856085,-31.157092020932062
73,19,-67,-1.6962615599411377,424.4642778138267,-14.998406509481583,-47.271513622001905,-27.107868875603558
73,20,-67,-1.578842847730365,425.1485006641178,-15.74748510159635,-46.47906309602961,-21.398657082008274
73,21,-67,-1.4759399253641734,424.8348475188038,-16.488322662811566,-45.24056720428354,-13.30607236615255
73,22,-67,-1.3850507269991832,423.8859420985846,-17.22090558533539,-43.496811041517255,-1.6118511758394893
73,23,-66,-1.8894932778237588,418.1127572736893,-16.639764058156395,-58.1164220343839,-36.406664805142384
73,24,-66,-1.769990555393623,416.92314822139093,-17.31920961382311,-57.00320074560405,-29.922031603312334
73,25,-66,-1.6638650054898254,415.93814694900095,-17.98969216391298,-55.509292322551026,-20.78899701674205
73,26,-66,-1.5690211297729533,415.132673253504,-18.651083151648173,-53.561612146749425,-7.623156754435028
73,27,-65,-2.0069716471622057,410.4217829717205,-18.070129025308503,-68.39797722126764,-45.69872333396505
73,28,-65,-1.889258520833929,410.50989553839986,-18.68271094564704,-67.0500804146515,-38.70964205489356
73,29,-65,-1.7836566344943758,410.72541322879664,-19.285242678959317,-65.36028899896635,-28.8519695521198
73,30,-65,-1.6884153346762871,411.0516000460261,-19.877498019647494,-63.274637277526686,-14.563192019333753
73,31,-64,-2.0703958591783405,407.2943576811008,-19.28664480864026,-77.39792538437129,-54.07302199659631
73,32,-64,-1.9565617032567983,408.32826977572597,-19.832242648926268,-75.79216048564042,-46.63374674856555
73,33,-64,-1.853599524949288,409.43673518251717,-20.366369689134455,-73.90792242331,-36.18615644623818
73,34,-64,-1.7600440136952504,410.6071336358993,-20.88869306361863,-71.71215033246597,-21.037225690072184
73,35,-63,-2.093087347036812,407.69691758310694,-20.279282540998633,-84.56716301693668,-60.86075105939553
73,36,-63,-1.984295382133844,409.4386249848143,-20.755392779419186,-82.68692503412596,-52.98806165028773
73,37,-63,-1.8852124885715098,411.21321610984023,-21.218214562567425,-80.5595985024501,-41.725855116544416
73,38,-63,-1.7946092407996121,413.0098721853101,-21.6672794210476,-78.1612190725667,-25.163953916267214
73,39,-62,-2.083854098409462,410.8436308935648,-21.031193436538683,-89.31185821366779,-65.34781326413275
73,40,-62,-1.980732126042834,413.09917526567085,-21.43292110349501,-87.10917855895747,-56.672602062391356
73,41,-62,-1.8862460614578382,415.34927591931546,-21.818999501136062,-84.71425170986677,-44.29995164187039
73,42,-62,-1.7993622968850724,417.5832721799584,-22.188770185961516,-82.08072526472365,-25.078148670043056
73,43,-61,-2.0488266821513164,416.0519076694625,-21.517326140993106,-91.3008252162907,-66.8436262629699
73,44,-61,-1.951660749005406,418.63905265889935,-21.836900214187093,-88.70837572830018,-57.08118334822905
73,45,-61,-1.8621466833732319,421.1793680363635,-22.137657310473315,-85.96202524806372,-42.37779151261312
73,46,-61,-1.7794139945842016,423.66067338512363,-22.418651310480865,-83.05536795325503,-18.22165857527303
73,47,-60,-1.992387218035317,422.63231100027053,-21.701319440238205,-90.1887545100927,-64.76712412720175
73,48,-60,-1.9012200345313084,425.3512301516591,-21.92696950374715,-87.19369564908541,-52.59733121991307
73,49,-60,-1.816802517986651,427.97114676311713,-22.12934862928194,-84.08143455499182,-32.92663989860368
73,50,-59,-2.0095926760337868,427.020189974747,-21.38790416726581,-89.14976051210927,-68.1535749462749
73,51,-59,-1.9176316496641554,429.766902765547,-21.529537941776997,-85.79429467858942,-57.49309582611696
73,52,-59,-1.8323043052702022,432.36094390843465,-21.643217628500107,-82.33948836028924,-40.17154955001404
73,53,-59,-1.7528932018271597,434.77988519396916,-21.726946550557066,-78.7815329402177,-7.096228400119922
73,54,-58,-1.9121230529223094,433.9686007219606,-20.909156503191518,-81.94976166866616,-57.57824152662794
73,55,-58,-1.826528012074906,436.3159983101273,-20.919200132714217,-78.07314215482369,-40.51702327155178
73,56,-58,-1.7466694999584398,438.39892893294945,-20.89175053618776,-74.09080331432304,-5.362962266934203
73,57,-57,-1.885089488615754,437.27801355385145,-20.014338722752502,-76.30370466766692,-53.33834948696178
73,58,-57,-1.7996897165277828,439.05016959864076,-19.897735829129378,-71.94230655738934,-33.40254859349617
73,59,-56,-1.9271468393301139,437.38046852407035,-18.98658305253337,-73.46103844956417,-56.61249153172471
73,60,-56,-1.8363974479853078,438.5985035483071,-18.765990188284547,-68.67270771175092,-43.3526660935818
73,61,-56,-1.751370885968971,439.24566604411893,-18.484542904672093,-63.73235848815304,-12.987973242094638
73,62,-55,-1.855000737368901,436.4709442661323,-17.454417956225793,-64.12792400580547,-44.29101455579219
73,63,-55,-1.7648843776644336,435.9416794208434,-17.028595906292047,-58.648256386665224,-20.8581779812117
73,64,-54,-1.8531308173870094,431.69547015061,-15.898682736618186,-58.074162501008225,-40.00069917367768
73,65,-54,-1.7576095544868746,429.19241361378806,-15.279025557068957,-51.90780876026049,-16.381854788053328
73,66,-53,-1.8272668715906546,422.4667771235337,-13.986138639650818,-50.11273929456114,-31.403290052347582
73,67,-52,-1.8862824879983928,413.73631906397475,-12.597839567176127,-47.42402983616357,-31.45135359757698
73,68,-52,-1.7709725818429842,404.85370395998336,-11.469835927787376,-39.41280149770189,-14.427128320206828
73,69,-51,-1.7994926173898278,388.8433738376677,-9.613811834137834,-34.35648231145664,-15.32700271762482
73,70,-50,-1.801769347980111,364.94304834750176,-7.300750710083909,-26.830512289187322,-8.766590301029897
73,71,-48,-1.8859407475433998,320.58559385296167,-4.171116129360367,-16.079513958402845,-4.2611097416883945
74,1,-70,-41.32541210033968,338.64983039262904,-0.34438886606586644,-9.625327970616565,-9.521764136589889
74,2,-70,-7.698347465241005,254.3092588563428,-1.535241768088053,-10.415982007322853,-9.326919864562301
74,3,-70,-4.189402215882616,217.82885695377146,-3.1553819897289737,-11.896156455383675,-9.827481167135746
74,4,-70,-2.869816811526445,198.44496054854608,-4.245894123894795,-14.362046366534356,-11.338560542988288
74,5,-70,-2.1802704615873476,190.08720679209833,-5.266017847818883,-17.40167577641181,-12.73188916148116
74,6,-70,-1.7570919317566442,193.51041026984103,-6.262957717246361,-19.91990304122954,-13.510652591598683
74,7,-70,-1.4711134725433794,215.10626817232426,-7.240811779625426,-22.028427984348223,-13.811821421185146
74,8,-70,-1.2649950280992748,270.32209211357815,-8.202407563718884,-23.78528721148413,-13.687593034254954
74,9,-70,-1.1094177124523616,339.35314491638354,-9.149807850736435,-25.22001013341965,-13.12990510712753
74,10,-70,-0.9878395085969758,362.1701695093841,-10.084582582422241,-26.340373181682736,-12.072108537478089
74,11,-70,-0.8902225065375515,378.76213516182105,-11.00796693794875,-27.149189901818733,-10.38437517390185
74,12,-70,-0.8101238441673193,391.13932096554544,-11.920959036201836,-27.627170746442417,-7.831728035152584
74,13,-70,-0.7432192330850134,400.5552370784152,-12.824383371205284,-27.73153269918888,-4.036673033583967
74,14,-69,-1.5263300609948809,415.6199115200481,-12.325426398122515,-36.94422678148953,-21.76877454012763
74,15,-69,-1.3988550984613526,422.61752757259865,-13.162174277176804,-37.02823950303225,-18.71683786934229
74,16,-69,-1.2904937075021763,427.6756429867316,-13.990736348443662,-36.722263055301454,-14.325724408993278
74,17,-69,-1.1972828959994577,431.0835860714459,-14.81132761177007,-35.99187813559277,-8.009573382371096
74,18,-68,-1.8462722488146965,430.3315355467442,-14.274859554670359,-48.177380210548165,-31.642830320411733
74,19,-68,-1.7100229386752102,432.46250522927164,-15.035894145677224,-47.78393722390744,-27.672257609370742
74,20,-68,-1.591672741944561,433.35560286585417,-15.788877698379636,-47.03796496049678,-22.08399152540558
74,21,-68,-1.4879553961109935,433.2883766975336,-16.533816210896436,-45.842496238416224,-14.182145126483032
74,22,-68,-1.3963484387217848,432.48030916360415,-17.270701408426966,-44.15109808154684,-2.789905599045394
74,23,-67,-1.9057620950319833,426.62920170370006,-16.692675322705984,-58.800104582584616,-37.193278478656374
74,24,-67,-1.7852684872690472,425.3293992883404,-17.376967710480866,-57.72782919747747,-30.873509315114454
74,25,-67,-1.6782656040416037,424.2403789906266,-18.05253915463567,-56.28194113861479,-21.998215005744445
74,26,-67,-1.5826399241190607,423.33666673035543,-18.719270418307094,-54.390809710609695,-9.237056407573897
74,27,-66,-2.025444945080816,418.42210542906474,-18.142189240490936,-69.2639758721,-46.745035931421185
74,28,-66,-1.9067047170456464,418.4193912790457,-18.76072525482015,-67.96236763937861,-39.940117127654005
74,29,-66,-1.8001850483959665,418.5490083080033,-19.369510372401855,-66.3254802029662,-30.46198266023378
74,30,-66,-1.7041192363540254,418.79404097630567,-19.96833276530582,-64.30045302835704,-16.711517656886837
74,31,-65,-2.0908929964633343,414.8479800199134,-19.38218008670495,-78.49461092866788,-55.410733023189856
74,32,-65,-1.976009094605318,415.8069748892392,-19.935057837020263,-76.93891173461671,-48.2401439381752
74,33,-65,-1.8721024121387488,416.84498027527263,-20.47683953325036,-75.11012898590786,-38.21092955856553
74,34,-65,-1.7776932137742287,417.94934506754055,-21.007213790401472,-72.97588525215959,-23.71648068455157
74,35,-65,-1.6915536935020934,419.1082000080133,-21.525845849124007,-70.50020899061975,-1.7008141256156775
74,36,-64,-2.0056452735964716,416.544537127898,-20.888519771908204,-84.1028516622004,-54.93697723095685
74,37,-64,-1.905601462963776,418.2639712287137,-21.36072908447727,-82.029180871846,-44.33922298995363
74,38,-64,-1.814125805468693,420.01018301992787,-21.819692788535757,-79.69703735696908,-28.644517208513808
74,39,-64,-1.7301747895592823,421.7728183093394,-22.264939992383056,-77.08244685459708,-4.284418565382133
74,40,-63,-2.00393395454488,419.89221155211374,-21.603276978936517,-88.86612746304623,-59.24941560922094
74,41,-63,-1.9084802683619073,422.10481319996643,-22.00095802925282,-86.50885442147431,-47.5697995392413
74,42,-63,-1.8207154130909724,424.3070218940263,-22.383011305634362,-83.94516054264328,-30.033408850830735
74,43,-63,-1.7397520790894485,426.4884735123893,-22.74877476821858,-81.16134374728608,-1.611446423326584
74,44,-62,-1.976706552035865,425.1919819727148,-22.053504771841954,-90.82642972567209,-60.34755713481548
74,45,-62,-1.8862293650204727,427.71814727461356,-22.368813232226895,-88.14948172461786,-46.81747788731753
74,46,-62,-1.8026187127473026,430.19310651890635,-22.665299983505683,-85.31571913780364,-25.302419828784167
74,47,-61,-2.0203568325571815,429.03710039440597,-21.95904250326345,-92.70194213577298,-68.07706782467478
74,48,-61,-1.928151861831782,431.76583426426123,-22.20213632136438,-89.77762728966884,-57.118678603514084
74,49,-61,-1.8427909955020114,434.406262368856,-22.423198070206446,-86.73886789916912,-39.94615255291255
74,50,-61,-1.7635300569099526,436.9434287794557,-22.620947156368146,-83.58313568941492,-9.55727632853763
74,51,-60,-1.9475614895653608,436.14346238632123,-21.858122926161805,-88.80077438939203,-62.11708774781265
74,52,-60,-1.8612393145080994,438.7973923565428,-21.994766634973704,-85.42227830702278,-47.104263276302156
74,53,-60,-1.7809288263763836,441.2940396346595,-22.1033710922294,-81.94108708186343,-20.138473242858556
74,54,-59,-1.9452482751624809,440.4372380728522,-21.30416755341294,-85.36334877754399,-62.86460622434343
74,55,-59,-1.8586311834049773,442.9058639013974,-21.34322152322346,-81.5766111517279,-48.525784879693504
74,56,-59,-1.7778598742433538,445.1386221152031,-21.34759020773864,-77.68837608395536,-21.367658453539196
74,57,-58,-1.9216972291273968,444.0490768020833,-20.49479121486976,-80.1334843499342,-59.39672251722525
74,58,-58,-1.835292594764388,446.04529644783753,-20.416340162923863,-75.88289121173187,-43.8904680518358
74,59,-58,-1.7544809330174738,447.6811246052889,-20.29319506283791,-71.51305614308347,-11.041675175348804
74,60,-57,-1.8769555501707418,446.041319692957,-19.361931034115887,-73.00958269860146,-51.60048025288156
74,61,-57,-1.7910309492500522,447.1029984851722,-19.133898547231176,-68.21500777734586,-31.091680860756572
74,62,-56,-1.9012173498716463,444.66689891299245,-18.149287932356554,-68.93788955074862,-51.80996112534095
74,63,-56,-1.8102662800918354,444.78431460207855,-17.79353783045804,-63.64774475130147,-36.4199267525681
74,64,-55,-1.9060104277313221,441.1683192088404,-16.72722812560284,-63.47753530486804,-47.572641470058436
74,65,-55,-1.809919616867992,439.73615008163847,-16.20648158449872,-57.57810364196136,-33.87769051005032
74,66,-54,-1.8884684589247533,434.2200137604235,-15.01221546856404,-56.32407528153725,-40.171636891479345
74,67,-54,-1.7866008021563258,430.1220051388791,-14.257306529980426,-49.60847374751513,-24.554389546030663
74,68,-53,-1.8439303847713067,421.19118673262426,-12.842505182950909,-46.91251501164884,-29.50408164568366
74,69,-52,-1.887658070558679,409.3640868895677,-11.27510531253777,-43.09915705840467,-26.852897045777976
74,70,-52,-1.7623482699586566,395.5790704243848,-9.795404688433981,-33.85057964684309,-7.191809016923103
74,71,-51,-1.765535411085602,371.16834170007263,-7.4313623253359316,-26.322857807846315,-0.1974080736142369
74,72,-49,-1.847925244887874,326.02916020368014,-4.246840081179224,-15.548514531885433,-1.9106313249112952
75,1,-71,-41.721060758809706,345.8962509943876,-0.3443573983768809,-9.695830189833067,-9.592040533051788
75,2,-71,-7.7588603732234676,259.67349497341473,-1.5356133205991305,-10.490121482171071,-9.394533926130979
75,3,-71,-4.221450361613522,222.3498162890414,-3.1570259341968216,-11.97267995952912,-9.890045771290245
75,4,-71,-2.8915167241104642,202.4608858283237,-4.249057965631083,-14.432590439192289,-11.395551038792066
75,5,-71,-2.1966475570905106,193.75505034132462,-5.270705840936332,-17.494292416957265,-12.803948340834655
75,6,-71,-1.7702333422689467,196.90060917875797,-6.269339823279267,-20.035612336248285,-13.596505742877598
75,7,-71,-1.4820824590471027,218.20378360823858,-7.24904059546086,-22.1682233194196,-13.911656511246711
75,8,-71,-1.2744057659590653,272.9530507490391,-8.212623137263185,-23.94903210888202,-13.800799531930807
75,9,-71,-1.1176566872664457,344.5831411471493,-9.162140697453648,-25.408619075163923,-13.258081828379094
75,10,-71,-0.9951655567162194,368.00429487597404,-10.099155724925273,-26.55181361945217,-12.21948036320857
75,11,-71,-0.8968173925784182,384.98536243141683,-11.024897365228732,-27.38828049615594,-10.557371446466991
75,12,-71,-0.8161200653917402,397.68414148060447,-11.940358794263933,-27.889256724481598,-8.04188698664048
75,13,-71,-0.7487163319943888,407.4469316554104,-12.846360407151698,-28.025953323195125,-4.306356123116104
75,14,-70,-1.5379330600012067,422.69086992758605,-12.347303268728753,-37.27750645078351,-22.073140697386492
75,15,-70,-1.4094930035181634,429.9637482187543,-13.18691500402244,-37.39190310870358,-19.07328107022587
75,16,-70,-1.3003130098930449,435.3680851617791,-14.01848964095486,-37.12155031745213,-14.758513958453875
75,17,-70,-1.2063994205857356,438.8974293692506,-14.842243033728113,-36.43231121742987,-8.563943805003651
75,18,-69,-1.860991279891195,438.2200230651681,-14.307637857591528,-48.65344906961377,-32.11919468221502
75,19,-69,-1.7236750578345628,440.527484662447,-15.072270139897041,-48.28934763305553,-28.224166469932666
75,20,-69,-1.6044004020160627,441.63195769586696,-15.829035291062585,-47.588742127205826,-22.75148763093269
75,21,-69,-1.4998747450620276,441.8140119783729,-16.577943585283673,-46.43488720268643,-15.03181364813944
75,22,-69,-1.4075553866002555,440.8825191463766,-17.318991647665182,-44.79407005865017,-3.9277193010582447
75,23,-68,-1.9218951173821885,435.22190778157096,-16.74396966102365,-59.473902491946205,-37.96049816461302
75,24,-68,-1.8004181957417131,433.8112383762932,-17.43294752925619,-58.4412045347239,-31.79762300024084
75,25,-68,-1.6925446336479493,432.61751742618947,-18.113435947654725,-57.041686262377176,-23.16750008753488
75,26,-68,-1.5961430303556026,431.61487004592163,-18.785324279042698,-55.20511095773478,-10.790969879729094
75,27,-67,-2.043755674827774,426.49754773663676,-18.211973875683196,-70.11646121283215,-47.74774495799898
75,28,-67,-1.9239962322485025,426.4033204673305,-18.836254045852588,-68.85951521409628,-41.12475917205516
75,29,-67,-1.8165657506276418,426.44630852986273,-19.451068245505553,-67.27363073669481,-31.98637742766482
75,30,-67,-1.7196816073389467,426.6094085881611,-20.056217884439242,-65.3070047180139,-18.772137193704513
75,31,-66,-2.111199609278091,422.4754063680538,-19.474584076982513,-79.57330453490614,-56.7087898913166
75,32,-66,-1.9952739312372825,423.358625216083,-20.03446766760692,-78.06589228975673,-49.79155001736837
75,33,-66,-1.8904297911308217,424.32522468496427,-20.58361004330368,-76.29055481182884,-40.15677424452655
75,34,-66,-1.7951731446839065,425.36251052242966,-21.121719493531717,-74.21556736170766,-26.27892471216363
75,35,-66,-1.7082643917929192,426.4585969358748,-21.648482946756282,-71.80569127456191,-5.639158073434094
75,36,-65,-2.026782338765863,423.72083247868824,-21.017033662514716,-85.48576642520592,-56.81708751108456
75,37,-65,-1.925784417754443,425.3836975183443,-21.49824015040233,-83.47068132799309,-46.8082610148908
75,38,-65,-1.8334423161158195,427.0778746628504,-21.96668098087816,-81.2022440564371,-31.958345047606556
75,39,-65,-1.748701738310226,428.7931297368904,-22.421917767556437,-78.65699103400468,-9.511540397290286
75,40,-64,-2.0268888633512816,426.7508307275333,-21.767404647188265,-90.562320817999,-61.660392521705106
75,41,-64,-1.9304736423822937,428.9236448909537,-22.176158491930085,-88.26796730810521,-50.68803206169609
75,42,-64,-1.8418328736813407,431.0914601417157,-22.56991724990336,-85.77138866252514,-34.45278413160401
75,43,-64,-1.7600693861877015,433.24421735813627,-22.948068919973146,-83.05919154926147,-8.287561780814697
75,44,-63,-2.001465073829646,431.8014224555884,-22.261660172648394,-92.90318787971937,-63.341253036077575
75,45,-63,-1.910029336491348,434.30952903324817,-22.59077692860045,-90.29296045261724,-51.02290668482936
75,46,-63,-1.8255442316992743,436.7736493173885,-22.901938120326864,-87.52921516604766,-31.679712654057976
75,47,-62,-2.0479849834336843,435.4872247652311,-22.206119192351718,-95.16726143106314,-71.24750205419453
75,48,-62,-1.9547452148214677,438.2197404079104,-22.465675989082275,-92.31097618739999,-61.23459428945083
75,49,-62,-1.8684426009846433,440.87367586132024,-22.70432850548055,-89.34281402676055,-45.75983720479032
75,50,-62,-1.7883235074206094,443.43513447354877,-22.92091581800818,-86.26038135160722,-19.602165807623443
75,51,-61,-1.9770839329715908,442.53722561256063,-22.17178082711159,-91.73491536515839,-66.50058974486343
75,52,-61,-1.8897646781697195,445.23973238362163,-22.329877574980976,-88.43038441878144,-53.2760942260845
75,53,-61,-1.8085504502631724,447.80072916533766,-22.46164146686918,-85.0236380933088,-30.87240431447101
75,54,-60,-1.9778755875790597,446.885433529384,-21.67958187655014,-88.70514353375242,-67.45483286649191
75,55,-60,-1.8902266512537065,449.45613508728815,-21.745448445854038,-85.00384232520052,-55.16002009235628
75,56,-60,-1.8085291978200104,451.8156487663758,-21.779085399714475,-81.2047497517855,-33.595229827250236
75,57,-59,-1.9576779224595753,450.7326859126502,-20.94864043855513,-83.87108970026215,-64.73136787967854
75,58,-59,-1.8702433317347997,452.91829165580106,-20.904910767726665,-79.72429664854765,-52.10800859942624
75,59,-59,-1.7885257190734736,454.7854607804635,-20.820283726225508,-75.46432973095126,-27.807262214506927
75,60,-58,-1.91668096694241,453.26858948143223,-19.91983136784821,-77.22219040922725,-58.20298807029111
75,61,-58,-1.8297991021065219,454.6753477235981,-19.739251532520086,-72.56087448145948,-43.037848935060474
75,62,-58,-1.748297351880059,455.58152174554505,-19.503867085212683,-67.76045176573776,-8.353592648643474
75,63,-57,-1.85443513362191,453.13637899316404,-18.499097461586047,-68.46461702108681,-46.66098602704889
75,64,-57,-1.7680932831224176,453.07256867759,-18.13470893278222,-63.17118010965868,-21.474040281403546
75,65,-56,-1.8604601611090195,449.4018316142421,-17.047675622062744,-62.985750694085965,-44.053526061960646
75,66,-56,-1.7691325352793403,447.75305099144555,-16.516254132341334,-57.086124077035706,-21.671382521425006
75,67,-55,-1.8451191582327484,442.123180107737,-15.299602703350912,-55.8206746632228,-37.1820093241467
75,68,-55,-1.748148393958534,437.755481733919,-14.530191784205893,-49.108748176308325,-9.91855286101386
75,69,-54,-1.803912478159647,428.6249318319142,-13.088565698171996,-46.405713392030975,-25.3432776511834
75,70,-53,-1.8466491805390368,416.5296167481757,-11.490180895006175,-42.587864507442184,-25.266997278468608
75,71,-52,-1.8714082674863013,399.873697513261,-9.630403794211047,-37.2386546931309,-20.716847611899038
75,72,-51,-1.8689474303132942,375.157037093332,-7.3093401280556,-29.378907984660394,-13.744882391471966
75,73,-49,-1.949072828172431,329.52582480644907,-4.197987979111294,-18.229567337266268,-6.669015364652328
76,1,-72,-42.11367411038499,353.1936351409418,-0.34432674137067804,-9.7658218521981,-9.661803100159284
76,2,-72,-7.818914190422843,265.0749525535838,-1.535974211214816,-10.563740347887032,-9.461665003091182
76,3,-72,-4.2532589687182085,226.90172931956047,-3.158624448180061,-12.04872702200829,-9.952229639254652
76,4,-72,-2.9130556329911435,206.50398631816083,-4.252134833557587,-14.502893982360233,-11.451952988000725
76,5,-72,-2.212903676534016,197.4477384441802,-5.275265281157547,-17.58633197167654,-12.875302816571471
76,6,-72,-1.7832779616959051,200.31495458325483,-6.275547160484935,-20.15065534418859,-13.681782910375242
76,7,-72,-1.4929708201339174,221.32803850653616,-7.257044231905839,-22.30707057341739,-14.010679534764044
76,8,-72,-1.283747433576949,275.6216427836083,-8.222559236967356,-24.111520592774262,-13.912915705187919
76,9,-72,-1.125835256238418,349.8135217189383,-9.174136119056854,-25.592305062003092,-13.38479561948385
76,10,-72,-1.002437932965849,373.7639759498436,-10.113330003410836,-26.761280907567826,-12.364854264595671
76,11,-72,-0.9033639882765088,391.16658011276456,-11.041364128502238,-27.621739468505233,-10.727575262325779
76,12,-72,-0.8220723938308492,404.2755908780417,-11.95922682068926,-28.148409773555503,-8.247987987905804
76,13,-72,-0.7541731976093398,414.29295364924945,-12.867734442812338,-28.316795089859195,-4.5697860443975316
76,14,-71,-1.5494493123229716,429.81494515644977,-12.368562092218799,-37.60707643896229,-22.37246643233536
76,15,-71,-1.4200512630929956,437.36586479523424,-13.210953886513098,-37.751152267282094,-19.422778526088752
76,16,-71,-1.3100586716526377,443.06033016444877,-14.045452156104158,-37.51556937096716,-15.181519149509569
76,17,-71,-1.2154474435976654,446.77210022261005,-14.872273449593214,-36.86646869440966,-9.10359352734195
76,18,-71,-1.13322897453797,449.19177485919397,-15.691602942050052,-35.70610048234145,-0.30182454389497076
76,19,-70,-1.7372204817594672,448.65856462108866,-15.10758350144726,-48.78801937227365,-28.764210646516904
76,20,-70,-1.6170282417855248,449.9769086380024,-15.868012714668376,-48.13130932469075,-23.402078376194556
76,21,-70,-1.5117002565575528,450.3765649118494,-16.62076590277547,-47.01813905461153,-15.85652945432127
76,22,-70,-1.418673742928423,449.3555190162826,-17.365844195384767,-45.42621964764716,-5.027600433886107
76,23,-69,-1.9378956901374904,443.89017921575027,-16.7937208175142,-60.13821671539984,-38.7093524814885
76,24,-69,-1.8154428679138068,442.36798248279683,-17.487230889302054,-59.14380096298114,-32.695905006070355
76,25,-69,-1.706705145164864,441.0688952133906,-18.172473109520027,-57.78909119181715,-24.2991945258494
76,26,-69,-1.609533381830792,439.96663509398314,-18.849344785170253,-56.00518825802982,-12.288559614442581
76,27,-68,-2.0619080576784894,434.6474301656679,-18.279590755310892,-70.95601276763276,-48.72230567575722
76,28,-68,-1.941137132734949,434.46102868682925,-18.909416351054308,-69.74219342160013,-42.27463426944364
76,29,-68,-1.8328026756558022,434.4166895632268,-19.530047538231628,-68.20551800617663,-33.408201077583946
76,30,-68,-1.735106270686206,434.49711398021174,-20.141297933186856,-66.29519620482014,-20.75077953949551
76,31,-68,-1.6465772850792704,434.68654820033254,-20.74296723480136,-63.95306700871259,-1.987270731041021
76,32,-67,-2.0143613200369788,430.982664243027,-20.130643029221154,-79.1739988207987,-51.24293323025264
76,33,-67,-1.9085866581240132,431.8769690932802,-20.686869391010482,-77.45021299184626,-42.028940082682794
76,34,-67,-1.8124887151433802,432.8461975187375,-21.23241733893032,-75.43234263235635,-28.732647969028005
76,35,-67,-1.7248161894030853,433.8784350616784,-21.766993665661843,-73.08584957001757,-9.116680018472895
76,36,-66,-2.0477129769437457,430.9671858943961,-21.141179205869587,-86.84410451339645,-58.632956796160435
76,37,-66,-1.945767690692294,432.57217775567443,-21.631017610389637,-84.88545900507928,-49.033471507440545
76,38,-66,-1.8525650775340439,434.21285568950384,-22.108541691608988,-82.67835339416656,-35.117848204114466
76,39,-66,-1.7670401382359093,435.87908463594465,-22.57334260283814,-80.19981067521285,-13.956014448635635
76,40,-65,-2.0496049613684284,433.67519434337356,-21.925657564702988,-92.22713373968853,-63.894227242397605
76,41,-65,-1.9522343304110716,435.8061370836164,-22.34499214549896,-89.99335847397828,-53.66621883110192
76,42,-65,-1.8627229036097792,437.93719225786924,-22.749921728489564,-87.56135324202964,-38.38322604730819
76,43,-65,-1.7801637109937807,440.0585665469549,-23.139879305649504,-84.91801701036016,-14.5766605933258
76,44,-64,-2.025946870866837,438.46852379510756,-22.461887101782988,-94.94071264861529,-66.2104460412717
76,45,-64,-1.9335573900939038,440.9550600974976,-22.804128950915228,-92.39470655881688,-54.78529784852881
76,46,-64,-1.8482016460971695,443.4043175598474,-23.129214583961094,-89.69830158053074,-37.077923164942895
76,47,-64,-1.7691067589288165,445.80545609353953,-23.43634419206088,-86.84538729291673,-7.834598165640275
76,48,-63,-1.9810144970972425,444.7161241865246,-22.718382193493206,-94.79633785423322,-64.909985529861
76,49,-63,-1.8937723833783915,447.3773719919339,-22.973635125482136,-91.89609062311223,-51.10323182624298
76,50,-63,-1.8127961026293502,449.9559433827286,-23.20795806869183,-88.8358430356449,-28.396819931928963
76,51,-62,-2.006218809933377,448.9542652902176,-22.47162948154595,-94.60000481534472,-70.34414804395274
76,52,-62,-1.9179015349165738,451.69549484789263,-22.64982720000704,-91.36729641103045,-58.57512627307486
76,53,-62,-1.8357807841881093,454.3092715187754,-22.80322369450233,-88.03294149084441,-39.33161660831345
76,54,-62,-1.7592094532562519,456.77725597273275,-22.93021607923962,-84.5918350933711,-3.4341173883772456
76,55,-61,-1.921345735602547,455.98107422223353,-22.12778899399084,-88.35961109822559,-61.06733219001095
76,56,-61,-1.838712042285263,458.44779307229766,-22.188471401144923,-84.64527413735085,-43.301231717030966
76,57,-61,-1.7615016696934467,460.69841357335116,-22.21679593804425,-80.83428228673658,-8.007273199745974
76,58,-60,-1.904592068114009,459.6972366483595,-21.36649913509589,-83.47403242015913,-58.94425288790658
76,59,-60,-1.8219435981576733,461.76040780834455,-21.3169155714078,-79.31701003141873,-39.993262998380665
76,60,-59,-1.955649769141775,460.32627627015336,-20.44404935322974,-81.3216009845461,-63.89058750482553
76,61,-59,-1.8677651883008606,462.02270335730515,-20.30602050115264,-76.78323532051664,-51.90531475640381
76,62,-59,-1.7854060833498162,463.2831407213393,-20.11858170182715,-72.11496438861325,-27.74026990956314
76,63,-58,-1.8975423904236695,461.105243156968,-19.15388795060645,-73.12086913048661,-54.28754423531207
76,64,-58,-1.8103640671183343,461.58027102206097,-18.850923254092333,-67.99461163262693,-37.50172389331753
76,65,-57,-1.9095156391937882,458.40151204178466,-17.81808382306817,-68.17205037867257,-51.55981133668295
76,66,-57,-1.817504423735473,457.61080874315013,-17.370100631776047,-62.49769844766621,-37.622795369902306
76,67,-56,-1.9013599016159215,452.8901675988152,-16.232965581531804,-61.69656327375103,-45.24572678550264
76,68,-56,-1.8041769252118214,450.0034255811976,-15.588816694772099,-55.32147146278727,-31.296938808509758
76,69,-55,-1.8696017845955906,442.6821459466607,-14.282074652009456,-53.28432758200798,-36.02116127702324
76,70,-55,-1.7660353199941667,436.0382155231752,-13.33600071855357,-45.90357670043823,-16.034847700748713
76,71,-54,-1.807848064522611,423.67565711778724,-11.706134717517656,-42.08143912853071,-22.105000907242427
76,72,-53,-1.8324667458745647,406.6561087782029,-9.807074797568976,-36.73017156734961,-19.0670611179316
76,73,-52,-1.8310943314382169,381.4201909361543,-7.436203233139179,-28.86883690937967,-12.109428598272403
76,74,-50,-1.909543168932604,334.9961257494877,-4.2722174762088185,-17.6955407332284,-5.427803580534588
77,1,-73,-42.50331437232418,360.5416293077245,-0.3442968644963291,-9.83531391855728,-9.731062993300105
77,2,-73,-7.878519060811351,270.5133766125635,-1.5363248921169264,-10.636849422362472,-9.528323290775235
77,3,-73,-4.2848332965402545,231.48438614496104,-3.160179389801526,-12.124306208876606,-10.014039333095768
77,4,-73,-2.9344370589105724,210.57407653688574,-4.2551282658881515,-14.57295604548724,-11.507782557184747
77,5,-73,-2.2290414585580627,201.16508818266462,-5.279701384725069,-17.677153672693183,-12.946139836234131
77,6,-73,-1.7962278976103203,203.75321655938416,-6.281586810088561,-20.264758674521328,-13.766496531589125
77,7,-73,-1.503780309439727,224.4786167601741,-7.264831805702894,-22.442827154397733,-14.108813709485768
77,8,-73,-1.293021532233399,278.326867702566,-8.23222717461345,-24.26990228934485,-14.023974498299832
77,9,-73,-1.1339547318574228,355.0272431951437,-9.185807774416363,-25.774015298545706,-13.510095895755201
77,10,-73,-1.0096578034237256,379.5633610162015,-10.127121570955568,-26.968833106373804,-12.508304264072908
77,11,-73,-0.9098633429531349,397.39076386610714,-11.057386019207833,-27.851507391795366,-10.895098763447884
77,12,-73,-0.8279817836053098,410.91323628584524,-11.977584688092008,-28.404727413681023,-8.450206529216972
77,13,-73,-0.7595907050095778,421.0869667235125,-12.888529974854245,-28.60418201527006,-4.8272530226020285
77,14,-72,-1.560880736238118,436.99161449117486,-12.389228748383696,-37.93306292330132,-22.666965151756926
77,15,-72,-1.4305316431540185,444.82333669387396,-13.234320450011692,-38.10614490805204,-19.765644141393295
77,16,-72,-1.3197323305969173,450.59601273842054,-14.071657327395226,-37.90451674531066,-15.595205926824265
77,17,-72,-1.2244284937919665,454.7070312605007,-14.901456478495595,-37.29459267200112,-9.629264835875558
77,18,-72,-1.1416091629644287,457.282927007992,-15.723904112655207,-36.17454159575989,-1.006972494392853
77,19,-71,-1.7506616754011195,456.85511266596114,-15.141880383101524,-49.28021071303067,-29.292963582270566
77,20,-71,-1.6295585807205295,458.3898172289269,-15.905861582265002,-48.656905551390004,-24.036631250816157
77,21,-71,-1.5234341247750407,458.6554248086574,-16.66234065807247,-47.592626332846756,-16.657639075323868
77,22,-71,-1.4297055933671687,457.898671999645,-17.411322883170175,-46.048008700890115,-6.091685523486667
77,23,-70,-1.9537670219891283,452.63333591802404,-16.84199807280596,-60.78016197145994,-39.44079599480214
77,24,-70,-1.8303455590945026,450.99896364511517,-17.539894606798995,-59.83606310749328,-33.56977379029192
77,25,-70,-1.7207500615374924,449.59385894687773,-18.229735609072712,-58.52468355941228,-25.39546139835641
77,26,-70,-1.6228137870725097,448.3913257347534,-18.911425733185606,-56.79167039185697,-13.73320022333995
77,27,-69,-2.079906131901925,442.8710853869225,-18.34514088641981,-71.78317302867823,-49.67296025082061
77,28,-69,-1.9581313053981828,442.5918714914581,-18.98032358267279,-70.61102889613169,-43.3917433689547
77,29,-69,-1.8488995811003905,442.4595341623583,-19.606570977912885,-69.12186789476824,-34.78350752883612
77,30,-69,-1.7503968741751088,442.45657193310365,-20.223707960308566,-67.26587045501066,-22.62819989267374
77,31,-69,-1.6611398032390072,442.56706229125655,-20.83154658833296,-64.98600144022866,-4.608947410866212
77,32,-68,-2.0332761245708797,438.67853272771504,-20.223743258800756,-80.26406801827805,-52.64017757018697
77,33,-68,-1.9265777654419005,439.49970563911535,-20.786792823892842,-78.59004774253614,-43.77507802996728
77,34,-68,-1.8296445880792453,440.39995819126614,-21.33950002269996,-76.6272779164655,-31.0850249241642
77,35,-68,-1.7412136801141924,441.36733625328674,-21.881589876595225,-74.34189056481159,-12.331962487779673
77,36,-67,-2.0684432523579876,438.2832415051528,-21.261183493026234,-88.17900130110166,-60.3887498624997
77,37,-67,-1.9655572773927656,439.82915230774324,-21.759311460554603,-86.27477660393562,-51.17437857710032
77,38,-67,-1.8715000431405646,441.41497846766583,-22.245550262562578,-84.12677046170128,-38.13291138921512
77,39,-67,-1.7851959262889658,443.030665452454,-22.719517961408382,-81.71247002952856,-18.103877761170946
77,40,-66,-2.0720898798382867,440.6653737857769,-22.0783615770169,-93.86205816259172,-66.04909406727802
77,41,-66,-1.97376998119137,442.7525417689728,-22.507818960832992,-91.68666520466611,-56.3554761351738
77,42,-66,-1.8833932050890234,444.84468093377006,-22.923422909264037,-89.3168515427301,-42.12198022057348
77,43,-66,-1.800042846365757,446.93222959590497,-23.324646994697787,-86.73979339946938,-20.374736623128143
77,44,-65,-2.0501617799521075,445.19421830172274,-22.654661459397516,-96.94090932514344,-68.96448556246256
77,45,-65,-1.956823549179453,447.6560186837467,-23.009398483233966,-94.45679030534104,-58.20177721634323
77,46,-65,-1.8706012233812563,450.08679641721784,-23.347719091837025,-91.82522907878887,-42.178726792540296
77,47,-65,-1.7907130396464639,452.47618332694265,-23.668887075754817,-89.04026649242223,-16.204227409596395
77,48,-64,-2.0069729402601606,451.25765965329856,-22.960971835194016,-97.2226884603179,-68.41939225224297
77,49,-64,-1.9187941035980005,453.9207164634486,-23.231923474351277,-94.35254418929287,-55.86613022951749
77,50,-64,-1.8369622431663406,456.51004749276916,-23.482982168115523,-91.34817068901778,-35.63760514623599
77,51,-64,-1.760810049377671,459.0127816402532,-23.71308512155808,-88.2054424591413,-0.18023095686794438
77,52,-63,-1.945668906536628,458.1710223111529,-22.955749470926595,-94.23634349924633,-63.47390082404803
77,53,-63,-1.8626401316422203,460.82749597218583,-23.129412687827298,-90.97256104714899,-46.712759067172634
77,54,-63,-1.7852424166504535,463.35237445484813,-23.278215279874406,-87.60227310493032,-17.076381697077682
77,55,-62,-1.9520160156730335,462.492548050188,-22.491907924015667,-91.64816814713859,-66.07129661377996
77,56,-62,-1.8684385855159473,465.0497692472028,-22.577683513344493,-88.01467401342319,-50.95274909593131
77,57,-62,-1.7903766403424073,467.4126263246172,-22.63328474362564,-84.28776022749487,-23.082719350033692
77,58,-61,-1.9383816557781963,466.4049840033257,-21.803700394057547,-87.13859380372719,-64.58705301552527
77,59,-61,-1.8547829944355627,468.6347824768199,-21.78618764084246,-83.07853174083574,-49.38002195698166
77,60,-61,-1.7765131542640515,470.575935050183,-21.73084832443897,-78.91170466187083,-19.331400518050238
77,61,-60,-1.9050027430724001,469.192126839663,-20.8386334880482,-80.89306079604827,-59.060471433645375
77,62,-60,-1.82174168426986,470.7504236310252,-20.694167637300282,-76.34673622886035,-41.16151482561824
77,63,-59,-1.9397068913127913,468.7720016631099,-19.764660716531903,-77.63383842863071,-60.63777361609051
77,64,-59,-1.8516096876247286,469.69210892225726,-19.515614063747055,-72.6584238222093,-48.20630479428606
77,65,-59,-1.7687707209450005,469.99918846733726,-19.20479546413123,-67.52789867877198,-20.348115703942558
77,66,-58,-1.8644400564641663,466.78438070670546,-18.151990467797138,-67.68925337504008,-47.56284235460749
77,67,-58,-1.7769228812312052,465.7958876987267,-17.694524357691012,-62.01338309046302,-25.13753388241433
77,68,-57,-1.8580009653462444,460.98864089848445,-16.536312144897156,-61.199666582324916,-42.23000418897484
77,69,-57,-1.7654416048354769,457.86139995192394,-15.879863276803464,-54.82644568202906,-19.201314268874036
77,70,-56,-1.8289404889533087,450.3842759481812,-14.549175541504804,-52.78066178982273,-32.858929440730364
77,71,-55,-1.8821826415004281,440.7692556711857,-13.11411051178209,-49.832264516432474,-32.52256771432233
77,72,-55,-1.7710754442966257,430.8028415155247,-11.92292745143578,-41.579818565958035,-14.397660726779877
77,73,-54,-1.7955569292707005,413.4211288747471,-9.983913359437878,-36.226743679504715,-15.250146876056778
77,74,-53,-1.795184905941553,387.6682709032174,-7.5628641825709995,-28.364193589567503,-8.050154814049218
77,75,-50,-2.0117301137624133,338.43530747022464,-4.226750015131542,-20.375020946663092,-9.057014925397091
78,1,-74,-42.89004179782614,367.93988722881886,-0.3442677386966505,-9.904316962366321,-9.79983096865382
78,2,-74,-7.9376847642495285,275.98851734163276,-1.5366657902861334,-10.709459153993432,-9.594518631290573
78,3,-74,-4.316178415659276,236.0975810969088,-3.1616925171846977,-12.199425841308061,-10.075481241099787
78,4,-74,-2.955664396427301,214.6709748499398,-4.258041611458152,-14.642775935523346,-11.563055430594817
78,5,-74,-2.245063447331164,204.9069210545813,-5.284019089434041,-17.767256222080114,-13.015770343371209
78,6,-74,-1.8090851821721134,207.215172922217,-6.287465475895325,-20.376680198996315,-13.849704288087693
78,7,-74,-1.5145126178662904,227.6551217818433,-7.272411948085145,-22.577340982780434,-14.20449234501568
78,8,-74,-1.302229509497547,281.0677818518336,-8.241637659756517,-24.42684304012486,-14.13400722641833
78,9,-74,-1.1420163796378873,360.2762937953233,-9.197168595115084,-25.954248621492482,-13.634029460894538
78,10,-74,-1.0168262924060079,385.40206119804935,-10.140545720076984,-27.174525467774064,-12.6499002666378
78,11,-74,-0.9163164683149341,403.6575077196941,-11.072980826746589,-28.079025688729825,-11.060047573789769
78,12,-74,-0.8338491545930915,417.4748852169675,-11.995452817256535,-28.658302090815283,-8.648707471218863
78,13,-74,-0.7649696978226552,427.9284131514495,-12.908770189796456,-28.888231532757448,-5.0790289635970405
78,14,-73,-1.5722291801657937,444.2203721001407,-12.409327688883092,-38.25558530459681,-22.956837229950242
78,15,-73,-1.4409358450915248,452.33564021631736,-13.257042582097245,-38.45703024239715,-20.102171974713183
78,16,-73,-1.3293355643696187,458.18783091824616,-14.097136723252751,-38.28857789033275,-16.000009928609995
78,17,-73,-1.2333440434641532,462.63669356413055,-14.92982762809563,-37.71691138940996,-10.141650087531668
78,18,-73,-1.1499281101413874,465.4355787296661,-15.755302384793422,-36.63595569224979,-1.6916048018476337
78,19,-72,-1.7640010096889769,465.1165145499807,-15.175204287523183,-49.766164910449746,-29.810960474387247
78,20,-72,-1.6419936490717975,466.66672920949554,-15.942630519912843,-49.175227290901745,-24.65595388531333
78,21,-72,-1.5350784587184934,467.0010456578097,-16.70272199047833,-48.15870105089593,-17.436393285437337
78,22,-72,-1.4406529418054186,466.51135697097436,-17.455487783982374,-46.659870673346525,-7.121954911733897
78,23,-71,-1.9695121928775365,461.3388191919847,-16.88886658003093,-61.41069697202788,-40.15571576550322
78,24,-71,-1.8451292004747297,459.70352864025193,-17.59101087619628,-60.51840836402947,-34.42054423925982
78,25,-71,-1.734682185383544,458.1917687067226,-18.285303249231607,-59.24895802199246,-26.45830121014578
78,26,-71,-1.6359869373315952,456.88831781977535,-18.971655153512742,-57.56514610708656,-15.128005781015391
78,27,-70,-2.097753764012344,451.1678585854313,-18.408718997926915,-72.59845048330098,-50.60098465299544
78,28,-70,-1.9749824690089546,450.79521478894833,-19.049080144181694,-71.46660824024956,-44.47793439834797
78,29,-70,-1.8648600591135815,450.5742328704665,-19.680753472385405,-70.0233590875358,-36.11504839595021
78,30,-70,-1.7655569018668051,450.4872019926968,-20.303574293572968,-68.21981471565762,-24.341034156831743
78,31,-70,-1.6755769655217465,450.5180239875698,-20.917366081579626,-66.0000197269834,-7.1212714298037705
78,32,-69,-2.052022981866223,446.4456706976254,-20.313917126967617,-81.33688172754606,-53.99647757116541
78,33,-69,-1.9444076388410934,447.1929206002281,-20.883543787627907,-79.71094037883202,-45.41812624704613
78,34,-69,-1.846645198598045,448.02333278612974,-21.443147051665203,-77.80136789518299,-33.342790579617244
78,35,-69,-1.7574612274012757,448.92490342615133,-21.992468698602615,-75.57493811619032,-15.404542708552956
78,36,-68,-2.088978920011031,445.668618331602,-21.377257572998783,-89.49151459891242,-62.08827461902133
78,37,-68,-1.9851588586391098,447.1543262229871,-21.883353705327462,-87.63980918144318,-53.236602031859455
78,38,-68,-1.8902528440044453,448.68404802042625,-22.377961828180418,-85.54880130909066,-40.76100778647265
78,39,-68,-1.8031747075134428,450.24779312275354,-22.860724572183976,-83.19642142856169,-22.050528205912418
78,40,-67,-2.0943508144279566,447.72136399493456,-22.22581768662673,-95.46848014828181,-68.13029624718135
78,41,-67,-1.9950877909115685,449.7630138529509,-22.664970840779013,-93.34940659558185,-58.87255303667249
78,42,-67,-1.9038510073192083,451.81426725447244,-23.09078717234449,-91.03954885982684,-45.683632853768025
78,43,-67,-1.8197140877634919,453.865764227404,-23.502776959754968,-88.52634661071237,-25.257685291125767
78,44,-66,-2.074118992053097,451.979253406706,-22.84041934704366,-98.90554204801968,-71.61179593351966
78,45,-66,-1.97983715035011,454.4134547666193,-23.20706923733483,-96.48112535162234,-61.46647800297092
78,46,-66,-1.8927524959759177,456.822490540549,-23.557989221218083,-93.91207440465121,-46.724592972453195
78,47,-66,-1.812074424430016,459.1964062896357,-23.89249990468204,-91.19257122257837,-22.984002160011837
78,48,-65,-2.0326327461898828,457.84659832702545,-23.194094717669554,-99.5471075174832,-71.77607422578762
78,49,-65,-1.943520397900975,460.50655529327884,-23.47992117510719,-96.74426941813898,-60.08689071215615
78,50,-65,-1.8608350921757082,463.1009993703814,-23.746805416147325,-93.81005869655223,-42.17124366341303
78,51,-65,-1.7839015386912518,465.6178595813492,-23.993777393232843,-90.74048913314411,-11.532349263205221
78,52,-64,-1.9730840064985884,464.6716758326773,-23.248656492858675,-97.04071787964921,-67.70750529701901
78,53,-64,-1.889146756870979,467.3620103565123,-23.441358448054043,-93.84475539636885,-52.99999478335334
78,54,-64,-1.8109206757112664,469.93347600281965,-23.61059158211753,-90.5434728825799,-27.73655770710334
78,55,-63,-1.9822619634984502,469.0004902545593,-22.839267410294802,-94.87332337261691,-70.81831505075249
78,56,-63,-1.8977353954930636,471.6338379568621,-22.948409917657063,-91.31715558514507,-57.67312845559228
78,57,-63,-1.818814073092835,474.09188916599663,-23.029314204201924,-87.67045869897161,-35.052423054453556
78,58,-62,-1.9716491145476853,473.0603068877048,-22.218742905172046,-90.72365906187603,-69.79415264078519
78,59,-62,-1.887085291707582,475.43206091376356,-22.230732791762073,-86.75532515713577,-57.05348195892731
78,60,-62,-1.8079531171073215,477.5457934998283,-22.20774934462513,-82.68467951307728,-33.72265611973583
78,61,-61,-1.9415729341233816,476.22109148884806,-21.34076486370768,-84.89957721150189,-65.05137196080955
78,62,-61,-1.8573752790250146,478.031516044555,-21.23512381802866,-80.46663926217443,-51.05065013170485
78,63,-61,-1.7783575475296982,479.45229866067893,-21.084310229173173,-75.91274968250421,-22.220985975814493
78,64,-60,-1.891945127918136,477.49089792782064,-20.13565494527585,-77.17981982408105,-56.23252390184638
78,65,-60,-1.808287518914553,478.2536316178605,-19.87934745634456,-72.19893982827656,-37.56236377808944
78,66,-59,-1.910142467061151,475.42808352989056,-18.87351517175526,-72.69089456283731,-55.00879032779327
78,67,-59,-1.8218897570324857,475.1427492046952,-18.487883512826635,-67.20986155731148,-40.45843447236621
78,68,-58,-1.9100306458177212,471.0367657115098,-17.395717395249328,-66.80506832035778,-49.91666647995211
78,69,-58,-1.817019927412031,469.06391376196285,-16.84154729899469,-60.70661796186747,-36.51288404774207
78,70,-57,-1.8888973270234513,462.90557309133595,-15.614445870103438,-59.210246364389086,-41.84153891409279
78,71,-57,-1.7904413949193687,458.0651617440309,-14.817872930794945,-52.2812881318047,-26.2469723634612
78,72,-56,-1.8422836513221414,448.242756657304,-13.356174655112584,-49.326900913318646,-30.564078043359547
78,73,-55,-1.8811207903505092,435.33421613101876,-11.72778317710464,-45.241394767091315,-27.63877050816103
78,74,-55,-1.7605183230656531,420.16935167376755,-10.160877436665247,-35.728290297298834,-5.939116094240506
78,75,-53,-1.8961545811395153,391.62451782542627,-7.444813350492574,-31.408069307631024,-15.352977384390334
78,76,-50,-2.1188977317744984,341.7827739286408,-4.185600391122561,-23.060238999610252,-12.620491102745637
79,1,-75,-43.27391475747237,375.38806965181544,-0.34423933631965636,-9.97284118861834,-9.868117402959713
79,2,-75,-7.996420734371684,281.50012993464696,-1.5369973092327285,-10.781579639103814,-9.660260530387944
79,3,-75,-4.3472992172059675,240.74111259807788,-3.163165495093673,-12.274094004799156,-10.136561583400415
79,4,-75,-2.9767409201474555,218.79450333446917,-4.260878042229357,-14.712353193145374,-11.617786869507006
79,5,-75,-2.2609720972166047,208.67306278404772,-5.288223072967514,-17.85639798253256,-13.085052900346007
79,6,-75,-1.821851775854781,210.7006087852681,-6.293189509102456,-20.487995621492345,-13.931907663633803
79,7,-75,-1.5251693766830154,230.85717517419974,-7.279792836666058,-22.71100112788399,-14.299443427999439
79,8,-75,-1.3113727618851128,283.8434942026251,-8.250800839268388,-24.58265805444603,-14.24304368387133
79,9,-75,-1.1500214204467154,365.51195803840665,-9.20823083321284,-26.133043970180978,-13.756640687845335
79,10,-75,-1.0239444845390535,391.2785553896979,-10.153616939286996,-27.37772773594657,-12.78970835417062
79,11,-75,-0.9227243403233172,409.96641877819155,-11.088165404406203,-28.304362425767046,-11.222521278689728
79,12,-75,-0.8396753941349351,424.0334883454698,-12.012850553036115,-28.90922152239493,-8.843645849178968
79,13,-75,-0.7703109897943972,434.81686630337566,-12.928477050520062,-29.169054945759054,-5.325368882049561
79,14,-75,-0.7115084217222469,443.0763754135538,-13.835721975339352,-29.021828974631035,-0.10911656140370282
79,15,-74,-1.4512655089962285,459.77455738430166,-13.279146644902168,-38.803949387763005,-20.432637800079682
79,16,-74,-1.3388698935169017,465.83525854870203,-14.12192017576309,-38.66792797876065,-16.39633891948356
79,17,-74,-1.242195511354839,470.39227112332827,-14.957420441344226,-38.13364023265974,-10.641395819557218
79,18,-74,-1.158187147271462,473.4907895461482,-15.785835267171827,-37.09061732975259,-2.3558985595638213
79,19,-73,-1.7772407665259522,473.11686160402695,-15.207596255928824,-50.246111325868554,-30.318701428890495
79,20,-73,-1.6543355926666283,474.84814834737887,-15.97836538119518,-49.68655576437321,-25.26079911292888
79,21,-73,-1.5466352868511175,475.4128200292312,-16.741960927175903,-48.71669441585484,-18.193955390416335
79,22,-73,-1.4515177148675977,475.19296793547545,-17.49839548743663,-47.26221282115162,-8.12024657913012
79,23,-72,-1.9851341612337343,469.80627102916736,-16.934387670832905,-62.03279605382593,-40.85493721882507
79,24,-72,-1.8597966062215041,468.4810386660933,-17.640647616695162,-61.191229026432055,-35.2494368930381
79,25,-72,-1.7485042059907987,466.8619978704538,-18.339251058878705,-59.96237887302686,-27.489566710502327
79,26,-72,-1.6490554135290083,465.45699915941486,-19.0301157534358,-58.32616733100376,-16.475854107123098
79,27,-72,-1.559682316566537,464.2416498447545,-19.71315044114419,-56.20584519521933,-0.5178983015349556
79,28,-71,-1.991694184562039,459.0704351133047,-19.11578398260828,-72.30948128306595,-45.534916542709034
79,29,-71,-1.880687546794728,458.7601845722094,-19.75270273516041,-70.91062696215596,-37.40536241732115
79,30,-71,-1.7805896846560767,458.58842935424576,-20.381015247700912,-69.15776516361686,-25.993810161034876
79,31,-71,-1.6898920123096584,458.53888920440363,-21.000555551875383,-66.99597682129667,-9.531226239243562
79,32,-70,-2.0706063176552143,454.2835191175642,-20.401303721686475,-82.39317155370368,-55.3142135979588
79,33,-70,-1.9620805931877618,454.95609665219024,-20.977274930353673,-80.81371466360363,-47.00745884553753
79,34,-70,-1.863494770211583,455.7158526223253,-21.54352588645149,-78.955541292774,-35.42001191222338
79,35,-70,-1.7735629813334974,456.5507243390709,-22.099813802278593,-76.78604046857141,-18.34406337248175
79,36,-69,-2.109325448867032,453.122915052762,-21.48959789322314,-90.78263147565724,-63.735019428753546
79,37,-69,-2.004577824778432,454.5473752595083,-22.00336000691579,-88.98165196814654,-55.22527380860478
79,38,-69,-1.9088288146809003,456.0198295643804,-22.506013208883,-86.94566190269289,-43.28303947211585
79,39,-69,-1.8209817825792416,457.53033642324317,-22.997222609022977,-84.65301554693973,-25.810540392652925
79,40,-68,-2.1163945623781633,454.8430950881136,-22.368304481525325,-97.04768968320298,-70.14266461001783
79,41,-68,-2.0161945432585373,456.83762555159007,-22.81675443247845,-94.98299467846402,-61.29389818720003
79,42,-68,-1.9241031099583408,458.84618846094196,-23.252352378255864,-92.73099116459277,-48.849532794492184
79,43,-68,-1.8391842807439602,460.859599234457,-23.674641889003436,-90.27936953728283,-29.892457962078133
79,44,-67,-2.097827116163148,458.8242188989307,-23.0195613724238,-100.83624776294677,-74.08009604023722
79,45,-67,-2.002606914153897,461.228223759022,-23.397584516610205,-98.46948461023335,-64.59083742501358
79,46,-67,-1.9146643401000438,463.6125657232718,-23.760516394944464,-95.9607584016798,-50.76060144338878
79,47,-67,-1.833199992599834,465.9676539511555,-24.107728547113194,-93.30438336721483,-29.377190558804255
79,48,-66,-2.05800520701687,464.4848341960105,-23.41834173259446,-101.82879019561007,-74.81689963954621
79,49,-66,-1.967962914656821,467.1372960851594,-23.718287768945494,-99.09078521006768,-64.1044170699406
79,50,-66,-1.8844267325057538,469.7318141518917,-24.00016606002485,-96.22409987432539,-47.92078705322365
79,51,-66,-1.8067133967305593,472.2570140237563,-24.263088411228257,-93.22487410257831,-20.849360116659902
79,52,-65,-2.000162491736133,471.20200035593876,-23.529455679006375,-99.78273470800463,-71.7433089959696
79,53,-65,-1.9153171822185846,473.9184127101765,-23.74008733746194,-96.65342128392855,-58.63264850877364
79,54,-65,-1.8362617839239046,476.52742931630394,-23.928510948148613,-93.4192433561343,-36.859157563408175
79,55,-64,-2.0121054443237796,475.51326033555927,-23.17115943420775,-98.03651577136287,-74.95545159595295
79,56,-64,-1.926626041408916,478.21027869968015,-23.302133138615925,-94.55476629796247,-63.397077131202764
79,57,-64,-1.8468395809325187,480.74885053078395,-23.40659591182648,-90.98401927547832,-44.29683329043378
79,58,-64,-1.772173389739759,483.1078167016676,-23.482728640075706,-87.32139060119607,-7.592734413913448
79,59,-63,-1.9188862391621715,482.17155044188075,-22.652811072647427,-90.35301188558293,-63.44328821365966
79,60,-63,-1.8388766926101752,484.43272190649253,-22.659585150405356,-86.3733782992017,-44.670952682010025
79,61,-63,-1.763839856036257,486.4307434754631,-22.631226644943265,-82.29255891205968,-6.451805530105996
79,62,-62,-1.892366038160318,485.1647870612989,-21.745180979363532,-84.4838151013658,-58.855202735456125
79,63,-62,-1.8125015671915596,486.8449568798854,-21.63355881212215,-80.04240520035626,-37.68650231633002
79,64,-61,-1.9314626915711721,485.0405656662209,-20.716551119439565,-81.57270941659795,-62.763526746279396
79,65,-61,-1.8469250736072855,486.18419658728425,-20.50861336272901,-76.72843396623827,-48.88611815439688
79,66,-61,-1.7673555544389055,486.7903862586051,-20.24511943948611,-71.74245053967935,-17.525872133177902
79,67,-60,-1.8656634275958897,483.94468148666203,-19.219941171072012,-72.21756760595606,-50.592345468702554
79,68,-60,-1.781653979511025,483.477217481824,-18.82578689595273,-66.7338900951968,-26.96809209394849
79,69,-59,-1.8668602378613408,479.30685343165015,-17.71353962900826,-66.31551826097544,-46.72712823479153
79,70,-59,-1.7782217501087096,477.1166029435109,-17.148683080009864,-60.2174113564188,-25.082367732945826
79,71,-58,-1.8479001456352835,470.8362233561553,-15.899576838776113,-58.7110528437515,-38.99694006881547
79,72,-58,-1.7539316857508513,465.72542327332366,-15.08815743191824,-51.7861751201704,-11.5270567842434
79,73,-57,-1.8044688039935273,455.69626650096876,-13.599470757240168,-48.82595307901175,-26.281913433795268
79,74,-56,-1.8425270911719966,442.5135081100862,-11.939469422199423,-44.73707163965034,-26.005751016705634
79,75,-55,-1.8634893561431412,424.48335557070936,-9.995557737546314,-39.09452383193717,-21.20718497637505
79,76,-54,-1.85871541785599,397.90860814681366,-7.568034175903107,-30.90134396927935,-13.937187187491531
79,77,-50,-2.23156299191492,345.042677559754,-4.14825196589223,-25.74935754967859,-16.12384625941595
80,1,-76,-43.65498981657437,382.8858441041111,-0.3442116310360907,-10.04089645159743,-9.935932312041436
80,2,-76,-8.054736075364861,287.0479744230507,-1.5373198305867348,-10.853220638327345,-9.725558173310098
80,3,-76,-4.37820042159611,245.41478302765276,-3.164599209406496,-12.348318557968131,-10.197286417435079
80,4,-76,-2.997669790566241,222.94448765113228,-4.263640564816693,-14.781687571160518,-11.671991768226118
80,5,-76,-2.276769777146705,212.4633431437226,-5.292317769801735,-17.944652153757023,-13.153475487274129
80,6,-76,-1.834529570938224,214.20931615340777,-6.298764931179447,-20.5987147506917,-14.013601450750052
80,7,-76,-1.535752160434027,234.0844155123262,-7.286982224848663,-22.84382512497491,-14.393684993471958
80,8,-76,-1.320452637349217,286.6531624944496,-8.259726333806547,-24.737373811606982,-14.349746511089384
80,9,-76,-1.1579710326838808,370.7437477737405,-9.219006105295698,-26.31043853964187,-13.877971684461755
80,10,-76,-1.0310134267005036,397.07927185457385,-10.166348965243477,-27.575756592483852,-12.92779105448841
80,11,-76,-0.9290879009455617,416.2329475495157,-11.102955730146935,-28.527582351292498,-11.38261386222991
80,12,-76,-0.8454613586315154,430.63606201401126,-12.029796234324792,-29.15756901438675,-9.035167605138017
80,13,-76,-0.7756153662592271,441.7519123473545,-12.947671376005637,-29.442615767417948,-5.566512198355247
80,14,-76,-0.7164051612561613,450.2237315785831,-13.857255037705777,-29.327686712967726,-0.4271766364562255
80,15,-75,-1.461522216725009,467.1485484538771,-13.300657578300203,-39.14703593785107,-20.757300523246357
80,16,-75,-1.3483367843609495,473.53778531157656,-14.146035898855432,-39.04273263900623,-16.78457499348024
80,17,-75,-1.2509842653641565,478.20436555784005,-14.98426663111211,-38.54498265921186,-11.129106462861554
80,18,-75,-1.166387557594028,481.4420255852077,-15.815538209137072,-37.53878541161687,-2.985773805524242
80,19,-74,-1.7903831434430264,481.16512648078884,-15.239095040761693,-50.7202664487629,-30.816654309018165
80,20,-74,-1.666586477370865,483.0927199824393,-16.013109443387673,-50.19115595436017,-25.851869529576458
80,21,-74,-1.5581065614026877,483.8901565466877,-16.78010560546226,-49.266918390793265,-18.931408676617934
80,22,-74,-1.462301766099266,483.9429135251613,-17.54009935100205,-47.85541819794068,-9.088268541279783
80,23,-73,-2.0006357706939815,478.34273706641574,-16.97861913426924,-62.64678270615511,-41.53922941408586
80,24,-73,-1.8743504800460595,477.3308690091639,-17.688868787659548,-61.854894215286215,-36.057586209105025
80,25,-73,-1.7622187057847492,475.603932896446,-18.391649649136795,-60.665382408066854,-28.473139834468654
80,26,-73,-1.6620216926653233,474.09676944352924,-19.08688531922209,-59.07525207561858,-17.779408413485342
80,27,-73,-1.5719777628659835,472.78461472890416,-19.77449097718802,-57.00911709560837,-2.296287083069195
80,28,-72,-2.0082698647878514,467.4169198049762,-19.180527088541126,-73.14016402096746,-46.56427296334475
80,29,-72,-1.8963853357431852,467.0167969194903,-19.82251985042729,-71.78426709654812,-38.65679544606046
80,30,-72,-1.7954984099262692,466.7596855787048,-20.456141763024746,-70.08041109179027,-27.590092237402473
80,31,-72,-1.7040880417369582,466.62911741150174,-21.081236635482817,-67.97467238247059,-11.698918144584615
80,32,-71,-2.089030360259894,462.1915212773754,-20.486033242594605,-83.43362300089133,-56.595581631122805
80,33,-71,-1.9796007466943921,462.7887147700379,-21.068129003508208,-81.89914160987409,-48.54629151800713
80,34,-71,-1.8801973295265006,463.47704260251584,-21.64079296444469,-80.0906664477075,-37.358533223338625
80,35,-71,-1.7895228938253545,464.24437482631265,-22.203796573209118,-77.96250559071929,-21.159340431004892
80,36,-70,-2.129488042718436,460.6457140583434,-21.598387582746277,-92.05327435281701,-65.33218585359425
80,37,-70,-2.023819297595939,462.00795101939354,-22.119531150626546,-90.30132734022409,-57.14508940224123
80,38,-70,-1.9272330162864972,463.42205493589745,-22.62992458812234,-88.31848610004572,-45.7060897416857
80,39,-70,-1.8386221722773346,464.8781199411023,-23.12925361488938,-86.08351052250309,-29.138094152789623
80,40,-70,-1.757050731648088,466.36666824700814,-23.617182164568,-83.5733186132764,-3.5058844825191473
80,41,-69,-2.0370966447557715,463.9763786096433,-22.963453594788117,-96.58874425863037,-63.62598670980038
80,42,-69,-1.944155921297102,465.9405930013643,-23.40843072440798,-94.39261625296938,-51.783979714180816
80,43,-69,-1.8584598624672675,467.91405296746217,-23.840585504771983,-92.00043471168496,-34.297849738373614
80,44,-69,-1.7792013187977544,469.88787698789884,-24.259459711369157,-89.39938198433086,-6.508663014955137
80,45,-68,-2.0251410062164834,468.1010147728048,-23.58135158719138,-100.42351408089812,-67.48390162866998
80,46,-68,-1.9363450435292457,470.45798373210243,-23.95575102260958,-97.97306169758315,-54.6064636713563
80,47,-68,-1.8540981956543447,472.7912060528931,-24.315072039715055,-95.33425049621039,-35.12069527894702
80,48,-68,-1.7777046705215476,475.0912898287095,-24.658683294056754,-92.45763547604105,-2.6629871658162045
80,49,-67,-1.9921324296749838,473.8149749403361,-23.947623026011414,-101.39429503885111,-67.82368251804773
80,50,-67,-1.9077482983033462,476.40505301909064,-24.243733284271812,-98.59267905709487,-52.94134504713674
80,51,-67,-1.8292571910510311,478.93342638003844,-24.521766951800235,-95.66118116417118,-29.104051385728884
80,52,-66,-2.026918669981492,477.76585811494124,-23.79896394157907,-102.46518763941775,-75.55614697361798
80,53,-66,-1.941166430795585,480.5014606399513,-24.026519514515485,-99.40096297736822,-63.50377266615722
80,54,-66,-1.8612816155422354,483.14006555393297,-24.233013916197212,-96.23402664955042,-44.5825936868854
80,55,-66,-1.7866722463319404,485.66750415150466,-24.417260012304215,-92.96251544543605,-10.75246000978299
80,56,-65,-1.9551315764301478,484.7877564539747,-23.64016297861771,-97.72043962335668,-68.58681638080459
80,57,-65,-1.8744758807051358,487.39413037909526,-23.766632706511167,-94.22231209226825,-52.180735750494605
80,58,-65,-1.799019254027561,489.83792754426173,-23.866513838667405,-90.63310842932917,-22.571498451862517
80,59,-64,-1.9502170142098119,488.86926145083333,-23.054379135335406,-93.87655212271129,-68.98374395003496
80,60,-64,-1.8693184240400178,491.25655409335104,-23.088647601822384,-89.9833663976829,-53.489539484698724
80,61,-64,-1.7934823314716613,493.40740338194877,-23.090300437562934,-85.99284698678288,-24.249066698434753
80,62,-63,-1.9267638768879718,492.1812075767857,-22.227473755019755,-88.40606531800717,-65.44635932625891
80,63,-63,-1.8460259184532843,494.082509770379,-22.151491295901064,-84.06992018142,-48.87039202219915
80,64,-63,-1.7701461612888738,495.63296111742545,-22.03397605496913,-79.62041993668811,-13.624851570408076
80,65,-62,-1.8847727689005378,493.856169055228,-21.098192075550635,-81.1301782478276,-57.402224000276014
80,66,-62,-1.8044134374985463,494.85244203241507,-20.883568955520538,-76.27972718100726,-35.709327493289095
80,67,-61,-1.9083940141679219,492.31768162011593,-19.899674222676527,-77.05932766840672,-58.09196771836085
80,68,-61,-1.823633338885751,492.4368996103835,-19.56835522036285,-71.74734403224102,-42.47149606736905
80,69,-61,-1.7435448827999318,491.78837513948326,-19.16572345477169,-66.26134923081207,-0.3375392525344413
80,70,-60,-1.8260245913149595,487.55361293342474,-18.033286226190402,-65.82949408332753,-40.82521540864404
80,71,-60,-1.741432276124802,485.1473120832107,-17.457730060228563,-59.73203690418928,-1.3747259397163898
80,72,-59,-1.809063663725462,478.74512095099755,-16.18643845375911,-58.21580823894418,-33.32381976502543
80,73,-58,-1.8687300925065022,470.66781112140575,-14.840867941401429,-55.932865290114165,-37.376198535156405
80,74,-58,-1.7685740571609583,463.1303863790559,-13.843972645063472,-48.32937945523999,-16.736775560933957
80,75,-57,-1.8059029282963495,449.6743628807765,-12.15183808534258,-44.23730434787272,-22.632525471080864
80,76,-56,-1.8268448639849564,431.2756134662576,-10.16775116916313,-38.59368433874346,-19.42554896380098
80,77,-55,-1.8231501714401936,404.17793778910124,-7.691056229628078,-30.399783446889973,-12.03811717702364
80,78,-50,-2.3503013808923527,348.2190229863066,-4.114265115921363,-28.440737517406546,-19.571781725719802
81,1,-77,-44.0333218086628,390.4328846699724,-0.3441845977625724,-10.108492271546318,-10.003285368182778
81,2,-77,-8.112639577723385,292.63181551841967,-1.537633715560522,-10.924391592022998,-9.790420439695055
81,3,-77,-4.408886586727134,250.11839859297237,-3.1659923496615487,-12.42210714096779,-10.257661643228971
81,4,-77,-3.018454059549189,227.12075692218843,-4.266332031125047,-14.85077901487182,-11.725684706961836
81,5,-77,-2.292458774726964,216.27759578781863,-5.296307386809868,-18.0322184298798,-13.221137907948322
81,6,-77,-1.8471203947856387,217.74109354617997,-6.304197454989664,-20.707497322579112,-14.094795742085859
81,7,-77,-1.5462624896652706,237.3364972273508,-7.293987468976417,-22.974805408724926,-14.48723430386311
81,8,-77,-1.3294704376167594,289.49598971745814,-8.268423271483439,-24.89101569967555,-14.454925827311852
81,9,-77,-1.1658663543275791,376.0094335618279,-9.229505433143062,-26.486467888302098,-13.998062445473709
81,10,-77,-1.0380341298395432,402.91761661226155,-10.178754830894428,-27.772119484332496,-13.064207587642127
81,11,-77,-0.9354080597966314,422.4824005782239,-11.117366962710722,-28.748747110805212,-11.540414106810498
81,12,-77,-0.8512078750406298,437.28221715005657,-12.046307258635716,-29.403423752575165,-9.223410255384795
81,13,-77,-0.7808835855181406,448.7331496137534,-12.966372914909412,-29.712763205324613,-5.802057394529172
81,14,-77,-0.7212685246015715,457.41915531596663,-13.878234666101608,-29.626967140031674,-0.7377041180205147
81,15,-76,-1.4717074947708648,474.5742453453832,-13.321598994805496,-39.48641648440401,-21.076403468312712
81,16,-76,-1.35773765168852,481.2949159536499,-14.169510596924315,-39.41314862527424,-17.16507657204936
81,17,-76,-1.259711625089754,486.07246780253155,-15.010396203847757,-38.94756497942915,-11.60534770246071
81,18,-76,-1.174530578797857,489.45083051464934,-15.844444740822107,-37.98070431676585,-3.5990681106305553
81,19,-75,-1.8034302579416706,489.27384361845037,-15.269737263943977,-51.18883482845099,-31.30525731123217
81,20,-75,-1.6787482932474873,491.39987148785576,-16.046903587087716,-50.68927780201375,-26.429821608662373
81,21,-75,-1.5694941623796788,492.4324792544364,-16.81720147605353,-49.80966711715526,-19.649763118377255
81,22,-75,-1.4730068798592582,492.76061650943416,-17.5806497295685,-48.439847470338314,-10.027609986455468
81,23,-74,-2.016019756334897,486.9476027111558,-17.02161547139521,-63.252961674264014,-42.209309785245864
81,24,-74,-1.8887934212939832,486.2524087035005,-17.735734676194358,-62.49927651604109,-36.846047978877
81,25,-74,-1.775828166316045,484.4169730851417,-18.44256553780578,-61.35837907023483,-29.414987625372767
81,26,-74,-1.6748881537441698,482.8070401241563,-19.14203708181827,-59.8128870700772,-19.001679074194364
81,27,-74,-1.5841780405327268,481.3974694916819,-19.834070462904606,-57.799201710334806,-4.011138712179987
81,28,-73,-2.024712782912954,475.83406711442296,-19.243395949604984,-73.95914127660814,-47.567472151177235
81,29,-73,-1.9119565808378514,475.3434866509598,-19.890299784657334,-72.64483843687037,-39.87151824813086
81,30,-73,-1.8102861304023297,475.0004091672995,-20.529057982798975,-70.98839868589168,-29.13317120456722
81,31,-73,-1.7181680186710873,474.78817250797067,-21.159523419375457,-68.9368552813818,-13.753901350397845
81,32,-72,-2.107299153268947,470.16912394310407,-20.568227716591842,-84.45887920071912,-57.84261072625368
81,33,-72,-1.996972033881666,470.690255827291,-21.15623967171542,-82.96794380084053,-50.03758761740754
81,34,-72,-1.8967567195791728,471.30642334171824,-21.735094617463417,-81.20755631798714,-39.22899145447232
81,35,-72,-1.8053447324386251,472.0054215520381,-22.304577153241365,-79.11674064598957,-23.78105461051956
81,36,-72,-1.7216418855297935,472.77587400161127,-22.864457929170168,-76.57512773274034,-0.39521348875937135
81,37,-71,-2.042888149991107,469.53568532885305,-22.232054350263994,-91.5997910531565,-59.00035295313347
81,38,-71,-1.9454702571801727,470.8904280808428,-22.749901002248226,-89.66833276853642,-48.03663260751003
81,39,-71,-1.8561006393899455,472.2909308860187,-23.257042206180458,-87.4890800836767,-32.212572607634485
81,40,-71,-1.7738346022875398,473.7277597154732,-23.753162666482538,-85.03937624671481,-8.340040125843966
81,41,-70,-2.057800156068712,471.1792147030701,-23.105331570737025,-98.16788164073357,-65.87472097064482
81,42,-70,-1.9640154919280532,473.0975533281778,-23.559311251123884,-96.02576361089088,-54.5991104525275
81,43,-70,-1.877546898134924,475.0293490223137,-24.000925463890468,-93.69100546258682,-38.22852147052633
81,44,-70,-1.797579209020415,476.96587804903527,-24.42974648444884,-91.15103209768334,-12.437826511438885
81,45,-69,-2.0474470903777444,475.0323744351605,-23.75874546822775,-102.3447449748754,-70.13737655149158
81,46,-69,-1.957802364180338,477.3595315646544,-24.144106937852374,-99.94690425917761,-58.27651735591775
81,47,-69,-1.8747769222919313,479.66812905954873,-24.51498780581034,-97.32440990066581,-40.05691896448951
81,48,-69,-1.7976675734220646,481.94910031851776,-24.870802892981736,-94.51559488386124,-10.925080380127346
81,49,-68,-2.016038944107267,480.5413118794665,-24.168474007616865,-103.6568354995846,-71.14043627706447
81,50,-68,-1.9308100859759925,483.12289197409945,-24.478115647023984,-100.91799597979589,-57.70613553956901
81,51,-68,-1.8515435772553452,485.6498088988383,-24.770491751253985,-98.05178831373215,-36.3230284861744
81,52,-67,-2.053365671927942,484.36653708845836,-24.05791951552045,-105.0949820812144,-78.94741989533532
81,53,-67,-1.9667082263268298,487.11520800712947,-24.301483344944558,-102.09601932194876,-68.1317936075802
81,54,-67,-1.8859945996517378,489.7763515936516,-24.525033308652198,-98.99653885374173,-51.30575546305091
81,55,-67,-1.810625716629918,492.3368152582576,-24.7274894489153,-95.78746174401579,-22.349867904966537
81,56,-66,-1.9832709236238057,491.37360954438947,-23.96366297818945,-100.81570244511397,-73.13595254482104
81,57,-66,-1.9017432592064254,494.03669449516065,-24.110752163922633,-97.38807714606313,-58.96755721855242
81,58,-66,-1.825491759582229,496.5523464308114,-24.23281434899768,-93.87031951609139,-34.255840144338094
81,59,-65,-1.9811050393468146,495.53856655485924,-23.43714383675222,-97.33035766026256,-74.01736931604272
81,60,-65,-1.899308433931619,498.03375552736793,-23.496920351419895,-93.51955471193165,-60.98432200768973
81,61,-65,-1.8226612939763054,500.3157169072731,-23.52629594117316,-89.61482622078019,-37.314943793248666
81,62,-64,-1.9606114169192788,499.106053619656,-22.684665858589835,-92.24013193636848,-71.02124488420225
81,63,-64,-1.878978916737176,501.1966687506628,-22.641288494676555,-88.00302367866502,-57.52573895378706
81,64,-64,-1.8023059646449855,502.97473783079795,-22.55973423351462,-83.65796485156613,-31.560262553137537
81,65,-63,-1.921903737956687,501.3208793766424,-21.652648740180727,-85.41556417963541,-64.38248848934302
81,66,-63,-1.8407080646020622,502.64653136293776,-21.481786365586682,-80.69001349016176,-48.266840124543
81,67,-63,-1.7642027391529038,503.4961733987228,-21.260553841036387,-75.83373949620646,-11.47508281485637
81,68,-62,-1.8646031063269457,500.9549540235223,-20.25783002301217,-76.59583954756029,-52.711535418780024
81,69,-62,-1.7838514597858754,500.9053024794307,-19.918783219786715,-71.28024776667279,-27.279719634907707
81,70,-61,-1.8724151205406683,497.24045158090973,-18.843347507256706,-71.21438763362484,-50.75470153292318
81,71,-61,-1.787335058712042,495.77762809464167,-18.354973598214382,-65.34700118179936,-29.359864365124793
81,72,-60,-1.8620308475700995,490.39821238463094,-17.16830502963325,-64.30028018916326,-44.42033063806886
81,73,-60,-1.772217003149815,486.6328591563622,-16.475030844656025,-57.72449607104157,-21.456849414602786
81,74,-59,-1.8302447068663903,478.3924491007125,-15.105602410032464,-55.43417031157486,-34.25882006577814
81,75,-58,-1.8783838865313576,467.8799559603475,-13.622172914548303,-52.2320375000403,-33.56623956016682
81,76,-58,-1.7710963905856136,456.817356328346,-12.36484744793017,-43.74203874721482,-14.342275754219356
81,77,-57,-1.7920135504632302,438.0514215843463,-10.339954848184163,-38.09757226174362,-15.086476986903332
81,78,-56,-1.7893162930746889,410.4330207738471,-7.813883959999783,-29.903289053605544,-7.019651331574105
81,79,-50,-2.475757169392164,351.3156511510465,-4.08326364252571,-31.13291413699325,-22.968253270387475
82,1,-78,-44.40896390534011,398.028871777733,-0.34415821258992574,-10.175637850328233,-10.07018591644058
82,2,-78,-8.170139733054047,298.251422462097,-1.5379393062956872,-10.995101634792608,-9.85485591760188
82,3,-78,-4.43936211567702,254.85176920695773,-3.167349939156315,-12.495467183529612,-10.317693008507792
82,4,-78,-3.039096675479887,231.3231436154683,-4.268955148175267,-14.919627644213149,-11.778880001773095
82,5,-78,-2.3080413000901796,220.11565809505763,-5.300195917679596,-18.118706979579063,-13.28847928934906
82,6,-78,-1.8596260129205562,221.29574564877205,-6.309492504309038,-20.81532711393134,-14.174420413848889
82,7,-78,-1.5567018334851062,240.61308958138804,-7.300815553425442,-23.103624272885735,-14.580107895360705
82,8,-78,-1.3384274203819433,292.3712208996622,-8.276900318983708,-25.042446807396953,-14.559211939977223
82,9,-78,-1.1737084848541146,381.25074374430216,-9.239739281311627,-26.660363409763576,-14.116950992066664
82,10,-78,-1.0450075706854456,408.79324241162004,-10.190846909969544,-27.96686122095524,-13.1990140916839
82,11,-78,-0.9416856956799835,428.7721249101332,-11.131413493468079,-28.967915445056086,-11.696005958698498
82,12,-78,-0.856915742282006,443.97157633504884,-12.062400141765165,-29.646861070517684,-9.408503499816781
82,13,-78,-0.7861163801313609,455.69138637576293,-12.984600413527183,-29.979996737878288,-6.03239248537242
82,14,-78,-0.7260991883581209,464.66224308474415,-13.898681943540009,-29.92270081963788,-1.0410351331186047
82,15,-77,-1.4818228169522711,482.05117933394104,-13.341993266951707,-39.822211095339014,-21.390175548303755
82,16,-77,-1.367073861268976,489.1061695643721,-14.192369564786938,-39.77932443116665,-17.53818021885212
82,17,-77,-1.2683788642023746,493.9960833974332,-15.035837573298018,-39.34243555405529,-12.07064952329035
82,18,-77,-1.1826174052778147,497.5167000414219,-15.872586601939997,-38.41660493269453,-4.196574986204422
82,19,-76,-1.8163841515496641,497.44246336971315,-15.299557562102235,-51.65200992478007,-31.784921298643997
82,20,-76,-1.6908229584371122,499.76904592150385,-16.07978646091963,-51.18115729876803,-26.995269420369343
82,21,-76,-1.5807999013033704,501.03922701320505,-16.853291489329813,-50.34521821162596,-20.349961427756067
82,22,-76,-1.4836347749436767,501.2436777451526,-17.620094185543888,-49.015840571441366,-10.9204054265507
82,23,-75,-2.031288750471205,495.6202685966789,-17.06342812799352,-63.851620353478104,-42.86584841292244
82,24,-75,-1.903127930600285,495.24506018432527,-17.78130215974717,-63.130914343859935,-37.615805996049595
82,25,-75,-1.7893349738118474,493.30053032348087,-18.49206144527009,-62.041755399346236,-30.332149848826926
82,26,-75,-1.687657083255317,491.5872342676251,-19.19564004996511,-60.53953014969919,-20.167289294142364
82,27,-75,-1.5962853489304414,490.0796502911344,-19.89196467905322,-58.57606691303771,-5.666061768498213
82,28,-74,-2.041026080743184,484.32128624222963,-19.304471962458376,-74.76686910740084,-48.545878081852436
82,29,-74,-1.9274043083213166,483.73967982238446,-19.956131850706782,-73.49286616389517,-41.051542381689735
82,30,-74,-1.8249557722848995,483.31004601637187,-20.599861776058017,-71.88233443799048,-30.626089751122425
82,31,-74,-1.7321347829454443,483.0155235409299,-21.235523030517015,-69.88322766765725,-15.734295929714627
82,32,-73,-2.1254165671376217,478.2157783078838,-20.648001643841923,-85.46954427728964,-59.05717853470917
82,33,-73,-2.014198217407877,478.66020193816684,-21.241732242495196,-84.02079928403116,-51.48408223044773
82,34,-73,-1.9131766119716247,479.2035129714072,-21.82656789687546,-82.30697298757985,-41.03548036921034
82,35,-73,-1.8210320929064714,479.8334243588537,-22.40230537466704,-80.2509171430325,-26.148014539907095
82,36,-73,-1.7366611749572098,480.5384981184606,-22.968728595349976,-77.77300105725108,-4.0171829537619415
82,37,-72,-2.0617890237304097,477.13019398019327,-22.341104414162732,-92.87793782879238,-60.7950168849594
82,38,-72,-1.963545111558135,478.4246297528912,-22.866133667815333,-90.99619215581212,-50.280596195016116
82,39,-72,-1.8734217082835924,479.76852492435836,-23.380797586839197,-88.87082081111214,-35.15942793793542
82,40,-72,-1.7904655209086044,481.1524772104343,-23.884799954733246,-86.47957480755046,-12.752791122404732
82,41,-71,-2.0783108198441784,478.44602432000914,-23.242632906652574,-99.72155239229053,-68.04549228805541
82,42,-71,-1.9836875445619309,480.31707681224003,-23.705262047996328,-97.63168317234572,-57.30302673678155
82,43,-71,-1.8964511131170985,482.20562959905715,-24.155955902057595,-95.35244579631886,-41.77086516221539
82,44,-71,-1.8157783963703702,484.10309606004427,-24.594314541747146,-92.85104590463358,-18.06331358329625
82,45,-70,-2.0695323751039787,482.02272704059004,-23.93011223251206,-104.22542044088223,-72.69548512315032
82,46,-70,-1.9790435810231797,484.3178461334718,-24.325965245594258,-101.83847990807523,-61.50756623209882
82,47,-70,-1.8952435546162394,486.5993063875113,-24.70789615863358,-99.27793053405352,-44.74878136241433
82,48,-70,-1.8174217442047462,488.85832845913365,-25.075361436188018,-96.53449357808998,-18.458054665491172
82,49,-69,-2.0396917680786397,487.31775700484195,-24.381341101235112,-105.88029351917021,-74.32481691981326
82,50,-69,-1.9536216483840583,489.8871788472663,-24.70386824764844,-103.20208492786553,-61.93398849251927
82,51,-69,-1.8735824058474748,492.40847526126345,-25.00988006792378,-100.39889028188483,-42.50802569300438
82,52,-69,-1.798960694501024,494.871547267417,-25.298621822610244,-97.46708468763075,-10.142830301220759
82,53,-68,-1.991955159112727,493.763116111368,-24.565727405814854,-104.74377566404154,-72.22063483355382
82,54,-68,-1.9104139129493818,496.4405299358656,-24.80540886443532,-101.69665038837985,-57.116356192804204
82,55,-68,-1.8342856655974629,499.02681053549816,-25.025050417454324,-98.53266204006106,-32.15855923938355
82,56,-67,-2.011061187807446,497.97407801341933,-24.273671894388585,-103.84375408428498,-77.47622076063077
82,57,-67,-1.9286599458552487,500.6841484711181,-24.440133487221612,-100.48468996345005,-64.78298165928793
82,58,-67,-1.8516104694886981,503.26033534100685,-24.582975477966812,-97.03540338248156,-43.77541578181187
82,59,-67,-1.779391864455755,505.685242521673,-24.700725160345037,-93.49252743410958,-4.2782307764503456
82,60,-66,-1.9288732133596198,504.778095304437,-23.88613342042612,-96.98631166131449,-67.02008893512853
82,61,-66,-1.851405864618623,507.172598107549,-23.941223886756433,-93.16335856974594,-47.681096114550336
82,62,-66,-1.7786632571868175,509.34944454524424,-23.96579859129423,-89.24748640339212,-9.482429897407156
82,63,-65,-1.9114018192380804,508.21333730541426,-23.10565214206257,-91.8483946527255,-64.69641199704905
82,64,-65,-1.8339147880046864,510.18664584776576,-23.056986865326863,-87.6016171496186,-44.72123846982246
82,65,-65,-1.7609871052066883,511.84194934708086,-22.96994738118147,-83.24801424808562,-0.2279430259436434
82,66,-64,-1.8763103083353763,510.22507585358886,-22.044410362133153,-84.98460570132669,-57.576929790677816
82,67,-64,-1.7990498291893775,511.4121622345855,-21.867367459086463,-80.25226681119682,-32.414177037417375
82,68,-63,-1.9046774749129463,509.12089582250786,-20.901348447379966,-81.29722933136922,-60.52643424020693
82,69,-63,-1.8231803894013838,509.5680298992748,-20.617971276486116,-76.13517588458585,-43.447824838083065
82,70,-62,-1.9175942069502965,506.3428617607496,-19.59104914672258,-76.40328766599369,-58.11456552909635
82,71,-62,-1.8318685852938785,505.6397194276128,-19.176424879480926,-70.73607739401673,-44.35450605682544
82,72,-62,-1.7506228852725683,503.979471615575,-18.67861690225457,-64.86804080277123,-6.132270076334009
82,73,-61,-1.8230774176934201,498.50509962374656,-17.471194495913632,-63.81027744861037,-39.18583106515946
82,74,-60,-1.8890261970929454,491.6926317866981,-16.210830775456714,-62.07784791591209,-43.45661606083315
82,75,-60,-1.7937041303703976,486.09691637659313,-15.371800344509388,-54.939512166864276,-27.639277323753333
82,76,-59,-1.8406790543186817,475.3707141428866,-13.861451548463572,-51.732506039218755,-31.59755420507427
82,77,-58,-1.875199543368791,461.36782741187466,-12.169395765365207,-47.38040525593064,-28.403502162251826
82,78,-58,-1.7588593083350963,444.8113197514908,-10.51213317802765,-37.60611710628813,-4.409856634810565
82,79,-56,-1.884779834865933,414.40826207040936,-7.696640143944712,-32.9283630127172,-15.54704208721331
82,80,-50,-2.6086556018720293,354.33623125321367,-4.054923942278885,-33.82457651764061,-26.31660513964493
83,1,-79,-44.78196768270468,405.67349199654114,-0.3441324527163043,-10.242342086156226,-10.136642989973272
83,2,-79,-8.22724474800053,303.90656888151614,-1.5382369271047456,-11.065359609163698,-9.918872916721089
83,3,-79,-4.469631263941864,259.6147083709911,-3.16867332190106,-12.568405912656187,-10.37738611364106
83,4,-79,-3.0596004880986607,235.55148343385704,-4.271512487190558,-14.988233737481913,-11.8315917517589
83,5,-79,-2.3235194895189233,223.97737102080524,-5.303987156248456,-18.204792660858605,-13.354702022549485
83,6,-79,-1.8720481319187599,224.8730829881708,-6.314655231881948,-20.922612035849077,-14.25329654119508
83,7,-79,-1.5670716119706642,243.91387572505317,-7.30747311381795,-23.231687027666904,-14.670864985268189
83,8,-79,-1.34732480136749,295.27814016849925,-8.285165710352215,-25.19104540991028,-14.662628965947874
83,9,-79,-1.1814984870417962,386.49837088858766,-9.249717591905467,-26.83023790032505,-14.233520456647193
83,10,-79,-1.05193469335269,414.7058131333502,-10.202636958138381,-28.1600246056312,-13.331761434081846
83,11,-79,-0.9479216580348875,435.1017674438006,-11.145108994375878,-29.185143372713483,-11.849468862891598
83,12,-79,-0.8625857325566435,450.70333548790404,-12.078090572973354,-29.88795269633977,-9.590569778999916
83,13,-79,-0.7913144581320992,462.57192568463523,-13.002371678639694,-30.244408221981974,-6.258293758311785
83,14,-79,-0.730897806441021,471.9263598542347,-13.918616894534814,-30.21500562401955,-1.3374856323478759
83,15,-78,-1.4918696069357575,489.5788956304243,-13.361861607839337,-40.15453375345861,-21.69883233170245
83,16,-78,-1.3763467322149558,496.848445548065,-14.214636779774148,-40.14140085228889,-17.90420229057884
83,17,-78,-1.276987212671701,501.974731809598,-15.060617665215089,-39.73242546000699,-12.525508975010096
83,18,-78,-1.1906491902479353,505.6391437760544,-15.899993860289433,-38.846705600908024,-4.779037590497992
83,19,-77,-1.829246793613429,505.67045156837656,-15.328588720007408,-52.10997488593893,-32.256031917994235
83,20,-77,-1.7028123227831682,508.1997013571221,-16.111794632752453,-51.66701748324562,-27.54878799880385
83,21,-77,-1.5920255246985837,509.7098529242793,-16.888416266180492,-50.86738932038333,-21.028050240134817
83,22,-77,-1.4941871079644888,509.78393874476933,-17.658477681398903,-49.58371820892491,-11.77611276527153
83,23,-76,-2.0464452880538513,504.3601500547118,-17.10410570762784,-64.44303005900284,-43.509471880766085
83,24,-76,-1.9173564151477358,503.9724635719612,-17.825624946255086,-63.75431859616311,-38.3608210618926
83,25,-76,-1.8027414243303632,502.2540288169927,-18.54019656479695,-62.715875805399925,-31.22587427872263
83,26,-76,-1.7003306802579714,500.43678638228613,-19.247759314113082,-61.2556124275656,-21.298840679405796
83,27,-76,-1.6083018022501894,498.8306036929216,-19.948245059660888,-59.33560336592455,-7.17997634040087
83,28,-75,-2.057212776134472,492.8779973268094,-19.363831807741942,-75.56377699081838,-49.5007593168572
83,29,-75,-1.9427314232571444,492.2048119623337,-20.02010012957296,-74.32884429096828,-42.198734393296135
83,30,-75,-1.8395101427381613,491.68804977106106,-20.66864521202967,-72.7627882371941,-32.0716650719762
83,31,-75,-1.7459910569213912,491.31064529157754,-21.30933616965749,-70.81444864848245,-17.644451940942545
83,32,-74,-2.1433863098249635,486.33094077305344,-20.725462582117505,-86.46618639003015,-60.241025131594476
83,33,-74,-2.0312828988893443,486.6980375815124,-21.324724325111717,-85.05834508844234,-52.888303564658685
83,34,-74,-1.9294605179428999,487.1678286673304,-21.915341317123662,-83.38963173179883,-42.78177485476887
83,35,-74,-1.836588410527069,487.7279382707071,-22.49712160026767,-81.36591035197569,-28.426621347896653
83,36,-74,-1.7515538603022651,488.36685990009397,-23.06986137178455,-78.9495272956918,-7.483434617115747
83,37,-73,-2.0805263455106697,484.791079932274,-22.446844789379554,-94.13660637444416,-62.485287630855495
83,38,-73,-1.9814619362239883,486.0243215410198,-22.978801167236394,-92.3029916042341,-52.44341843705823
83,39,-73,-1.8905896825186776,487.3106311860561,-23.500714897288983,-90.22975864196353,-37.98700792175289
83,40,-73,-1.806947753677032,488.6406274565416,-24.0123073204995,-87.88656316069142,-16.62644305882166
83,41,-72,-2.0986340855575323,485.77665436214886,-23.375585152838052,-101.25082827098932,-70.13110885083763
83,42,-72,-2.0031775005333605,487.59911507785284,-23.846532202899475,-99.21154311809492,-59.90311948330525
83,43,-72,-1.9151779213940139,489.4429669130695,-24.30594967384063,-96.98602917700765,-45.16060131561492
83,44,-72,-1.8338043082090643,491.2997419738209,-24.753463031234286,-94.51268567363873,-23.173106343048328
83,45,-71,-2.0914036542126055,489.0723916660607,-24.09577189221551,-106.02745107116377,-75.16455449176088
83,46,-71,-2.0000755385396825,491.33343517633557,-24.501677671941113,-103.69723499864251,-64.53852918402214
83,47,-71,-1.915505016970903,493.5854639338377,-24.89418420531879,-101.19650742814463,-49.21467508737217
83,48,-71,-1.8369742177713881,495.81995259472785,-25.27278563128542,-98.51617257691582,-24.69990011718405
83,49,-70,-2.063099592545131,494.1455291490435,-24.586683204702158,-108.06642130220851,-77.38631827664514
83,50,-70,-1.976191875297142,496.69948081715455,-24.921498850807737,-105.44683171482201,-65.75201873552379
83,51,-70,-1.8953828129338839,499.2113991386457,-25.240494955205907,-102.70451789378932,-48.36277608683924
83,52,-70,-1.8200523323913633,501.67166116968855,-25.54297492564841,-99.83594790234362,-19.510562924986232
83,53,-69,-2.016918824914023,500.44814478329624,-24.819930556047677,-107.31163976925802,-75.98857172942812
83,54,-69,-1.9345516398475078,503.1362325637074,-25.074899424155884,-104.3237310668638,-62.61769040756077
83,55,-69,-1.857664756927356,505.74191814965565,-25.31079395250417,-101.22693163369868,-40.468712912383275
83,56,-69,-1.785722334978724,508.25300127031625,-25.526622795472385,-98.01899071278044,-1.213546590726992
83,57,-68,-1.9552424138842375,507.342971024887,-24.755829326754153,-103.51481388738354,-69.99988831956924
83,58,-68,-1.8773929583982354,509.96976309026803,-24.918192040129675,-100.13262794462983,-52.118229580850134
83,59,-68,-1.8044424361192473,512.4589565615896,-25.05688025111332,-96.65777700505521,-19.512253487239605
83,60,-67,-1.9580362376070286,511.50116163621345,-24.25780592917184,-100.38755053752392,-72.68443750364288
83,61,-67,-1.8797416502806366,513.9922069233379,-24.33683749376327,-96.6427693274414,-56.38351306860729
83,62,-67,-1.8062483381528351,516.2861597419887,-24.387332634861533,-92.80806772767636,-26.40424157236004
83,63,-66,-1.9433302333020772,515.1538791386668,-23.54689991456627,-95.6118671564066,-70.95717234889173
83,64,-66,-1.8650125883617947,517.2952079688655,-23.52847402560337,-91.45799326973635,-54.77826860538456
83,65,-66,-1.7913427271522981,519.1515851651939,-23.474607144872646,-87.20192090181902,-21.904571818896038
83,66,-65,-1.9112791008310086,517.6299439071022,-22.575280643558138,-89.17299426254219,-65.02895607457197
83,67,-65,-1.8332276476027052,519.1044073911305,-22.438114897706477,-84.55576751092904,-46.547384696891406
83,68,-65,-1.7596030191330798,520.153567426515,-22.254968021137046,-79.8169836745409,-2.6301481285129653
83,69,-64,-1.8616424083476901,517.8677851746485,-21.270558296467133,-80.84385832339674,-54.312091166554275
83,70,-64,-1.7839352947234806,518.15744044156,-20.980125302359856,-75.67736781708409,-26.140417560274518
83,71,-63,-1.8752275871740671,514.9022907863385,-19.934546060326127,-75.93028352224805,-54.085297343008946
83,72,-63,-1.7934221986645933,514.0161954550331,-19.51146619137881,-70.26101016770069,-32.22021313637776
83,73,-62,-1.872229013033434,509.3359606497426,-18.373923418203272,-69.61621305984302,-49.25256909706956
83,74,-62,-1.7860987990415702,506.5904882648442,-17.775904000769494,-63.3239024472715,-28.655338887998102
83,75,-61,-1.8501524245112813,499.6485453176723,-16.493780686334716,-61.58275292580154,-40.84266156839211
83,76,-61,-1.758960363346714,493.7817792298647,-15.63944656128412,-54.44886397020503,-13.122454913032744
83,77,-60,-1.8048457850127804,482.8425019075909,-14.101793091530762,-51.23712422769166,-27.234475547651783
83,78,-59,-1.8387600878017494,468.55996316820546,-12.37740001273336,-46.88264204016415,-26.719375142883454
83,79,-58,-1.8563754271318402,449.1428838632872,-10.34678922023453,-40.951889439333804,-21.682750638889516
83,80,-57,-1.8495739146530983,420.6974611857668,-7.816322861089927,-32.429928697608,-14.120179480776434
83,81,-50,-2.7498175005725614,357.2842581131465,-4.028966305822269,-36.514550094330346,-29.619678103547407
84,1,-80,-45.15238318454064,413.366437842112,-0.34410729638474696,-10.308613587456993,-10.202665324456763
84,2,-80,-8.283962557349982,309.5970326528322,-1.5385268856170866,-11.13517407849543,-9.982479480826784
84,3,-80,-4.499698146245422,264.40703306293693,-3.169963774983425,-12.640930359978432,-10.436746416418497
84,4,-80,-3.079968253054553,239.80561520995053,-4.274006492007435,-15.056597716516057,-11.883801503280907
84,5,-80,-2.3388954088531557,227.8625789576919,-5.307684708850545,-18.289593033519854,-13.42051718157412
84,6,-80,-1.884388402128509,228.47292163229287,-6.319690536140645,-21.02890484229716,-14.331718975119033
84,7,-80,-1.5773731984311885,247.23855182975262,-7.313966458518927,-23.35900792960025,-14.76076558096624
84,8,-80,-1.3561637562632005,298.21606805966775,-8.293227273653704,-25.338676762074794,-14.7651999414283
84,9,-80,-1.1892373886673244,391.77856663780267,-9.259449816775001,-26.998885318679804,-14.348122359665037
84,10,-80,-1.0588164108502363,420.5643587223193,-10.214136151122961,-28.351650557435413,-13.461613055635159
84,11,-80,-0.9541167682971303,441.47098572216487,-11.158466462382252,-29.400484358966523,-11.999522396012964
84,12,-80,-0.8682185925869876,457.31230210305563,-12.09339346607041,-30.12676698031235,-9.769724784086957
84,13,-80,-0.7964785041672573,469.4964129747837,-13.019703635684145,-30.506085026271375,-6.479941442773985
84,14,-80,-0.7356650111385266,479.0485136982794,-13.938058550783252,-30.5039934928992,-1.6273528811369318
84,15,-79,-1.5018492406042694,497.15695270540317,-13.381224145468233,-40.483492759505744,-22.0025770155398
84,16,-79,-1.385557539197665,504.4973678947837,-14.236334986670562,-40.49951150275852,-18.263440440742816
84,17,-79,-1.2855378588539825,510.0079457965683,-15.084762013876173,-40.117703498776585,-12.965924251287003
84,18,-79,-1.198627047722071,513.8176846145321,-15.926695020923358,-39.271212983343126,-5.347152634823703
84,19,-78,-1.8420200848477726,513.9572888376591,-15.35686179333664,-52.56290326061655,-32.71895152316657
84,20,-78,-1.7147181712223223,516.6913102516454,-16.142962728709975,-52.14706935287244,-28.090916395076604
84,21,-78,-1.6031727173534636,518.237878936327,-16.92261425492669,-51.38031733768642,-21.680829735618573
84,22,-78,-1.504665476503179,518.3870131737493,-17.69584275636161,-50.14378324248057,-12.609059693069991
84,23,-77,-2.061491811702372,513.1666766056856,-17.14369416695212,-65.0274471842109,-44.14076676240976
84,24,-77,-1.9314811935627922,512.6605263369731,-17.86875379406884,-64.36979292394533,-39.085469836447714
84,25,-77,-1.8160497285536141,511.2769048132406,-18.587026809804648,-63.37548108698673,-32.09732488951304
84,26,-77,-1.7129110611003835,509.3551422270475,-19.298456324120526,-61.96154027146996,-22.398101805964338
84,27,-77,-1.6202294341845178,507.6497865789408,-20.002979003649322,-60.08298238462093,-8.633995915485034
84,28,-76,-2.0732757699089355,501.50363138898155,-19.421547791865745,-76.35026981044717,-50.43329717548442
84,29,-76,-1.9579407164207325,500.7383281653769,-20.082283854317755,-75.15323802262112,-43.314828534263526
84,30,-76,-1.8539519367953803,500.1338820935084,-20.73549499135445,-73.63029617275957,-33.47250909593709
84,31,-76,-1.7597394524476162,499.6730187485611,-21.381057595763327,-71.73113762187245,-19.488394147807956
84,32,-75,-2.1612119365680744,494.514073585223,-20.80071167638534,-87.43679926408149,-61.39576536188747
84,33,-75,-2.048229528819249,494.8032505389308,-21.405326426632968,-86.0811804071238,-54.2525919910097
84,34,-75,-1.9456117984923667,495.1988879417134,-22.00153552713631,-84.44153147797218,-44.47136099872164
84,35,-75,-1.8520169705539373,495.6885152007793,-22.58915748037341,-82.46254051794959,-30.622197903381732
84,36,-75,-1.7663231636296888,496.2605508614199,-23.167999860059272,-80.10564036424518,-10.47631972953104
84,37,-74,-2.0991043415333666,492.5179360502668,-22.549428499036797,-95.37658390168048,-64.0900873836464
84,38,-74,-1.999224885756723,493.68914932676824,-23.088070510597994,-93.58960068860269,-54.42903635352075
84,39,-74,-1.9076086607246676,494.9169565692199,-23.616976419441276,-91.5668547095554,-40.70296294531957
84,40,-74,-1.8232853581092996,496.19198737125754,-24.1358837520612,-89.2586472223631,-20.331802319460646
84,41,-73,-2.118775131765296,493.17091466608116,-23.504400375163687,-102.75671342264069,-72.05182852575052
84,42,-73,-2.022490503449021,494.9435720082518,-23.983353529113515,-100.76643683999343,-62.35610926993676
84,43,-73,-1.9337324508308824,496.7413729713277,-24.45116033132817,-98.59294635166505,-48.40810227519798
84,44,-73,-1.851662075676829,498.555951965524,-24.90746949366736,-96.14439803788271,-27.59731355874488
84,45,-72,-2.1130673427606386,496.181596757513,-24.25602093139012,-107.7999823584613,-77.55035678913559
84,46,-72,-2.0209046857252604,498.40669503689577,-24.67156949275211,-105.52462408585404,-67.45207302733553
84,47,-72,-1.9355678185756933,500.6271917251925,-25.07420924587196,-103.08171828724187,-53.01141518658592
84,48,-72,-1.8563315909544724,502.8347862805094,-25.463468506620462,-100.46234332617385,-30.620256292315066
84,49,-71,-2.0862705513744872,501.02564838828124,-24.78492220134435,-110.21684937590923,-80.33353510394517
84,50,-71,-1.9985290625186207,503.56112422799634,-25.13147314639132,-107.65398843187306,-69.40628449447368
84,51,-71,-1.9169532976931674,506.06026303920476,-25.462851474644328,-104.97055480186724,-53.38957504033592
84,52,-71,-1.8409164797611435,508.5138624490838,-25.778412715933722,-102.16310270039546,-27.38913714540545
84,53,-70,-2.041609942008848,507.17282751208694,-25.06471044053223,-109.8299517178091,-79.60211652194077
84,54,-70,-1.9584189064646207,509.8665742796124,-25.33419315009216,-106.90471995579264,-67.16418110566667
84,55,-70,-1.8807746008612596,512.4859381372024,-25.58548908217187,-103.87274283867471,-47.65368091953945
84,56,-70,-1.8081351034709823,515.0194956129097,-25.817690649821614,-100.73186326975694,-14.059166709911139
84,57,-69,-1.9815056261547184,514.018700928904,-25.058783651149827,-106.48092903146156,-74.84977232185913
84,58,-69,-1.9028551036254284,516.6873435148012,-25.239530522328575,-103.16450621484582,-58.844862033825876
84,59,-69,-1.8291703216841206,519.2306932256688,-25.39788615995686,-99.75491012630712,-31.289383347666604
84,60,-68,-1.9868184527229982,518.2127623713042,-24.61327999033973,-103.726798690611,-77.47682156862507
84,61,-68,-1.907691339078128,520.7864745284784,-24.714675948210736,-100.05693366265969,-63.51949092459883
84,62,-68,-1.8334400902013375,523.1812370148651,-24.7892992804985,-96.29984307138332,-38.82059342317321
84,63,-67,-1.9747951820339742,522.0360625611833,-23.967037408547764,-99.2985847451309,-76.25106112227324
84,64,-67,-1.8956338505567742,524.3223180293019,-23.97654536335875,-95.23287258198576,-62.71459466245343
84,65,-67,-1.8212053464356839,526.3520799281366,-23.95317035720301,-91.06901234149221,-37.639006850017964
84,66,-66,-1.9456641244971062,524.8950083163173,-23.077618923809826,-93.26327166902486,-71.44408203267547
84,67,-66,-1.866793342180101,526.6156677887656,-22.976694749325947,-88.75365083189382,-56.816186201502866
84,68,-66,-1.7924508854422478,527.9593514682415,-22.83379611374928,-84.12910558984507,-26.090675437376657
84,69,-65,-1.8993264327779513,525.875167966537,-21.88234050283631,-85.42061160729007,-62.499848182777285
84,70,-65,-1.820892358142926,526.590707774101,-21.64174858875864,-80.39305351259092,-42.99375638622917
84,71,-64,-1.9175608997787172,523.6899913356754,-20.638722012218285,-80.9532757866896,-61.57280873801576
84,72,-64,-1.8350823243833303,523.4384444647023,-20.279997654131122,-75.4602319853814,-47.18594625587972
84,73,-64,-1.7569133551210423,522.37042210155,-19.848489908262184,-69.78919642889265,-8.151049704703825
84,74,-63,-1.8333318689684794,517.6172471426524,-18.69126873646286,-69.13234846335918,-44.04826695188107
84,75,-63,-1.750944751830826,514.6549318001701,-18.082438981464435,-62.84114762906363,-6.632004108016265
84,76,-62,-1.8132280512627008,507.5837653124935,-16.778356424736728,-61.091383078799296,-35.50038431244846
84,77,-61,-1.867768509261213,498.73883699889427,-15.392870650016905,-58.568426014560316,-38.69519468203297
84,78,-61,-1.7707438318167854,490.2958682297326,-14.343166619889985,-50.745856080008615,-17.294673060696898
84,79,-60,-1.8040880057220463,475.7346103438087,-12.585897509239324,-46.389156392185,-23.127619838061452
84,80,-59,-1.8217778213064457,455.9444100143278,-10.514371445489282,-40.45821530206669,-19.739702375096023
84,81,-58,-1.8160407490079098,426.972689566563,-7.935827580130932,-31.936324488382457,-11.889031857647725
84,82,-50,-2.900176909142472,360.1630532774598,-4.005147873396007,-39.20178147607419,-32.87989700912264
85,1,-81,-45.52025898245599,421.10740759097854,-0.34408272282483665,-10.37446068593054,-10.268261371653349
85,2,-81,-8.340300836379383,315.3225957695107,-1.5388094738376967,-11.204553339160828,-10.045683399522925
85,3,-81,-4.529566742951055,269.2285636300169,-3.171222512683704,-12.713047368793315,-10.495779236662662
85,4,-81,-3.10020263619108,244.0853808055699,-4.276439486869106,-15.124720133177922,-11.935545174684897
85,5,-81,-2.3541710566983562,231.77112960409062,-5.311292005759041,-18.374059938288756,-13.485894100140236
85,6,-81,-1.8966484202313816,232.09508291010326,-6.324603076702168,-21.133466071279802,-14.40969598326282
85,7,-81,-1.58760792153863,250.58682628778922,-7.320301588562374,-23.48560075288213,-14.85005636804315
85,8,-81,-1.3649454225506759,301.1843590491708,-8.301092455685408,-25.485361504051816,-14.866946887677585
85,9,-81,-1.1969261841024101,397.0249696138837,-9.268944947363895,-27.16633461087525,-14.461643208604622
85,10,-81,-1.0656536065018822,426.4365709002203,-10.225355120024505,-28.541778224050194,-13.590015335791831
85,11,-81,-0.9602718211793877,447.8194588888083,-11.17149826058202,-29.61398947133073,-12.147422601026758
85,12,-81,-0.8738150447837008,463.9624889046879,-12.108323006757907,-30.363369104952973,-9.946077924181395
85,13,-81,-0.8016091805704186,476.46448423261864,-13.036612382652773,-30.765110316943524,-6.697505639973371
85,14,-81,-0.7404014141064192,486.2159401784391,-13.957025012011057,-30.789770818232416,-1.91091682124397
85,15,-80,-1.5117630482827749,504.78492165651153,-13.40009999140912,-40.80919110292352,-22.301601314433864
85,16,-80,-1.3947075145276826,512.1973147482693,-14.257485776145627,-40.853783289986005,-18.616174991441184
85,17,-80,-1.2940319514519103,518.095270808367,-15.108294851156305,-40.49842969757934,-13.396263128946153
85,18,-80,-1.2065520543722472,522.051858156417,-15.95271712683228,-39.69032285737801,-5.901573934443808
85,19,-79,-1.8547058606619902,522.3024699386417,-15.384406221746165,-53.01095965091963,-33.17402092548025
85,20,-79,-1.7265422269587518,525.2431620945587,-16.173323561115,-52.62151269862198,-28.622160449776487
85,21,-79,-1.6142431053687516,526.6500264793625,-16.95592187563667,-51.88670515949171,-22.31886862949877
85,22,-79,-1.5150714220578718,527.0523784473003,-17.732229688776503,-50.69632194362132,-13.420345126586604
85,23,-79,-1.4268812344760606,526.9451272323328,-18.502266759738045,-48.97342622004728,-0.7517947092029963
85,24,-78,-1.9455045004798817,521.4141802325307,-17.910736713633614,-64.97762416201635,-39.79497883516651
85,25,-78,-1.8292620162497988,520.3686063196707,-18.63260504038391,-64.01888296469532,-32.94758872812497
85,26,-78,-1.7254002638079846,518.3417586050596,-19.34778914336887,-62.65769710634582,-23.46672110764859
85,27,-78,-1.6320702022667637,516.5366660301889,-20.05623015965813,-60.81869465828557,-10.042429117390718
85,28,-77,-2.0892178522673888,510.19763024123404,-19.4776881590575,-77.12672966383015,-51.34459308592673
85,29,-77,-1.973034870677239,509.33968313309003,-20.14275776012284,-75.96648589934547,-44.40143817297251
85,30,-77,-1.868283743738485,508.6470128588712,-20.800492838709765,-74.4853630805614,-34.83104659627971
85,31,-77,-1.773382477276689,508.1021314855163,-21.450776566426455,-72.63387730189443,-21.269851360295885
85,32,-77,-1.6870255886644898,507.68914705458315,-22.093484689218844,-70.34353768140738,-1.6144309262023313
85,33,-76,-2.0650414156786354,502.97533267454247,-21.483642492220373,-87.06856922229301,-55.57911703522021
85,34,-76,-1.961633673656259,503.29620973420754,-22.08526391783492,-85.46930069954624,-46.107462853470906
85,35,-76,-1.8673209176931451,503.7147054071035,-22.678536636570943,-83.54157723807754,-32.739655844695996
85,36,-76,-1.780972166255167,504.2191572948644,-23.263278777850154,-81.24221572469749,-13.346235350784296
85,37,-75,-2.1175270507620603,500.3103474525141,-22.648998985690586,-96.59861020324226,-65.6501325789611
85,38,-75,-2.0168379262671032,501.4187462554652,-23.19409808888061,-94.85683584539707,-56.30975812996215
85,39,-75,-1.9244825509530323,502.5871894468064,-23.72975265588498,-92.88301059814125,-43.30013936424715
85,40,-75,-1.8394821981301748,503.8063086382153,-24.255715158909474,-90.60691422478365,-23.879853649641728
85,41,-74,-2.1387388860988525,500.6285836100139,-23.629276502396234,-104.24014994081345,-73.91634916304915
85,42,-74,-2.041631440358662,502.3503106276404,-24.115942100404403,-102.29738917695826,-64.58753751210584
85,43,-74,-1.9521195657202726,504.1008079708011,-24.5918238774694,-100.17431234391476,-51.52283850225597
85,44,-74,-1.8693565578295355,505.871797637501,-25.056591870647598,-97.74751899193735,-31.821643230228595
85,45,-74,-1.7926155972588078,507.655214184608,-25.509893854050862,-95.06299047524844,-1.774427196802959
85,46,-73,-2.041537110449937,505.53792583734037,-24.835942103541864,-107.32200498046421,-70.2560533335794
85,47,-73,-1.9554380909204356,507.7249623467908,-25.24830174437124,-104.93503418724912,-56.59988402853421
85,48,-73,-1.8755000634496455,509.90350065108856,-25.647772859116028,-102.37459973303127,-36.243231327517584
85,49,-73,-1.801089412886287,512.065442985989,-26.03388215756047,-99.63151708459067,-2.6743126798402597
85,50,-72,-2.0206409715987257,510.4732281143063,-25.33421928940095,-109.82518632708012,-72.9086114660612
85,51,-72,-1.9383017889291578,512.9564992674618,-25.677422031505294,-107.19875202862433,-57.948087397397366
85,52,-72,-1.8615612722116075,515.3999471843829,-26.005457473774243,-104.4326147301076,-34.83109449524891
85,53,-71,-2.0660384505081204,513.9393337856097,-25.300630715307715,-112.30637578730655,-83.07264331654387
85,54,-71,-1.9820259935620652,516.634229727683,-25.583916154642363,-109.44173695722537,-71.50323475576504
85,55,-71,-1.9036258835532427,519.2621379414826,-25.849833198060594,-106.47237566509287,-54.23608267021064
85,56,-71,-1.8302901143409314,521.8123154055802,-26.097548472070013,-103.39621854146506,-24.636747804998553
85,57,-70,-2.007463237582781,520.7160880688947,-25.349846510076983,-109.38675158789859,-79.04949702982043
85,58,-70,-1.9280113227585114,523.4188263740405,-25.547947230403082,-106.13346290675481,-65.05543212598421
85,59,-70,-1.8535908357687418,526.0073979478601,-25.724823157300918,-102.78843389672899,-41.780590671110154
85,60,-69,-2.015238664593065,524.9212397917656,-24.95374790702274,-107.00725307434602,-82.05600696989494
85,61,-69,-1.9352751710112974,527.5655116344366,-25.076098867094114,-103.40934512277013,-69.76758458168699
85,62,-69,-1.8602604540453422,530.0469456591508,-25.173257793089178,-99.7266496789422,-49.17988536850171
85,63,-69,-1.7897287906596953,532.34553010991,-25.243561098598427,-95.95763694222194,-9.559340632205954
85,64,-68,-1.9258086184437357,531.2862022651029,-24.40323348544082,-98.93135061822473,-69.59850010654426
85,65,-68,-1.8506083778211124,533.4658507323536,-24.408018867849954,-94.85501369322803,-49.70248222802588
85,66,-68,-1.7797678661617038,535.3843701678517,-24.37977920037639,-90.68152914428728,-8.144446950446728
85,67,-67,-1.899795096932448,533.9805614026892,-23.486376020345723,-92.85393888875643,-64.85026225096411
85,68,-67,-1.824706875694618,535.5769153038716,-23.380042047943274,-88.33619977426603,-42.298509552966536
85,69,-66,-1.936305194647481,533.6457928498213,-22.458031272865785,-89.87724739540813,-69.20811952887173
85,70,-66,-1.8570959733655867,534.7221994696766,-22.262017496978633,-84.97756357904103,-54.694706747183325
85,71,-66,-1.7822468689730229,535.2901634727115,-22.0149476704654,-79.9448519811056,-22.32928984847958
85,72,-65,-1.8757476886283482,532.3730973320742,-20.993792971456955,-80.48921458986196,-56.940395955498026
85,73,-65,-1.796984688877647,531.9518440315945,-20.62742577828439,-74.99315570310881,-33.78669652087579
85,74,-64,-1.8791749666118247,527.8276032151471,-19.529301164634855,-74.70648701458325,-53.581345181555
85,75,-64,-1.79638295266398,525.8768409098732,-19.010490253992256,-68.65182833773277,-33.61862076273892
85,76,-63,-1.8653676561445363,519.9149534671316,-17.79501982724998,-67.37815165826413,-46.511808100748254
85,77,-63,-1.7781061164111087,515.4988356180028,-17.064552677873746,-60.60372476196907,-24.270581544044045
85,78,-62,-1.8312479681449905,506.48427134368416,-15.655155619332092,-58.074501367453585,-35.674611854558655
85,79,-61,-1.8748514855003562,495.0624856511568,-14.12144902806752,-54.62407203309096,-34.58440575017413
85,80,-61,-1.7710535000102592,482.8922946727108,-12.794846045071806,-45.89990102025734,-14.2762502065999
85,81,-60,-1.7888079538548876,462.7303347456818,-10.6818394098895,-39.96897575037282,-14.831526660830399
85,82,-59,-1.784059313892385,433.2344156892706,-8.055162511922932,-31.447463779219323,-5.597287845835537
85,83,-50,-3.0608025824324554,362.97576866143436,-3.9832568913098156,-41.885325298184696,-36.099342065293115
86,1,-82,-45.88564223313982,428.89610510276844,-0.3440587121981577,-10.43989144886207,-10.333439312193685
86,2,-82,-8.396267012494642,321.083044216544,-1.5390849691262958,-11.273505432054282,-10.108492219331936
86,3,-82,-4.559240906104043,274.0791236862702,-3.172450690290052,-12.78476360079721,-10.554489760681397
86,4,-82,-3.120306217584531,248.39062501584385,-4.278813683653544,-15.192601657021891,-11.986845868861492
86,5,-82,-2.3693483674482603,235.70287383987792,-5.314812311800876,-18.457469130401336,-13.550250017870733
86,6,-82,-1.9088297316550058,235.73939315093392,-6.32939728874582,-21.23752800102314,-14.486255716057077
86,7,-82,-1.5977770673349059,253.95841897405842,-7.326484216139325,-23.609724658957653,-14.938750837147623
86,8,-82,-1.373670901222285,304.1823992871483,-8.30876834490651,-25.63111949773284,-14.967890871780307
86,9,-82,-1.204565835817732,402.2864684158568,-9.27821154240194,-27.33261354799542,-14.574114056816683
86,10,-82,-1.0724471352840461,432.34421722589127,-10.236303984099006,-28.730445086217653,-13.717014235258503
86,11,-82,-0.9663875858770004,454.1275548695329,-11.18421615639677,-29.822103721272523,-12.29339944059665
86,12,-82,-0.879375788344301,470.6535541630411,-12.122892696542458,-30.59782127921319,-10.11973275523175
86,13,-82,-0.8067071283719964,483.47578560599624,-13.053113240080648,-31.021563321582104,-6.91114703123434
86,14,-82,-0.7451076073040583,493.4282723381823,-13.975533502391293,-31.072438798966296,-2.1884413154176965
86,15,-81,-1.521612316831565,512.2682966925453,-13.418507304312211,-41.13172680332207,-22.596086273908913
86,16,-81,-1.40379785011122,519.9478523738861,-14.278109657252157,-41.204336851629606,-18.962670186358913
86,17,-81,-1.3024706013562781,525.9940831174399,-15.131239188818942,-40.87475589409821,-13.817868462109006
86,18,-81,-1.2144252512739577,530.3412121566524,-15.978085851905805,-40.104220846210886,-6.4429156410896296
86,19,-80,-1.8673058942795246,530.5128932347311,-15.41124993314057,-53.44811139376184,-33.621560988628694
86,20,-80,-1.7382861544391333,533.4976099297235,-16.202908246388404,-53.09053687037256,-29.142995314305075
86,21,-80,-1.625238259013209,535.1216314739128,-16.988373653008818,-52.38678453947495,-22.942834471921746
86,22,-80,-1.525406432800565,535.7795247751133,-17.767676645478094,-51.24160514942317,-14.210997997592372
86,23,-80,-1.4366301134911121,535.9700422286825,-18.540839264322948,-49.56229123895991,-1.8033759216396625
86,24,-79,-1.9594284908017094,530.2328827615996,-17.951619152685403,-65.57808352152703,-40.49003655310666
86,25,-79,-1.8423803404333692,529.5285928183782,-18.676981271097763,-64.65387727445541,-33.777682125770475
86,26,-79,-1.73780025216885,527.3961031461805,-19.39581268162745,-63.33580658359782,-24.5062367908092
86,27,-79,-1.6438259919052969,525.4907191888211,-20.10805868675224,-61.54320250896074,-11.407655608386424
86,28,-78,-2.1050417087437445,518.9594463682477,-19.532317376690578,-77.89351751062267,-52.23567520964504
86,29,-78,-1.9880164668940121,518.008341171582,-20.201592403965932,-76.76900175096401,-45.46006605558495
86,30,-78,-1.8825080530015483,517.2269202904109,-20.863715860877935,-75.32846486008239,-36.14953143653216
86,31,-78,-1.786922540991542,516.5974779570939,-21.518577238934682,-73.52321646873186,-22.992282692924682
86,32,-78,-1.6999446417948134,516.1039337274638,-22.166059149546683,-71.27954166214657,-3.968298606984893
86,33,-77,-2.081721734321727,511.213780579628,-21.559770395767753,-88.03674741537448,-56.869892569864874
86,34,-77,-1.9775292310258599,511.45931533067204,-22.16663317287937,-86.48181743380131,-47.693066304050966
86,35,-77,-1.8825032648031506,511.8060587320607,-22.765375280411746,-84.6037434218059,-34.783533925151936
86,36,-77,-1.7955038176779687,512.2422618844925,-23.35582465468191,-82.36007500288069,-16.105982817376972
86,37,-76,-2.1357983370114386,508.1678935215544,-22.745690871815537,-97.80338133869144,-67.16788230564534
86,38,-76,-2.0343048479061325,509.21273529214767,-23.297030531668845,-96.10546455251068,-58.1318757647488
86,39,-76,-1.9412150836894342,510.3210028628209,-23.83920329874742,-94.17907308147196,-45.59615827136304
86,40,-76,-1.8555419576813796,511.48332165595593,-24.371975468072772,-91.93239151625104,-27.280672910850292
86,41,-75,-2.1585300432837453,508.14941294343856,-23.750398530344487,-105.70202286603298,-75.727906378915
86,42,-75,-2.0606049607699655,509.81915903066215,-24.244499619286163,-103.80536201298567,-66.74593331423537
86,43,-75,-1.970343886956182,511.5211875313292,-24.728160324421903,-101.6945079602236,-54.312204578854185
86,44,-75,-1.886892363158816,513.2472947995414,-25.20107028394984,-99.3232974185236,-35.85966170240842
86,45,-75,-1.8095169642554727,514.9895080234537,-25.66289874044387,-96.70032683512832,-7.4789566422353895
86,46,-74,-2.061978569854152,512.7273444680959,-24.99507528267492,-109.09064721020134,-72.957640577071
86,47,-74,-1.9751216207019802,514.879146686247,-25.416767936072176,-106.75782906028795,-60.03969176695212
86,48,-74,-1.894485473707833,517.0266434809713,-25.82603426790362,-104.25442880421271,-40.930555934793674
86,49,-74,-1.8194303519428985,519.161940252978,-26.22243228444431,-101.57142769147184,-10.381996263521058
86,50,-73,-2.042534881681786,517.4367325539257,-25.53013183633531,-111.96194710392936,-76.10927886413137
86,51,-73,-1.9594357025570044,519.9013244368866,-25.884640979308877,-109.39074067080965,-62.298254086381924
86,52,-73,-1.8819942970803027,522.3314520737578,-26.224588245220286,-106.62627470190792,-41.066242948959385
86,53,-73,-1.8096529900688116,524.7184230044439,-26.54937366227691,-103.68875690663569,-5.562558962271109
86,54,-72,-2.0053824323655842,523.4414973442882,-25.82463982969973,-111.93674685560019,-75.65065429977248
86,55,-72,-1.9262284761098358,526.0733312924862,-26.104460808387746,-109.0279387707404,-59.68929221977112
86,56,-72,-1.8521976410564975,528.6348784069835,-26.366902811297592,-106.01432232503659,-33.83033950756918
86,57,-71,-2.033127763213951,527.4392164821521,-25.62978632512722,-112.23297313579204,-83.0747416805094
86,58,-71,-1.9528747693537412,530.1691516837594,-25.84430327456871,-109.04229341016864,-70.43218769910366
86,59,-71,-1.877717881317226,532.7950283643384,-26.038659829584198,-105.75944264968298,-49.922302468043064
86,60,-71,-1.80717702047692,535.3033550477684,-26.211753812827492,-102.38039696148518,-13.05948288612386
86,61,-70,-1.9625113143875317,534.3379295047528,-25.422313939633263,-106.7031706069902,-75.23165260198331
86,62,-70,-1.8867289994547771,536.8936950049091,-25.540585285385646,-103.09194742783357,-57.94126805030719
86,63,-70,-1.8154957808143717,539.2828866823892,-25.633594045923267,-99.39681030744921,-25.798594963332928
86,64,-69,-1.955563288092026,538.2021469737085,-24.81031043762536,-102.55795654948949,-75.50034036054353
86,65,-69,-1.8795809314890808,540.5115757833969,-24.841212437553843,-98.56497279474564,-59.14105981886333
86,66,-69,-1.8080332161740722,542.5848640050142,-24.841358961798754,-94.47837631454696,-27.129366577643992
86,67,-68,-1.932274027715997,541.2274297539473,-23.969932176922384,-96.86355810171466,-71.63750882532196
86,68,-68,-1.8564177419485706,543.0416133792619,-23.897022778836273,-92.44621862043525,-54.21071219240445
86,69,-68,-1.784827983956538,544.5141341733814,-23.785356461887442,-87.92070053698238,-16.77098256864219
86,70,-67,-1.8926167433247871,542.6086278653543,-22.84572252405875,-89.44261735247372,-63.492197429488044
86,71,-67,-1.8170664600523323,543.545528065924,-22.643668659793423,-84.53684218845552,-41.441034276774765
86,72,-66,-1.9155317078870262,540.916389047847,-21.66028257996575,-85.36645937182107,-64.56841779210963
86,73,-66,-1.8360908673091283,541.0330593325892,-21.350822839273345,-80.0278504893202,-48.82373666064848
86,74,-66,-1.7607786819388709,540.4430027763511,-20.976851321775154,-74.52907283708275,-7.608329704264765
86,75,-65,-1.8404711947433774,536.2642494372727,-19.859887196374057,-74.2294795269801,-48.04691185889345
86,76,-65,-1.7612360018502995,534.1152688734068,-19.331598480603024,-68.17465499999449,-12.322878781069626
86,77,-64,-1.8282644371764138,528.0508770995351,-18.095705387508378,-66.89119911520075,-41.57303511617143
86,78,-63,-1.8889173469997602,520.573325257549,-16.80140859180657,-64.92845359505326,-45.02018166644517
86,79,-63,-1.7964853933961558,514.2105089397263,-15.918762947502058,-57.584383769292415,-29.154678081815394
86,80,-62,-1.8391201407341893,502.5692883408806,-14.357718230242984,-54.13007696486109,-32.59923579819797
86,81,-61,-1.8698090996142698,487.4602230676024,-12.599211334394253,-49.516469715203776,-29.148712801716098
86,82,-61,-1.7573494362516027,469.501150842151,-10.849165174128295,-39.48410887434351,-2.622815881730558
86,83,-59,-1.8745827958081305,437.22687349706564,-7.939037413237086,-34.45492380368123,-15.731964286077815
86,84,-50,-3.2329243740514144,365.72539186844347,-3.963107998328519,-44.564332761053876,-39.27980713229886
87,1,-83,-46.24857873289878,436.73223965006633,-0.3440352455472723,-10.504913690737764,-10.398207067627038
87,2,-83,-8.451868276211089,326.87816784998904,-1.5393536351037787,-11.342038153469382,-10.170913254169985
87,3,-83,-4.588724365129928,278.9585400143489,-3.173649407638855,-12.85608554252926,-10.612883045564038
87,4,-83,-3.1402814953520304,252.72119547758905,-4.28113118858353,-15.260243064035388,-12.037715877820842
87,5,-83,-2.384429214135121,239.65766560895585,-5.3182487362126,-18.54033839037906,-13.614327193539077
87,6,-83,-1.9209338328480263,239.40568344139177,-6.334077396364373,-21.34109749586689,-14.562081659513396
87,7,-83,-1.6078818811244378,257.35306056376027,-7.332519781767296,-23.732652051280215,-15.02686195831423
87,8,-83,-1.3823412584017842,307.2096045144006,-8.31626169273272,-25.775969868784884,-15.06685678860017
87,9,-83,-1.2121572758007324,407.5793030263474,-9.287257753623075,-27.497748792615347,-14.68556453303451
87,10,-83,-1.0791978250867809,438.28699522385455,-10.246992381194065,-28.917687054561416,-13.842653483724744
87,11,-83,-0.9724648072044344,460.4735271340243,-11.196631357027636,-30.02783700200926,-12.437518316761814
87,12,-83,-0.8849015002884855,477.38516581928326,-12.137115393507644,-30.82582215629941,-10.290787374099802
87,13,-83,-0.8117729682510184,490.5299729320855,-13.06922079745006,-31.275519572944386,-7.121017527679486
87,14,-83,-0.7497841638761695,500.68515316177104,-13.993600422908568,-31.352093768514575,-2.460175286697748
87,15,-82,-1.531398291616808,519.7536486547888,-13.436463348701286,-41.451193225339466,-22.886203015398277
87,16,-82,-1.4128296992909033,527.7485590902772,-14.298226124511059,-41.550881074176544,-19.303175336793853
87,17,-82,-1.3108548833781224,533.8949983072087,-15.153616894621647,-41.24682627453181,-14.23110592537369
87,18,-82,-1.2222476455468065,538.4767493272473,-16.00282558685794,-40.51308309066387,-6.971755189696091
87,19,-81,-1.8798218996668092,538.640130740697,-15.437419439931958,-53.87604001438757,-34.061874084063724
87,20,-81,-1.7499515621436288,541.8089834611816,-16.23174631381679,-53.55432147953974,-29.653867747071814
87,21,-81,-1.6361596954003075,543.652199075497,-17.02000233887237,-52.88077498311275,-23.553354110382628
87,22,-81,-1.5356719461594965,544.5679546857514,-17.802219819384497,-51.779889320492636,-14.981982686983281
87,23,-81,-1.4463132285185862,544.7328027247521,-18.57842290292901,-50.142932694829206,-2.825362303939518
87,24,-80,-1.9732552436805135,539.1161040447466,-17.99144416652879,-66.171427681183,-41.171288721612186
87,25,-80,-1.855406681248079,538.664099267818,-18.720202861859786,-65.2807686700263,-34.588556321997544
87,26,-80,-1.7501129195423073,536.5176540812589,-19.44257890873735,-64.0023894657849,-25.518085792753617
87,27,-80,-1.6554986201392825,534.511433103588,-20.158521493393977,-62.25694195191213,-12.731894336733763
87,28,-79,-2.1207499257418863,527.7885427842215,-19.585496396560554,-78.65097467740556,-53.107504421061144
87,29,-79,-2.0028879894297313,526.7437761529161,-20.258854456996744,-77.56117647836793,-46.49211354765651
87,30,-79,-1.8966272596423577,525.8730910432241,-20.925236873813365,-76.16005058584071,-37.420432938386156
87,31,-79,-1.8003619604884897,525.1585597256607,-21.584539036115565,-74.39967247250875,-24.658901108717586
87,32,-79,-1.7127670636765886,524.5839091697131,-22.23664995768021,-72.20029387715475,-6.237980398605574
87,33,-78,-2.098273533707681,519.5180961018854,-21.633802386239292,-88.99162194791248,-58.12679042466846
87,34,-78,-1.9933014335847015,519.6877291344821,-22.245743768875208,-87.47968128328783,-49.23094039650339
87,35,-78,-1.8975669008808207,519.9621256564157,-22.849782774380927,-85.64971888055987,-36.75803219018782
87,36,-78,-1.8099209437608998,520.329445089715,-23.445756461605175,-83.45999017078348,-18.762078721035007
87,37,-77,-2.153921899996628,516.0901496274869,-22.839630646993434,-98.99155297276369,-68.6456156085427
87,38,-77,-2.0516292762667683,517.0707314217759,-23.397005480625428,-97.33620911061881,-59.89871066802883
87,39,-77,-1.9578098236810635,518.118057291579,-23.945478101524586,-95.45583840462372,-47.813139022739186
87,40,-77,-1.8714681530545292,519.2227389526184,-24.4848276083959,-93.23604243162262,-30.515900214636684
87,41,-77,-1.7917573494068066,520.3758698888676,-25.01481995106272,-90.67839078566848,-3.999539324973699
87,42,-76,-2.0794154937793223,517.3499155016111,-24.369214639881733,-105.2751790867863,-68.83564315457289
87,43,-76,-1.9884098101471852,519.002388939211,-24.860375082537505,-103.1887070554526,-56.916310046109885
87,44,-76,-1.9042738688451264,520.6824110428935,-25.341128616925943,-100.87290240366518,-39.723766864462135
87,45,-76,-1.8262676817435033,522.3820884009249,-25.811164216637575,-98.30948380105427,-12.915976478952166
87,46,-75,-2.082234517340022,519.9750957425988,-25.14922919116005,-110.83173956331325,-75.50882451328229
87,47,-75,-1.9946238789529227,522.0900274282764,-25.579892123205838,-108.55138813065851,-63.34083290425834
87,48,-75,-1.9132933305423312,524.2046554849352,-25.99856373843855,-106.10322008405109,-45.33488044590475
87,49,-75,-1.8375969682784463,526.311265595959,-26.404830573328525,-103.47837524795797,-17.689787762739765
87,50,-74,-2.064217634740548,524.4524227474935,-25.719575172978526,-114.06569287615388,-79.05084875595908
87,51,-74,-1.9803619915110038,526.8957686818864,-26.084908611759726,-111.50164331097274,-66.40745510437115
87,52,-74,-1.9022226488303917,529.3096899128608,-26.436245511136452,-108.78182779303042,-46.710187016218185
87,53,-74,-1.8292362395819728,531.6858290188079,-26.77302849115405,-105.90737247178019,-15.321713361429119
87,54,-73,-2.028497086367394,530.2903527574123,-26.056887107931654,-114.39157508629782,-79.36132435172479
87,55,-73,-1.9485915271069407,532.9219437357935,-26.349950971743443,-111.54138744452871,-64.87745148370813
87,56,-73,-1.873867170657264,535.4901353640597,-26.626396501858377,-108.5882711611309,-41.9975169022509
87,57,-73,-1.8038327994491157,537.9848677867974,-26.885452785144714,-105.53026578223705,-1.6626042420771376
87,58,-72,-1.977457495438967,536.9425754753036,-26.129377041902064,-111.89380999661368,-75.26158345830679
87,59,-72,-1.9015641389087146,539.5987118670139,-26.340268289127632,-108.67136350891307,-57.59831661562031
87,60,-72,-1.8303451212893658,542.1474925272473,-26.530968136172557,-105.35352522895217,-26.340227006353643
87,61,-71,-1.9894161701031354,541.1110949861365,-25.754399331104963,-109.94129502579156,-80.35219620114948
87,62,-71,-1.9128632896732678,543.7303615643666,-25.892504809549333,-106.39887324188459,-65.01296425278989
87,63,-71,-1.8409241496578854,546.1975914946886,-26.006782044930215,-102.77472449048699,-38.37917802371301
87,64,-70,-1.9849212268329106,545.0830572028264,-25.199331834737578,-106.11674479374915,-80.83997425907239
87,65,-70,-1.9081485812707657,547.5049349325374,-25.254546275952727,-102.20337672453726,-66.78812708173918
87,66,-70,-1.8358832179819151,549.7125396619836,-25.281013189230322,-98.19954509660808,-41.58970260899421
87,67,-69,-1.9642655913703013,548.3797025576284,-24.429740325780152,-100.78855381780082,-77.6910055361978
87,68,-69,-1.8876233810186664,550.382410729306,-24.387550889174776,-96.4660277570168,-63.56647230827091
87,69,-69,-1.8153318095871018,552.0785845723681,-24.30959385477144,-92.04017925746436,-35.82468443337739
87,70,-68,-1.927513352898848,550.2953734712305,-23.39682032501999,-93.79805313219457,-70.67920532787072
87,71,-68,-1.8512245777634775,551.5476023078277,-23.235350839392652,-89.01003996887071,-54.30303250385585
87,72,-68,-1.7790673428140875,552.3456242839484,-23.027323074941318,-84.09848941386653,-16.15422432515416
87,73,-67,-1.874342039748749,549.712025550923,-22.026255256626516,-84.91165834369711,-59.20703086874556
87,74,-67,-1.7984246524236578,549.6703694413554,-21.709835158335903,-79.56921260133404,-34.13965198448521
87,75,-66,-1.8834024825615612,545.9973326657948,-20.64378753359923,-79.60621461665865,-57.471213448028955
87,76,-66,-1.8036804449914334,544.6791179909501,-20.19238488001609,-73.7555528601556,-37.31488251598616
87,77,-65,-1.8767410661273656,539.4794686625344,-19.029320295705784,-72.8902991270073,-51.68146907785935
87,78,-65,-1.792955478897451,536.1662913402123,-18.398122671977415,-66.40768012201642,-31.613422160394606
87,79,-64,-1.8519692017750273,528.5525648693704,-17.082186240330014,-64.43734097849185,-42.494424861728056
87,80,-64,-1.7633531278961658,521.9180690855507,-16.183672228430215,-57.098050147298046,-14.660564772716874
87,81,-63,-1.8050781953301127,510.0580458503895,-14.59487798534741,-53.6399923291634,-28.209699357864473
87,82,-62,-1.8353024646874343,494.66438383838954,-12.803253619955585,-49.024893739881264,-27.40959188840672
87,83,-61,-1.8499513569521957,473.8487049602892,-10.684100478109967,-42.81066091294197,-22.144781201782365
87,84,-60,-1.841363871242484,443.5209987351358,-8.05550629151818,-33.96424566190773,-14.291229555913329
87,85,-49,-3.747184542041821,365.14094527626315,-3.8642255018059415,-50.5167699298959,-46.49651205860872
88,1,-84,-46.60911296962319,444.61552575545016,-0.34401230474795974,-10.569534984211987,-10.462572311790383
88,2,-84,-8.507111591520097,332.70776028154035,-1.539615722492178,-11.410159065388665,-10.232953595249873
88,3,-84,-4.61802073221244,283.8666424714143,-3.1748197124030897,-12.927019511538637,-10.670964023325554
88,4,-84,-3.1601308892452065,257.0769425817389,-4.283394008461482,-15.327645226353976,-12.088118375486134
88,5,-84,-2.399415411119395,243.6353618080573,-5.321604241799976,-18.622481775751712,-13.677809885056998
88,6,-84,-1.9329621734268079,243.09378939840167,-6.33864742497349,-21.4431431039715,-14.637501438451494
88,7,-84,-1.6179235692598999,260.7704919011273,-7.338413470249568,-23.854917816940997,-15.113807249178906
88,8,-84,-1.3909575268733971,310.2654181445456,-8.32357893333039,-25.91850435697003,-15.1644204307455
88,9,-84,-1.2197014068932264,412.8293013099145,-9.29609134967094,-27.66176596053313,-14.796022928032581
88,10,-84,-1.0859064779033627,444.2194631974024,-10.257429496039357,-29.100562255746404,-13.966974720380435
88,11,-84,-0.9785042066672394,466.85706572904814,-11.208754542405401,-30.23191191676961,-12.57984135088292
88,12,-84,-0.8903928364345717,484.15700103044315,-12.151003350203533,-31.051693349639287,-10.459334781057837
88,13,-84,-0.8168073014326347,497.6267112945966,-13.084948956307931,-31.52705113447646,-7.327260866855914
88,14,-84,-0.7544316389842054,507.9862351255232,-14.011241400005098,-31.62882749737703,-2.726353762566636
88,15,-83,-1.5411221783670939,527.2862330284872,-13.453984549457614,-41.760850050414085,-23.172113419520947
88,16,-83,-1.421804178579377,535.5990247211324,-14.317853720049598,-41.887342008509144,-19.637925871169962
88,17,-83,-1.3191858378792742,541.8468766427499,-15.17544876277466,-41.61477786925112,-14.636320308094042
88,18,-83,-1.2300202118981558,546.5581968530053,-16.026959518732742,-40.91707686782893,-7.488635988201933
88,19,-82,-1.8922555342855358,546.822005671582,-15.46293992800146,-54.299583406683105,-34.49524542082142
88,20,-82,-1.761540005206802,550.1768056055205,-16.25986580600822,-54.01303704492432,-30.15519820753312
88,21,-82,-1.6470088809998837,552.2412470017416,-17.050839025246542,-53.368884574211755,-24.151016737356137
88,22,-82,-1.5458693512402801,553.4171825724204,-17.835893556389234,-52.31141751232452,-15.734203964785763
88,23,-82,-1.4559319007633191,553.4556092725068,-18.615055492878263,-50.715647923065255,-3.819172760603781
88,24,-81,-1.9869867662427467,548.0633264029616,-18.030252574792677,-66.75789978708885,-41.83934158304045
88,25,-81,-1.8683429495957597,547.4966524673266,-18.76231469349365,-65.89984538156403,-35.38110256444314
88,26,-81,-1.7623400924138815,545.7059000107662,-19.488137050953917,-64.66001105887568,-26.503611889036126
88,27,-81,-1.6670898391397713,543.5983045621831,-20.207672456791936,-62.960324578215754,-14.017216674907743
88,28,-80,-2.1363449956912977,536.6843928716668,-19.637282894474804,-79.39883213278092,-53.96097971424348
88,29,-80,-2.017651831237867,535.5454714466787,-20.314606972334538,-78.34337968108164,-47.49888897208007
88,30,-80,-1.9106436694213593,534.5850202447551,-20.98512470184593,-76.98054443434826,-38.608178471387
88,31,-80,-1.8137029650580971,533.7848856290582,-21.648736980573915,-75.26373351635584,-26.253148604642316
88,32,-80,-1.7254950165906509,533.1285980779382,-22.305338798516036,-73.10641112088435,-8.428140780189343
88,33,-79,-2.1146997440423627,527.8877867760892,-21.70582549439547,-89.93369248945078,-59.3515526029613
88,34,-79,-2.008953126932745,527.9809793113704,-22.322690430485082,-88.46345721880841,-50.68495444227379
88,35,-79,-1.9125145984067267,528.1824581939686,-22.931862141456055,-86.6801435869478,-38.66704250194446
88,36,-79,-1.8242262542366996,528.4802863307473,-23.53318618217225,-84.54268734011873,-21.3205489591376
88,37,-78,-2.1719012854544815,524.0766886044613,-22.930937290119257,-100.16374340473855,-70.08544762801179
88,38,-78,-2.068814682801097,524.9923435441242,-23.494152288473263,-98.54975007064888,-61.6133375240771
88,39,-78,-1.9742701807135337,525.97800302207,-24.048717665335765,-96.69584069631159,-49.95567735406092
88,40,-78,-1.8872641440970535,527.0242581428203,-24.594424396280647,-94.51877136571223,-33.32631332103526
88,41,-78,-1.8069426824726493,528.1221962956791,-25.13105132472364,-92.0198475238191,-8.395017920070357
88,42,-77,-2.0980672635502025,524.9423529423381,-24.490263663635666,-106.69606381036012,-70.86067382019453
88,43,-77,-2.006321521929161,526.5442565483535,-24.988660201740586,-104.65957311099247,-59.42851166178171
88,44,-77,-1.9215052380383102,528.1770722894266,-25.47697592401321,-102.39742980272936,-43.078052368351095
88,45,-77,-1.8428719031318588,529.832974227014,-25.954917972082562,-99.89166246564967,-18.103587008267485
88,46,-76,-2.102310126626337,527.2812620035829,-25.298646145320042,-112.54639683366707,-77.84313586880533
88,47,-76,-2.013950046900951,529.3578106574288,-25.73793870346051,-110.31691544140938,-66.4495160793894
88,48,-76,-1.9319288410748412,531.4378843048903,-26.165650030715675,-107.92227405552252,-49.5460678634918
88,49,-76,-1.8555945137347352,533.5139285952336,-26.58139273229389,-105.35376437631837,-23.72337717352956
88,50,-75,-2.0856956752199327,531.520949548159,-25.90288651136419,-116.07777825555256,-81.89041143547394
88,51,-75,-2.0010871892811224,533.9407004873207,-26.278594638504565,-113.56239616648958,-69.92915822567358
88,52,-75,-1.9222529771328387,536.3357796461099,-26.64083523455656,-110.90094993291117,-52.08211286627571
88,53,-75,-1.8486240038070152,538.6981279503947,-26.989089450983762,-108.08748671361238,-23.332147115804958
88,54,-74,-2.0513782215626617,537.1824936107699,-26.281137839920923,-116.80792143094045,-82.78540735628539
88,55,-74,-1.9707235415706723,539.8100673813098,-26.58683364636515,-114.01453913935809,-69.70310759406924
88,56,-74,-1.8953074931434912,542.3806370882206,-26.87661620174455,-111.12001003509624,-48.78532168728053
88,57,-74,-1.824633639810132,544.8846765152806,-27.149774015305557,-108.08536012730994,-13.800855170590125
88,58,-73,-2.001770587483654,543.7427730178886,-26.403874652598393,-114.68893990081091,-79.87385815252121
88,59,-73,-1.9251412239745247,546.4228740379734,-26.63043682950309,-111.5266986138994,-63.75612497025191
88,60,-73,-1.8532436484694665,549.004919523297,-26.837788315864547,-108.26838725436882,-36.79578960116977
88,61,-72,-2.016004620006011,547.8913350477782,-26.07332201575025,-113.12109472540944,-84.75464755590059
88,62,-72,-1.938679176043663,550.5645490150243,-26.230108114579558,-109.64457885880549,-71.48915944767462
88,63,-72,-1.8660308859670196,553.0987826221815,-26.36436349309776,-106.08623438346197,-49.26317506013085
88,64,-72,-1.7976331144755524,555.4774908835547,-26.474731082360147,-102.44483062506492,-6.846724622979018
88,65,-71,-1.9363339643327981,554.459178384382,-25.649595958912606,-105.7742426249444,-73.68053872828679
88,66,-71,-1.863342661253984,556.7834654462341,-25.700560355558093,-101.84948074463394,-53.176378839422114
88,67,-71,-1.7945112239914263,558.8894553581432,-25.72267392020022,-97.83515417149225,-12.1536504921011
88,68,-70,-1.9183581998928454,557.6232704588879,-24.85403590962923,-100.40161928327139,-70.94816229725305
88,69,-70,-1.84534710615875,559.5133152736798,-24.807051383552214,-96.06991137855799,-49.632465134976286
88,70,-70,-1.7763579799598517,561.0918951767276,-24.724123216869927,-91.63588301090896,-3.194379572821836
88,71,-69,-1.8847782248237845,559.3426628646624,-23.794012268233953,-93.37420477831883,-63.83020199969585
88,72,-69,-1.8119495317692462,560.4631623470905,-23.62694651384965,-88.57956662041663,-37.2691010523696
88,73,-68,-1.9118266517230136,558.0646727864382,-22.659737180952494,-89.65941422582466,-67.08251462472482
88,74,-68,-1.8352408290599445,558.4846967679986,-22.394187289206947,-84.45931710513482,-49.623324678746236
88,75,-68,-1.7625998936962042,558.2855131457341,-22.070852613719023,-79.1133255028928,-4.597174009913135
88,76,-67,-1.8450007892526845,554.5736473954197,-20.986639342325887,-79.13663987378929,-51.27798569342772
88,77,-67,-1.7686611281085107,553.0727095956144,-20.526808443613152,-73.28471757308826,-15.67074651251647
88,78,-66,-1.8396217916137192,547.7924635039433,-19.344465654262866,-72.40868162386181,-46.807048254018376
88,79,-66,-1.75931035016159,544.2617055507617,-18.702272159734417,-65.92758897845314,-10.687746135059411
88,80,-65,-1.8167879647541274,536.5120753871165,-17.364476483096183,-63.94975118110693,-37.36884699950304
88,81,-64,-1.866742577330165,526.8888582982669,-15.937711983796653,-61.19207900976217,-39.97999197788396
88,82,-64,-1.7726048553560718,517.5292614529147,-14.832893780433954,-53.15378679622076,-18.000279703780016
88,83,-63,-1.8023902437192734,501.8519152988154,-13.007611651476923,-48.537345434053606,-23.59157415768379
88,84,-62,-1.8171886973351747,480.6589759523747,-10.847029298265822,-42.323720115811774,-19.988465487910116
88,85,-61,-1.8096469857467936,449.80186614116286,-8.171827838346088,-33.47809829397829,-11.502874078145153
88,86,-49,-3.9787822073078427,367.6847781943447,-3.8489318330752393,-53.18161017422446,-49.55201973694434
89,1,-85,-46.967288172323684,452.5456830353166,-0.3439898724644833,-10.633762670469705,-10.526542481542899
89,2,-85,-8.5620037056831,338.57161876787035,-1.5398714698937703,-11.477875505223677,-10.294620120449157
89,3,-85,-4.6471335073727476,288.80326389891604,-3.175962603149365,-12.99757166228871,-10.728737504903004
89,4,-85,-3.179856744044007,261.4577193895885,-4.28560405646786,-15.394809102861373,-12.138121239517114
89,5,-85,-2.4143087166297357,247.6358221813982,-5.324881653458031,-18.70382027742312,-13.740507491351112
89,6,-85,-1.9449161582026058,246.80355095707046,-6.343111212855939,-21.54417277142616,-14.712521881109923
89,7,-85,-1.6279033008284616,264.2104634146753,-7.34417022552267,-23.976533270074416,-15.199202534210396
89,8,-85,-1.3995207075256078,313.3493094965538,-8.330726202032027,-26.058802450890518,-15.261258661417303
89,9,-85,-1.227199104054312,418.1029355737831,-9.304719738339186,-27.824508676416087,-14.905516274848738
89,10,-85,-1.092573870953343,450.1211762525876,-10.267624086565286,-29.281245841637567,-14.090017623746895
89,11,-85,-0.9845064834739468,473.27786948797507,-11.220595895841711,-30.43437070442573,-12.720427593705283
89,12,-85,-0.8958504323211116,490.9687457428789,-12.164568248888889,-31.275616138621672,-10.625463213627413
89,13,-85,-0.8218107105351047,504.6556366047543,-13.100310970364966,-31.776226809147154,-7.530013161276736
89,14,-85,-0.7590505705907642,515.3311797762873,-14.028471330813419,-31.902727473086802,-2.9871988330543764
89,15,-84,-1.5507851449239836,534.8656620085768,-13.471086542358782,-42.06737030442269,-23.45397075350748
89,16,-84,-1.4307223692933122,543.4988500800866,-14.337010091214854,-42.22043306578926,-19.967144297355897
89,17,-84,-1.3274644723085935,549.8493060601986,-15.196754579237027,-41.978741009922636,-15.033836988464609
89,18,-84,-1.2377438940767855,554.6915257075561,-16.0505097045455,-41.31636116140868,-7.994069876003668
89,19,-83,-1.904608401681327,555.0580616919818,-15.487835339003619,-54.718877790005166,-34.92194426220969
89,20,-83,-1.773052987881111,558.6006117647556,-16.28729337177191,-54.46684558708217,-30.647382768428795
89,21,-83,-1.657787233997235,560.888305030926,-17.080913248801902,-53.85131073472847,-24.73637666984134
89,22,-83,-1.5559999910981583,562.3267342591687,-17.868730472517324,-52.829988417328195,-16.46851148739257
89,23,-83,-1.465487407307007,562.2382498888367,-18.650772933019418,-51.28071861258158,-4.786137473733072
89,24,-82,-2.0006249970775167,557.0740439545273,-18.068083105911676,-67.33773037006418,-42.49476487040678
89,25,-82,-1.881190990531346,556.3922357412098,-18.80335932940378,-66.51138034512246,-36.15615674007813
89,26,-82,-1.7744835337174427,554.9603396698894,-19.53253377158647,-65.30899635341521,-27.46407304176674
89,27,-82,-1.678601339477502,552.7508399134736,-20.255562624504687,-63.65373927723351,-15.265558304608382
89,28,-81,-2.1518293218539575,545.6464802056018,-19.687731490254222,-80.11734105699915,-54.7969430993252
89,29,-81,-2.0323102986181,544.412919826991,-20.368909630699246,-79.11596114610485,-48.459056032520735
89,30,-81,-1.9245595035230074,543.3622114990177,-21.043444451794524,-77.79034744524648,-39.76509976408172
89,31,-81,-1.8269477011006068,542.4759718982864,-21.711242000517224,-76.11586074121824,-27.72056256609574
89,32,-81,-1.7381305812549677,541.7375312858786,-22.37220285040569,-73.99847460977738,-10.54311473830156
89,33,-80,-2.1310031833863134,536.3223661704609,-21.775921904027104,-90.86343077208849,-60.54062971154623
89,34,-80,-2.024487045957392,536.3385983257147,-22.397562545214036,-89.43367812857049,-52.062318656575144
89,35,-80,-1.9273490201138812,536.4666106490505,-23.011710528789152,-87.6956206387822,-40.436006064848996
89,36,-80,-1.8384223496100933,536.6943650032139,-23.618219331144445,-85.60885020919035,-23.78697321934885
89,37,-79,-2.189739894434341,532.1270820149159,-23.019722833854612,-101.32053632230362,-71.48934403972596
89,38,-79,-2.0858643943591337,532.9771761060575,-23.58859265193414,-99.74548527340549,-63.278606603767315
89,39,-79,-1.9905994194536656,533.9004822199234,-24.149054149502668,-97.90669331331512,-52.028023396881636
89,40,-79,-1.9029331444192943,534.8875644911119,-24.70090933452386,-95.78142836253895,-36.03376917552437
89,41,-79,-1.822004749951462,535.9294973788818,-25.24394901043667,-93.33938963210687,-12.604690009986891
89,42,-78,-2.1165643033371855,532.5962227086643,-24.60781212349517,-108.09607473373322,-72.8247247937285
89,43,-78,-2.0240830146993845,534.1466064618334,-25.113195483838133,-106.10804555162657,-61.854324130717806
89,44,-78,-1.9385904354153864,535.7311684671851,-25.60880769044025,-103.89790814803311,-46.228632028667526
89,45,-78,-1.8593335781598115,537.3421394753103,-26.094372643520053,-101.44798920023167,-23.058344617529606
89,46,-77,-2.122210313260393,534.6458714177377,-25.443552192865614,-114.23566586851635,-80.10572745047793
89,47,-77,-2.033105039008847,536.6826358629739,-25.891153967989126,-112.05554058911805,-69.20737173142982
89,48,-77,-1.950396935538794,538.7265965493004,-26.327561716260327,-109.71280964137053,-53.57712753151732
89,49,-77,-1.8734279514459322,540.7703409891593,-26.752411914860634,-107.19891035774535,-29.318875383214923
89,50,-76,-2.1069750849297466,538.6428470284802,-26.080378520025597,-118.051376848689,-84.63446025631663
89,51,-76,-2.0216174480631777,541.0368478758801,-26.466041223719113,-115.59012295268542,-73.3146064398362
89,52,-76,-1.9420915288051064,543.4106719291105,-26.838732384278984,-112.98520524813937,-56.921869107151174
89,53,-76,-1.8678226499791573,545.7565262919084,-27.19796810795718,-110.23078168006671,-30.565137340016978
89,54,-75,-2.0740335670812606,544.1193773741206,-26.497833434821235,-119.1873719744309,-86.0845806171947
89,55,-75,-1.992632448790285,546.7395068875271,-26.815595141927925,-116.44908696547617,-73.81922204689069
89,56,-75,-1.9165267777863768,549.3085905266278,-27.118098829974606,-113.60412556254774,-55.2254092229749
89,57,-75,-1.8452149069715074,551.8175748400378,-27.404686258398982,-110.5712271697003,-24.24118474355486
89,58,-74,-2.0258242809701317,550.5729241112135,-26.668438784534498,-117.43110202608378,-83.99656590735648
89,59,-74,-1.9484598183563322,553.2713441114793,-26.90988053213927,-114.32696320502438,-69.52943039979723
89,60,-74,-1.875883805400299,555.8802287393116,-27.13301249535894,-111.12717055935799,-46.32553072536259
89,61,-74,-1.8076582495723523,558.3879449929422,-27.336909084838368,-107.82737373350287,-3.8613222109877623
89,62,-73,-1.964191038526613,557.4027967780453,-26.554374260417895,-112.82462351895578,-77.01288617929971
89,63,-73,-1.8908313194861242,559.9942973170325,-26.70744369467065,-109.33160339375331,-57.726741003137484
89,64,-73,-1.8217796449661834,562.4434517181415,-26.837932093844305,-105.75447641134234,-22.59219326702068
89,65,-72,-1.9641572553912487,561.3855690743407,-26.027752968233347,-109.28118956970897,-79.28965783423999
89,66,-72,-1.8904334868160109,563.8112322552813,-26.101596054095136,-105.43216332068734,-62.129425061921204
89,67,-72,-1.8209340216365655,566.0380714401482,-26.148391175160953,-101.49636257994749,-29.638066451215032
89,68,-71,-1.9486521497885791,564.784188020568,-25.298560711446743,-104.25827214910528,-77.390714627449
89,69,-71,-1.8749072763127261,566.8428164513648,-25.28017132408185,-100.01583616524273,-60.306496959614556
89,70,-71,-1.8052584022708682,568.620537529008,-25.2284682357181,-95.67527933310808,-26.239311566039593
89,71,-70,-1.9177754391607758,566.9682451007162,-24.323016003398187,-97.6376507271414,-71.3944362231065
89,72,-70,-1.8442460186091698,568.3664240513048,-24.19313409322718,-92.95219871366001,-51.85227730476689
89,73,-70,-1.7746306503703142,569.3557511377779,-24.020539150723454,-88.15124331059735,-6.672262135804592
89,74,-69,-1.8713131733076378,566.9632747486929,-23.03603014591421,-89.21411686590706,-60.52109430886453
89,75,-69,-1.7980702985874324,567.2348672929465,-22.764103476487932,-84.00947013240506,-32.000237819009726
89,76,-68,-1.885340452647998,563.9344226941428,-21.724420407236348,-84.34225816621436,-60.94917455343528
89,77,-68,-1.8084705775479633,563.1281825995796,-21.331424986867088,-78.6699002880572,-39.93347941003108
89,78,-67,-1.884919006833906,558.5357733451066,-20.210444021930382,-78.16830318958732,-56.427795991301025
89,79,-67,-1.8042780725824814,556.0847278162179,-19.66141571530109,-71.93023838416747,-37.41163089753772
89,80,-66,-1.868128797897088,549.5308002689803,-18.416612792672925,-70.43515241654278,-48.48702911148529
89,81,-66,-1.7832463933916678,544.452357156177,-17.648268883440622,-63.465672937543616,-26.498309689859326
89,82,-65,-1.8320044624600664,534.6535844754577,-16.197411961255643,-60.702731664848365,-37.1128826399835
89,83,-64,-1.8715560275824736,522.3116304912024,-14.611266549627336,-57.00899564429378,-35.578861996909886
89,84,-64,-1.7709606955673007,509.02329928104047,-13.212244552589786,-48.053783266196376,-14.218185948219707
89,85,-63,-1.7858951145666866,487.45441368406836,-11.009753036871487,-41.84095109234602,-14.480176145917383
89,86,-62,-1.7793285401068057,456.0699043735931,-8.288011883708466,-32.99640527528562,-3.895498020826532
89,87,-49,-4.231601953605779,370.1765356847739,-3.8347966136433356,-55.83893043876934,-52.5741355560184
90,1,-86,-47.32314635837067,460.52243605013706,-0.3439679321076656,-10.697603869024366,-10.590124786908687
90,2,-86,-8.616551158490973,344.4695441044865,-1.5401211045144003,-11.545194595040744,-10.355919503178391
90,3,-86,-4.6760660832699745,293.7682400360487,-3.177079032182406,-13.067747991810796,-10.786208184008748
90,4,-86,-3.1994613327640784,265.8633815526402,-4.28776315755841,-15.461735730594024,-12.187692716228101
90,5,-86,-2.4291108351633937,251.65890922077747,-5.328083666103049,-18.784766246425026,-13.80294595879362
90,6,-86,-1.9567971490972433,250.53481217218226,-6.347472421910174,-21.644749564179314,-14.786468042257503
90,7,-86,-1.6378222092452162,267.67273457493644,-7.349794764481341,-24.097509378655605,-15.284068880804051
90,8,-86,-1.4080317707154077,316.46077216399084,-8.337709352483934,-26.198278478375354,-15.357388810272958
90,9,-86,-1.234651215553623,423.4030330181261,-9.313149987280372,-27.983052567221396,-15.01407042312804
90,10,-86,-1.099200757743577,456.05663900972297,-10.27758450840833,-29.46064164530679,-14.211820031764887
90,11,-86,-0.9904723154919912,479.7356456166767,-11.232165132566388,-30.635253833336755,-12.859333219308764
90,12,-86,-0.9012749040774151,497.6939688861982,-12.177821234339453,-31.497642345959715,-10.789256454369463
90,13,-86,-0.8267837603697186,511.648548492295,-13.11531948282035,-32.02311233303464,-7.729403403329816
90,14,-86,-0.7636414802003073,522.7196573351108,-14.045304425252336,-32.173877159452815,-3.2429205309197524
90,15,-85,-1.5603883228939146,542.4915583844939,-13.487784221002528,-42.3711187191904,-23.731920248021936
90,16,-85,-1.4395853190947858,551.4476464863175,-14.35571204404329,-42.550254972201216,-20.291041086096214
90,17,-85,-1.3356917626505265,557.9018853271887,-15.217553182287917,-42.33883975156016,-15.423963284951531
90,18,-85,-1.245419606242968,562.8763247810443,-16.07349713956033,-41.71108718810525,-8.488539373796101
90,19,-84,-1.9168820539206621,563.347854584987,-15.512128446590436,-55.13405277855689,-35.34222504039784
90,20,-84,-1.784491965854541,567.0799493044965,-16.31405435208391,-54.91590117596196,-31.13079486427127
90,21,-84,-1.6684961265109894,569.5929145262016,-17.110253087482082,-54.328240924091645,-25.309955887771096
90,22,-84,-1.5660651648726147,571.174829233016,-17.90076156221249,-53.34077016174399,-17.185703897303483
90,23,-84,-1.4749809831737377,571.0802590685106,-18.68560932479822,-51.83841184814593,-5.727504641965789
90,24,-83,-2.014171809507207,566.147762225862,-18.10497253044989,-67.91113818830739,-43.13809452236152
90,25,-83,-1.89395258644269,565.3503555388829,-18.843377164635058,-67.11563223923858,-36.91450358708421
90,26,-83,-1.7865449459433846,564.2804816918381,-19.57581333739707,-65.94965301129328,-28.40064806993642
90,27,-83,-1.6900347531766462,561.9685548821247,-20.302240399972053,-64.33755381464766,-16.47872998465611
90,28,-82,-2.167205222811702,554.6742983664573,-19.736893950014164,-80.82742669009484,-55.616184043693465
90,29,-82,-2.046865615645804,553.345623359466,-20.421818966017515,-79.87925221172962,-49.394027275459976
90,30,-82,-1.9383769029507816,552.2041768604339,-21.10025776444891,-78.58983913313295,-40.89269862074064
90,31,-82,-1.8400982365086231,551.2313422326852,-21.77212120999386,-76.95649013231012,-29.14574458976856
90,32,-82,-1.7506757612163464,550.4102459572468,-22.437315097411243,-74.8770325601535,-12.507274253286532
90,33,-81,-2.147186563778682,544.8213541609656,-21.844169291326505,-91.78128259157344,-61.67149830607086
90,34,-81,-2.03990582100419,544.760123383572,-22.47044454205994,-90.39084714222545,-53.403595397526374
90,35,-81,-1.9420727252364203,544.8141402558473,-23.089419630361604,-88.69671895891311,-42.102978664351525
90,36,-81,-1.8525117275162355,544.9712613452951,-23.700955426554597,-86.65912319978675,-26.166524768287122
90,37,-81,-1.7702327495417909,545.2202259577007,-24.304905379556754,-84.23351055213124,-2.516665701612451
90,38,-80,-2.1027816019417775,541.0248305075041,-23.680441185971326,-100.8928189829162,-64.89716371275526
90,39,-80,-2.0068006684591957,541.8851307115438,-24.246611915036333,-99.09984669922879,-54.03411317615759
90,40,-80,-1.9184782307136914,542.8123331365446,-24.804417334308297,-97.02481327435105,-38.64427401146791
90,41,-80,-1.836946586552568,543.7974930228576,-25.353659356709816,-94.6379078959508,-16.174549290157525
90,42,-79,-2.134910468225689,540.3112579393432,-24.722015269968836,-109.47601977896767,-74.73121701541862
90,43,-79,-2.041698099961586,541.8092305970299,-25.234149481621014,-107.53500790114722,-64.19883322502014
90,44,-79,-1.95553324122814,543.3445584389505,-25.73680696095509,-105.37530397599124,-49.26047905415024
90,45,-79,-1.8756564677564613,544.9095191255122,-26.2297270928319,-102.97952163527988,-27.29920407937972
90,46,-78,-2.1419397539181664,542.068905155466,-25.58415851817959,-115.90053100510167,-82.30077516344096
90,47,-78,-2.0520935235729114,544.0645845892645,-26.039767699942836,-113.76832476668707,-71.87051101168973
90,48,-78,-1.968702289372869,546.0709881867448,-26.484549001303186,-111.47597092115207,-57.15215898280044
90,49,-78,-1.8911019796551516,548.0808291392057,-26.918160805313548,-109.01504659929343,-34.65747862744439
90,50,-77,-2.1280616138797477,545.8185475631597,-26.252341640677336,-119.99495202426999,-87.28894123833159
90,51,-77,-2.041958572331537,548.184816553876,-26.64756565263697,-117.58618513736612,-76.57276542446758
90,52,-77,-1.9617441845560757,550.5351709587119,-27.030284014941078,-115.03605602316617,-61.14380186411527
90,53,-77,-1.8868381580283253,552.8620557396814,-27.400044626936833,-112.33882806419989,-37.434478687743095
90,54,-76,-2.0964703677935446,551.1022533827249,-26.707380883900814,-121.53140959484092,-89.26716061096488
90,55,-76,-2.014325660855829,553.711818274504,-27.036682823899067,-118.83047071266934,-77.76735731146934
90,56,-76,-1.9375326386467564,556.2759058833576,-27.351337093078925,-115.9858329546419,-60.863043259357816
90,57,-76,-1.8655844552982712,558.7858828968585,-27.65073333104898,-113.0145599037104,-32.9915543212339
90,58,-75,-2.049628057566203,557.4357839994552,-26.923656166813796,-120.12214528394561,-87.77288630986733
90,59,-75,-1.9715297811679975,560.1474421551752,-27.179250215515854,-117.07411677771476,-74.84733956026221
90,60,-75,-1.8982758922219891,562.7774012110003,-27.417364660739477,-113.931939449528,-53.89864558508551
90,61,-75,-1.8294236680380807,565.3147772353504,-27.637149807700354,-110.68950735911,-17.728866927952993
90,62,-74,-1.989411983796518,564.2507488117004,-26.866184976662378,-115.94306975555622,-82.03813557727965
90,63,-74,-1.915339353986091,566.8908845683768,-27.03701375964904,-112.5122998147295,-65.53182058222112
90,64,-74,-1.845631253261336,569.4005684565859,-27.186448306223646,-108.99902079535008,-36.06268710187557
90,65,-73,-1.991636546104239,568.2937307708557,-26.39025315088161,-112.72749620755447,-84.63872883330353
90,66,-73,-1.9171752463944793,570.8074037627413,-26.4855291487023,-108.9511789217391,-69.86421979260919
90,67,-73,-1.8470010939908752,573.1395233300922,-26.555370881814852,-105.09060770631122,-43.627804140822505
90,68,-72,-1.9785315220441504,571.8819746636051,-25.72294013149713,-108.04067509902906,-83.09365007403142
90,69,-72,-1.9040413970452568,574.0875385456427,-25.73106401101985,-103.88318604714856,-69.09332276528033
90,70,-72,-1.8337185922610333,576.0387084985244,-25.708181642258133,-99.63128248099957,-42.755958963927746
90,71,-71,-1.9502571870993326,574.4551382268867,-24.82521120941528,-101.8075507123287,-77.94037861591603
90,72,-71,-1.8760034901509313,576.0936861722415,-24.729298616268416,-97.22463200053797,-62.66722630976595
90,73,-71,-1.8057481953672339,577.3670767915439,-24.59421639901935,-92.53208948723704,-31.24592086992613
90,74,-70,-1.9067120067636312,575.1671199782475,-23.640320677996726,-93.84575332980708,-68.89307955469557
90,75,-70,-1.8328186240997386,575.8391256520713,-23.414280599037813,-88.77105853654714,-49.34906202124969
90,76,-69,-1.9248120896852485,572.8644175554663,-22.41348641933743,-89.39155703414859,-68.38650750014207
90,77,-69,-1.8473268903437141,572.6372551417892,-22.07873317513494,-83.88057615638593,-53.810896270913545
90,78,-69,-1.773675388090394,571.6614135822631,-21.67816145960221,-78.20601331752435,-16.86365462192169
90,79,-68,-1.847914037701251,567.0067476755311,-20.538787738666034,-77.69276406560073,-51.32256481343725
90,80,-68,-1.7705823944286065,564.3567480344385,-19.980176473867186,-71.45497253573177,-18.46639156537314
90,81,-67,-1.8327197082856146,557.6935117050288,-18.71516928865013,-69.95123202828488,-44.021223419062366
90,82,-67,-1.7512292596137644,552.3738997107208,-17.933551387195543,-62.98509258857977,-2.71212777977503
90,83,-66,-1.7988626221150235,542.4000013509092,-16.45828653714651,-60.21698367856725,-30.844926443094284
90,84,-65,-1.8376086648306593,529.8334022801777,-14.844276980953024,-56.520262989883534,-33.58257972290643
90,85,-64,-1.864879358142442,513.6072570922819,-13.016571838118038,-51.64982915011469,-29.875825692610324
90,86,-64,-1.7559703302803837,494.2354697531086,-11.172251829728351,-41.362299181627264,-0.5610043308228004
90,87,-62,-1.8653954251725076,460.07803319559434,-8.1732446192382,-35.9873174910202,-15.908687432075766
90,88,-49,-4.508876768353906,372.61848576678346,-3.8217225556115033,-58.48824605168594,-55.563725168673585
91,1,-87,-47.67672837856094,468.5455141608064,-0.3439464677955744,-10.761065486988434,-10.653326220667143
91,2,-87,-8.670760291023864,350.40134052387026,-1.540364842835632,-11.612123250305293,-10.416858220781602
91,3,-87,-4.704821749741447,298.76140943669617,-3.178169908194042,-13.137554345119325,-10.843380640845004
91,4,-87,-3.218946859690057,270.2937872358493,-4.28987305349223,-15.528426216877808,-12.236871651470205
91,5,-87,-2.443823419756248,255.7044880707576,-5.331212852063337,-18.86463699735729,-13.864693454414732
91,6,-87,-1.9686064669547108,254.28742103224621,-6.351734547666535,-21.744879213934677,-14.859484039281233
91,7,-87,-1.6476813937599886,271.1570733910317,-7.355291589862219,-24.215952578513857,-15.368416975655798
91,8,-87,-1.4164916575583208,319.5993225087045,-8.344533972626667,-26.336948169632052,-15.452827510264447
91,9,-87,-1.242058564099588,428.0335585315034,-9.321388843305002,-28.140585187364852,-15.1217101080915
91,10,-87,-1.1057878690713698,462.02557780116365,-10.287318737747151,-29.638779350781004,-14.33241805298837
91,11,-87,-0.9964023601513938,486.1056784096873,-11.243471526319018,-30.834600101463298,-12.996611704372802
91,12,-87,-0.9066668492464176,504.4219454460465,-12.19077294441627,-31.717821575335094,-10.950794114967891
91,13,-87,-0.8317269986968294,518.6820525069281,-13.129986561133633,-32.267770554960066,-7.925553930542162
91,14,-87,-0.7682048735591147,530.0213927076137,-14.061754245237275,-32.44235623687165,-3.4937176411709188
91,15,-86,-1.569932809208205,550.1635550636468,-13.504091780414376,-42.672172877627204,-24.006099628072153
91,16,-86,-1.448394043446413,559.2365413440652,-14.37397559293108,-42.876903767308264,-20.60981548297334
91,17,-86,-1.3438686547920802,566.0042235760455,-15.237862518768631,-42.69519226261624,-15.806989696757343
91,18,-86,-1.2530482342608245,571.1121934562192,-16.095941820656346,-42.10139888396847,-8.972499745028989
91,19,-85,-1.9290779938869056,571.6909517330972,-15.535840927075142,-55.5452317987754,-35.75632837873839
91,20,-85,-1.7958583484329174,575.6143770606018,-16.340172859735127,-55.36035043606328,-31.605786892132432
91,21,-85,-1.6791368866801062,578.3546279839694,-17.138885249968084,-54.799853283586835,-25.872246355200012
91,22,-85,-1.5760661297945724,579.8006779682014,-17.932016298534634,-53.845335546865535,-17.886532565462026
91,23,-85,-1.4844138232706983,579.9811820469174,-18.71959708420136,-52.38898106994549,-6.644446621079327
91,24,-84,-2.0276290146569744,575.2733294175526,-18.14095578426817,-68.47833100243405,-43.76983516039807
91,25,-84,-1.9066294600319773,574.370529226168,-18.882406563465437,-67.71284643742631,-37.656880530728536
91,26,-84,-1.7985259740498363,573.6658443708175,-19.618017772065226,-66.58227253891624,-29.314442713081924
91,27,-84,-1.701391656571844,571.2509743777287,-20.347751713467016,-65.01211627999663,-17.658427321337026
91,28,-84,-1.6136622523166277,569.0641755111376,-21.071566390943392,-62.91398474593584,-1.0512117823789164
91,29,-83,-2.061319928306646,562.343093271922,-20.47338857290885,-80.62681739351423,-50.30894447701639
91,30,-83,-1.9520979326238892,561.1104367823257,-21.155623045602628,-79.37937896473211,-41.99238024945451
91,31,-83,-1.8531565647462598,560.0505278391013,-21.831438166047434,-77.78603426486184,-30.53080529384011
91,32,-83,-1.763132486931536,559.1462857300882,-22.500744615489246,-75.74260254393224,-14.334529410579654
91,33,-82,-2.1632524969213405,553.3842771439892,-21.910641135599537,-92.68766963606997,-62.77733614850578
91,34,-82,-2.0552119835940665,553.2450967955635,-22.54141623772076,-91.33543975285274,-54.71058535174598
91,35,-82,-1.9566881752881018,553.2246077158129,-23.165076072873482,-89.68397575817558,-43.721365356452395
91,36,-82,-1.8664967885889863,553.3105571774295,-23.78148842005368,-87.69411431641129,-28.27405014556115
91,37,-82,-1.7836404212009749,553.4915920663793,-24.390514185531426,-85.32199812708681,-5.698536766023348
91,38,-81,-2.1195693687488655,549.1349063120672,-23.76980594574386,-102.02447587109019,-66.47146806158655
91,39,-81,-2.0228769284434405,549.9315795283383,-24.34150810849559,-100.27597847148866,-55.97759675154051
91,40,-81,-1.9339023512823665,550.7982310246958,-24.905075369063532,-98.24967953748215,-41.163385347452596
91,41,-81,-1.8517710975452206,551.7258910216062,-25.46031997352888,-95.91624077023579,-19.59568711452159
91,42,-80,-2.1531094467339287,548.0871764485727,-24.833018970616717,-110.83666029377903,-76.58331848468873
91,43,-80,-2.0591704204447128,549.5319002212605,-25.351680398372743,-108.94129207402342,-66.4667362945387
91,44,-80,-1.9723372640222312,551.0170742902098,-25.86114535367743,-106.83052664110589,-52.1807519749306
91,45,-80,-1.8918441574536753,552.5350143324027,-26.36116755201388,-104.48725405785768,-31.247510632793272
91,46,-79,-2.1615029037737243,549.5503036198199,-25.720662698718073,-117.54191896983261,-84.4321319992221
91,47,-79,-2.0709199411983814,551.5036879337914,-26.18399459973214,-115.45626619925004,-74.4446341990706
91,48,-79,-1.9868493429680725,553.4711935432416,-26.63684534761161,-113.21283316255804,-60.42629393253357
91,49,-79,-1.9086210529239755,555.4456448024533,-27.078893466877613,-110.80333132553855,-39.756483018348185
91,50,-79,-1.8356527495871404,557.4199618840249,-27.509796655750154,-108.17693614926804,-6.494420281072086
91,51,-78,-2.0621160485024914,555.3851055053756,-26.823462679985937,-119.55185895667574,-79.71183180234863
91,52,-78,-1.9812164913171548,557.7099531845562,-27.21581196969057,-117.05487154274168,-65.19066984428237
91,53,-78,-1.9056761560005502,560.0155956517923,-27.59567089288677,-114.41309505731803,-43.386446755003824
91,54,-78,-1.8349825422760868,562.2946206449432,-27.96258605013074,-111.62069318379753,-7.385460009408175
91,55,-77,-2.0358101234445,560.7283418340884,-27.250509191735325,-121.11594103125307,-81.55909713660698
91,56,-77,-1.9583321911303737,563.2842364148457,-27.576784253150453,-118.32882998351346,-65.81320573166384
91,57,-77,-1.8857496033249295,565.791614959424,-27.888414275913217,-115.41721735659773,-41.27463852379965
91,58,-76,-2.073190728044284,564.3337426688147,-27.170063979558748,-122.76326949743195,-91.41055213022474
91,59,-76,-1.994360242827633,567.0540515871812,-27.439140032811434,-119.7706679725101,-79.37508418943084
91,60,-76,-1.9204294131692232,569.6998953438335,-27.691503715206835,-116.68464822616927,-61.07361820549735
91,61,-76,-1.8509507765250781,572.261049636512,-27.926372819149467,-113.50374420295077,-29.743487307321267
91,62,-75,-2.014354009731451,571.1132912966744,-27.166337436781422,-119.00068274025283,-86.84375035440756
91,63,-75,-1.9395676592418027,573.7943771723905,-27.35396619126839,-115.63180811700092,-71.81011477592233
91,64,-75,-1.8692013910770033,576.3557968011631,-27.521282847653886,-112.1802875476525,-46.929632423458024
91,65,-74,-2.0187881518254254,575.1919248688442,-26.73819975522394,-116.11614756317609,-89.40606144565251
91,66,-74,-1.94358547049757,577.7818707515144,-26.85361070264023,-112.40977678585101,-76.46377412589058
91,67,-74,-1.8727313985671388,580.2056715738877,-26.945039321119612,-108.62144282987768,-55.01207118576041
91,68,-74,-1.805841190519687,582.4443628431391,-27.010958495656936,-104.74966961198092,-12.588640575414239
91,69,-73,-1.9327749916960992,581.2646887742932,-26.161567597115,-107.6766086516393,-76.03904987840747
91,70,-73,-1.8617667902845512,583.3673081241076,-26.165401471213592,-103.509078702632,-55.03878905809523
91,71,-73,-1.794617888304942,585.2113165619252,-26.138101296769765,-99.24803008139565,-11.010773820327202
91,72,-72,-1.9072617648872316,583.6763652400434,-25.238329538772078,-101.40398018692527,-71.30911658062786
91,73,-72,-1.836343325994274,585.1959414403079,-25.137504279788704,-96.81325984010313,-47.928924284554256
91,74,-71,-1.9414957626197886,583.1451368121294,-24.21114243010388,-98.36441181724494,-75.90828944270332
91,75,-71,-1.8669132616103772,584.1603980833808,-24.026424634003956,-93.41014342065098,-61.192013446185996
91,76,-71,-1.796193159734292,584.692664214767,-23.794514272065808,-88.33027815262658,-28.246396330246043
91,77,-70,-1.8853396226459707,581.7046325643023,-22.77664712313875,-88.93577436535985,-63.62403998907313
91,78,-70,-1.8111387242073418,581.3183698913404,-22.434993305657173,-83.42150013869593,-40.99351050528577
91,79,-69,-1.8904095743182672,577.2194378513709,-21.348330365785454,-83.2483734673284,-60.67478250972132
91,80,-69,-1.8126579109152523,575.4568755465774,-20.86898463588462,-77.220157115278,-41.867163268234904
91,81,-68,-1.8805366122110583,569.7288991364494,-19.68002712431326,-76.13992908067495,-53.95233772952782
91,82,-68,-1.7989472777543514,565.8366190851128,-19.01536147858616,-69.47056859851925,-35.00080936455582
91,83,-67,-1.8534249560468745,557.5416245592489,-17.664592213462363,-67.27618568702916,-44.14677194749158
91,84,-67,-1.767206223633058,550.1285868560382,-16.720310762550604,-59.73481515804606,-16.77176833847055
91,85,-66,-1.8051934724548928,537.3379712212363,-15.078005529374446,-56.035224794550096,-29.216948304667778
91,86,-65,-1.8321161212314367,520.8227089872194,-13.216402860239453,-51.164100513379076,-28.077840086970298
91,87,-64,-1.8441227926342862,498.59764750092324,-11.007770892716344,-44.67075119818603,-22.594351974566184
91,88,-63,-1.8339552109763038,466.3769077701103,-8.286817249856078,-35.503913714508855,-14.404295885753758
91,89,-49,-4.814520085578297,375.0127729412989,-3.8096228585451652,-61.129123783051,-58.5215637400742
92,1,-88,-48.028073960128026,476.61465139077023,-0.3439254643166336,-10.824154227850872,-10.716153567427359
92,2,-88,-8.724637253943875,356.3668155976789,-1.5406028912398984,-11.678668188175022,-10.477442562498767
92,3,-88,-4.733403698099649,303.7826133896822,-3.179236098732189,-13.206996420399804,-10.90025934568428
92,4,-88,-3.2383154632461784,274.74879704408215,-4.291935407519823,-15.594881732131581,-12.285649686460951
92,5,-88,-2.4584480741310433,259.7724264385897,-5.3342716679713575,-18.944225704945563,-13.925825264385995
92,6,-88,-1.9803453932555115,258.06122928511803,-6.355900928628602,-21.843184688749595,-14.932134647705
92,7,-88,-1.6574819208831904,274.66325594279846,-7.3606650022601565,-24.333552428878647,-15.452257125976042
92,8,-88,-1.4249012811490624,322.76449826793583,-8.351205399599907,-26.474826719534764,-15.547590736047772
92,9,-88,-1.249421947906964,430.5700014337267,-9.329442750381467,-28.29712766913883,-15.228459014583953
92,10,-88,-1.1123359139735758,468.02772677334764,-10.296834392600678,-29.815687483346093,-14.451846169649205
92,11,-88,-1.0022972552996783,492.5001028684143,-11.254523934147906,-31.032446729506248,-13.132313994042057
92,12,-88,-0.9120268475630513,511.1880920844575,-12.203433538570568,-31.936201337883773,-11.110151898711365
92,13,-88,-0.8366409569409106,525.7558425526144,-13.144323729445315,-32.510261603338186,-8.118580854778184
92,14,-88,-0.7727412413172194,537.2848657596026,-14.077833741233517,-32.70824082531151,-3.7397784464278745
92,15,-87,-1.5794196675973742,557.8812946233952,-13.520022757609924,-42.97060689803728,-24.276639602211368
92,16,-87,-1.4571495269861043,567.0185024869037,-14.391816006817269,-43.200471088347896,-20.923656255534812
92,17,-87,-1.3519960658138201,574.1559398637814,-15.257699696353336,-43.04791118591298,-16.183191043757457
92,18,-87,-1.2606306369183382,579.39874117028,-16.117862805191496,-42.487433354221864,-9.446380887010525
92,19,-86,-1.9411976774453565,580.0869316284216,-15.558993425005333,-55.952532474866246,-36.1644820305878
92,20,-86,-1.8071535005965467,584.2034648724739,-16.36567185319957,-55.800333012930345,-32.07269167900903
92,21,-86,-1.6897108006294517,587.1730086049923,-17.166835158599937,-55.26631723078705,-26.423712145525887
92,22,-86,-1.5860041030755068,588.4827510264265,-17.962522725968903,-54.34389203465719,-18.571705011750844
92,23,-86,-1.493787084213325,588.9405744203126,-18.752767045372973,-52.93266695794303,-7.538065526799322
92,24,-85,-2.040998364338318,584.0351078541803,-18.17606608243367,-69.03950628916982,-44.390462352123784
92,25,-85,-1.919223277113962,583.4522847403493,-18.920483986557233,-68.30325588445749,-38.383981181577184
92,26,-85,-1.8104282081923082,582.8336865386233,-19.65918699788865,-67.20713136556726,-30.206495151214227
92,27,-85,-1.7126735729841893,580.59763230021,-20.392140179802915,-65.67775641613838,-18.806239646451168
92,28,-85,-1.6243848498529152,578.3123986894392,-21.11930456573886,-63.62807881055502,-2.597264860730126
92,29,-84,-2.0756753083606156,571.4048498120939,-20.52366929774985,-81.3526434172096,-51.20470758904375
92,30,-84,-1.9657245852007859,570.0805200443602,-21.20959567857911,-80.1593077144352,-43.065460836986354
92,31,-84,-1.8661246086508825,568.9330674405943,-21.889253105010518,-78.59764252272859,-31.87771800658966
92,32,-84,-1.7755026195650723,567.9452008196934,-22.56255683515069,-76.59567364426066,-16.105530475281665
92,33,-83,-2.1792034994625658,562.0106681963426,-21.9754070041533,-93.58299115982707,-63.85930963531284
92,34,-83,-2.070407971728663,561.7930662708353,-22.61055315361782,-92.26790575726811,-55.98497037914765
92,35,-83,-1.9711977394147953,561.6975776471105,-23.2387617686208,-90.65789878555134,-45.29365747726597
92,36,-83,-1.8803798418862037,561.7118365317413,-23.85990708987241,-88.71439775633718,-30.308078044891595
92,37,-83,-1.7969496006299464,561.824393509133,-24.4738569922204,-86.39421387964367,-8.749835338615862
92,38,-82,-2.1362306375932882,557.3070022887189,-23.85678890187623,-103.14103206924146,-68.00380830508266
92,39,-82,-2.038831079871883,558.0394562434096,-24.43385319272605,-101.43572808664679,-57.86186341047892
92,40,-82,-1.9492083338569917,558.8449185866389,-25.0030030677765,-99.45673760621416,-43.59625247553665
92,41,-82,-1.8664810668455183,559.7143891546821,-25.56406039642693,-97.1751782886535,-22.887681168538997
92,42,-81,-2.171164771403827,555.9236832422256,-24.940960432959407,-112.17871452307375,-78.38396709862351
92,43,-81,-2.0765034611356095,557.3143690314233,-25.46593689951667,-110.32768226622254,-68.66237829651014
92,44,-81,-1.9890059521837604,558.748525066255,-25.98198397289786,-108.26443267508324,-54.99605582206244
92,45,-81,-1.9079000695267894,560.2184969308147,-26.48886865161604,-105.97212229310905,-35.03871265922172
92,46,-81,-1.8325195720037355,561.7169053805973,-26.98634444267771,-103.43265324799405,-5.022686791100076
92,47,-80,-2.089588521421787,558.9999330616798,-26.324035559254593,-117.12030504605825,-76.93499329560083
92,48,-80,-2.004842319374828,560.9272931108806,-26.78466891757382,-114.92440825090962,-63.579378927753325
92,49,-80,-1.9259894010847631,562.8649744672797,-27.23484698468865,-112.56485359170968,-44.07791256851433
92,50,-80,-1.8524423167023591,564.8060119312572,-27.674247719303445,-109.95673501162916,-13.483516395356334
92,51,-79,-2.082095071243316,562.638120436506,-26.994006605295414,-121.4883425095811,-82.73931367197598
92,52,-79,-2.0005136908039223,564.9355834030733,-27.395615260241993,-119.04293596857467,-69.07406905684701
92,53,-79,-1.9243419512200408,567.2178923125414,-27.78517324955327,-116.45495910152421,-48.64106808502018
92,54,-79,-1.8530625401352998,569.4778509248014,-28.16225634309482,-113.71867428715652,-16.45461748380812
92,55,-78,-2.057092360091448,567.7902301544098,-27.457455429615987,-123.36607732339628,-85.20498151100223
92,56,-78,-1.978932101051941,570.3350121932779,-27.794858260658955,-120.63473666543386,-70.54664994165928
92,57,-78,-1.9057171884328,572.8365201975843,-28.118188193440698,-117.78093265261923,-48.11362091249976
92,58,-78,-1.8369925013551898,575.2865918826523,-28.426876048711055,-114.80113428402949,-10.204846282312886
92,59,-77,-2.0169596853004905,573.9936798427577,-27.69009395926364,-122.42169763331326,-83.71573046943506
92,60,-77,-1.9423531676187245,576.6507210053876,-27.956031181277318,-119.39377813151782,-67.15452592705589
92,61,-77,-1.8722487443290114,579.2303570158803,-28.205245053027,-116.27266652899618,-39.53342629966784
92,62,-76,-2.039028143028192,577.9946657682248,-27.455554960844054,-122.00139316817308,-91.03463728723808
92,63,-76,-1.9635278304610235,580.7098321369114,-27.65910784584432,-118.69265839078193,-77.78216692847208
92,64,-76,-1.8925023135829422,583.315155847292,-27.84333895785734,-115.300448916256,-56.22350341701251
92,65,-76,-1.825555909993835,585.7977455141662,-28.007223031346147,-111.82407878935896,-16.822561327838795
92,66,-75,-1.9696799659118351,584.7431329345651,-27.20695738144947,-115.81091563959232,-82.39555902171875
92,67,-75,-1.8981419307237593,587.2466705554194,-27.318662785046012,-112.0920878875048,-63.85660321300741
92,68,-75,-1.8306238152250471,589.5806569050137,-27.406321748676007,-108.2920814306495,-29.637206758807572
92,69,-74,-1.961130632858283,588.3888432769386,-26.573294584357743,-111.40026189601882,-82.40545575597312
92,70,-74,-1.8894277845517529,590.6239348825527,-26.601989349217682,-107.31327476613492,-65.05016653421346
92,71,-74,-1.8216475413826319,592.6238418819602,-26.60160793650033,-103.13602897419473,-31.650434856566747
92,72,-73,-1.9380551596181068,591.1405019903915,-25.722699255950076,-105.49644706460214,-78.24254298361122
92,73,-73,-1.8664547599405994,592.8743821876757,-25.6533331510674,-101.0018093848722,-60.08757556214819
92,74,-73,-1.7986365173042238,594.2754061225181,-25.547663773988535,-96.40359134487343,-21.0799476895468
92,75,-72,-1.9004110524322706,592.2484902639361,-24.604683764792416,-97.93683343389138,-70.03983865251902
92,76,-72,-1.8290633734566049,593.1311658010555,-24.41448285294289,-92.97656684971898,-47.12701842718358
92,77,-71,-1.9225967494714997,590.4115906284146,-23.4314230977056,-93.85084747130517,-71.29166722346183
92,78,-71,-1.8477819556957407,590.5228078499322,-23.141741587093307,-88.48235151410532,-55.69610948476133
92,79,-71,-1.7766448999991091,589.978217857527,-22.793219871126183,-82.9650533558158,-16.016867993457815
92,80,-70,-1.8536236662196799,585.8326415442431,-21.688870217427542,-82.77951422101533,-55.2067889930217
92,81,-70,-1.7790266660300182,583.8866206003601,-21.201044819576698,-76.75049287066597,-23.030468976278623
92,82,-69,-1.845052619283542,578.0711431018279,-19.993107137489368,-75.66061321727703,-49.72054935105439
92,83,-69,-1.7666976101422414,573.9605927317378,-19.317185089633426,-68.99315792563382,-15.437648624352931
92,84,-68,-1.8198386332523597,565.5236410418285,-17.944540267481027,-66.79227498220511,-39.35899491157644
92,85,-67,-1.8656718445483493,555.112266820271,-16.47488703237327,-63.804759376920806,-41.23225301558283
92,86,-67,-1.774205707229108,544.8258003538738,-15.312415351504383,-55.55385364423083,-18.90411888774034
92,87,-66,-1.800798222143634,528.0223133055146,-13.41638837310942,-50.68217412876379,-24.025519605276397
92,88,-65,-1.8130140179295764,505.4161877563335,-11.166094223014204,-44.19015232434161,-20.203795633890902
92,89,-64,-1.8038709666885515,472.6631707997045,-8.400275941990959,-35.02477180832125,-10.995038823922824
92,90,-49,-5.153315773039922,377.3614254385612,-3.7984198691295323,-63.76117697004905,-61.448350628649834
93,1,-89,-48.377221747805834,484.7295862936345,-0.34390490709498944,-10.886876599793279,-10.778613412220121
93,2,-89,-8.778188015350537,362.3657801428032,-1.5408354465924359,-11.744835935370054,-10.537678637017867
93,3,-89,-4.761815025201621,308.83169584216165,-3.180278432503945,-13.276079773980415,-10.956848662320246
93,4,-89,-3.2575692187147336,279.2282739516133,-4.293951808757631,-15.661103503278479,-12.3340341188181
93,5,-89,-2.4729863547317184,263.86259450857386,-5.337262461196031,-19.022910014256073,-13.986715579247047
93,6,-89,-1.9920151717400683,261.85609227430535,-6.359974754992189,-21.940937655857137,-15.004425546980219
93,7,-89,-1.6672248257360067,278.191065945504,-7.365919111344529,-24.450568861957695,-15.535599278739443
93,8,-89,-1.4332615277173768,325.9558572649385,-8.357728733655293,-26.611928814009055,-15.641693839755787
93,9,-89,-1.2567421417076123,433.14712020446524,-9.33731786643774,-28.452700375989913,-15.332859301034187
93,10,-89,-1.1188455806251625,473.973057240457,-10.306138752707621,-29.99139347180661,-14.5701373332835
93,11,-89,-1.0081576200112066,498.9299857531939,-11.265330819555796,-31.228829447640074,-13.266488655551088
93,12,-89,-0.9173554616910473,517.9921220511737,-12.215812724445895,-32.152827169862896,-11.26740184326746
93,13,-89,-0.8415261508673453,532.869620388726,-13.158341998829721,-32.7506430413039,-8.308594458586594
93,14,-89,-0.7772510596548217,544.5898072616425,-14.093555286360274,-32.97160369141739,-3.981281413957107
93,15,-88,-1.588849929985485,565.5787454629184,-13.535590069357585,-43.26649163838802,-24.543664313800996
93,16,-88,-1.465852724826838,574.8467974659973,-14.409247852162943,-43.52104443368343,-21.23274238152815
93,17,-88,-1.360074885210023,582.356662757023,-15.27708103217293,-43.39710397293507,-16.552827515243898
93,18,-88,-1.2681676470799734,587.7355870011019,-16.139278265734443,-42.86932128973621,-9.910589067753529
93,19,-88,-1.1875936488733685,591.7704316926882,-16.99600674133384,-41.80181143722268,-0.4808440666598326
93,20,-87,-1.8183787449400222,592.8467931412742,-16.39057320520883,-56.235982004409635,-32.53182382849854
93,21,-87,-1.7002191143225902,595.7850065142022,-17.194127026310433,-55.727794008503096,-26.964791389667205
93,22,-87,-1.595880263686982,597.2206159124294,-17.99230754647852,-54.8366368166499,-19.241888035245022
93,23,-87,-1.5031018860433507,597.9580017825418,-18.785148556623184,-53.468707176703056,-8.409398353506658
93,24,-86,-2.05428155376054,592.85533240823,-18.210335024680106,-69.59485189931908,-45.000424681744924
93,25,-86,-1.9317356492448803,592.595160256445,-18.95764410858837,-68.88708190347549,-39.09645853000665
93,26,-86,-1.8222531862857296,591.8649745064223,-19.699358966769427,-67.8244918357928,-31.07778103662724
93,27,-86,-1.723881975230344,590.0080713429994,-20.435447243991245,-66.33478684173444,-19.923658095894094
93,28,-86,-1.6350372921949667,587.6239048101191,-21.165872809207844,-64.3322127188557,-4.09767728420155
93,29,-85,-2.0899337569574117,580.5304220950877,-20.572709414832847,-82.07000658965904,-52.08216200661011
93,30,-85,-1.9792587846521128,579.1139636626227,-21.26222821998214,-80.91512453900772,-44.113174427788316
93,31,-85,-1.8790042239808868,577.8785072594442,-21.945623159915876,-79.39140787940036,-33.188329603436834
93,32,-85,-1.7877879545283266,576.8065480861136,-22.62281378285981,-77.43670843064163,-17.823103548505284
93,33,-84,-2.195041997915447,570.700067190276,-22.038532813872887,-94.46762551701879,-64.91851168980735
93,34,-84,-2.0854961348207905,570.4035851517509,-22.677926806618984,-93.1886710327025,-57.22832308218077
93,35,-84,-1.9856036993601498,570.2326189580707,-23.31055423867467,-91.6189683868625,-46.822179917088725
93,36,-84,-1.8941631099137965,570.1746861859482,-23.936295400212597,-89.72051629565753,-32.27846732089481
93,37,-84,-1.8101624587094534,570.2182374632785,-24.555024684486465,-87.45077213840585,-11.408071904641309
93,38,-83,-2.1527682377436452,565.5407173072217,-23.941486373956888,-104.24303223465476,-69.49631696533216
93,39,-83,-2.0546658899581782,566.2083861284046,-24.523751430171725,-102.5796995896756,-59.69006426558437
93,40,-83,-1.964398892784278,566.9520511985934,-25.098313254361422,-100.64665808076782,-45.947652685294116
93,41,-83,-1.8810791644298768,567.7626769973639,-25.665002689091562,-98.41546562163323,-26.057944768899777
93,42,-82,-2.189079828490877,563.8204727089515,-25.04596885946723,-113.5028607657254,-80.13589106865783
93,43,-82,-2.0937005593468783,565.1563758399891,-25.577058846541355,-111.69491848925179,-70.7344994950647
93,44,-82,-2.0055426044476365,566.5387000343334,-26.099474232731602,-109.67782974172154,-57.71249389408448
93,45,-82,-1.9238274740126888,567.9598133690116,-26.612994346678857,-107.43500812801665,-38.682300589948774
93,46,-82,-1.847883512445518,569.4123711696628,-27.11738605618116,-104.94863321283968,-10.136041918539888
93,47,-81,-2.108103297709925,566.5532688780169,-26.460078804040787,-118.7613278310051,-79.34643502411599
93,48,-81,-2.0226852402297153,568.4393203410502,-26.92822386610715,-116.61164958871957,-66.61875933997983
93,49,-81,-1.9432110462307957,570.3389474649616,-27.38624293055036,-114.30063870087575,-48.112177384210355
93,50,-81,-1.8690881672288668,572.2452865868297,-27.833832617718542,-111.70782955265462,-20.146996067375802
93,51,-80,-2.10190056689048,569.9441854011537,-27.159453112725288,-123.39676211280057,-85.43946057973818
93,52,-80,-2.0196407448435627,572.2125286449316,-27.56997216995913,-121.00145537816773,-72.80460631369681
93,53,-80,-1.9428405578137906,574.4695755150185,-27.968854911009583,-118.46571169132564,-53.6648034046082
93,54,-80,-1.8709779047168842,576.7083234733636,-28.355703760408392,-115.78388787666775,-24.037578334057756
93,55,-79,-2.0781785109537054,574.8984720793003,-27.65787451053934,-125.58229819274943,-88.38079592846121
93,56,-79,-1.9993386274019027,577.42946887534,-28.00594535225856,-122.9050682072842,-75.07842645800471
93,57,-79,-1.925493614282591,579.9221172767841,-28.340478429276907,-120.10732464875038,-54.30030992986818
93,58,-79,-1.8561838818825582,582.3685931107154,-28.660943893655418,-117.18560725783128,-21.20846281948478
93,59,-78,-2.039336010964264,580.9685093982051,-27.932611361164735,-125.03291390169676,-87.8824647049534
93,60,-78,-1.96405532778823,583.6325015370584,-28.211497776006603,-122.06135469995907,-72.59142420802254
93,61,-78,-1.8933260585224116,586.2258339683416,-28.47437534805575,-118.99461581750079,-48.785407860829864
93,62,-78,-1.8267438306570094,588.738922293938,-28.720519024224224,-115.79309870230385,-5.6883228075004215
93,63,-77,-1.9872305216802229,587.6416460880617,-27.9531707875682,-121.69550365425795,-82.99211866163168
93,64,-77,-1.9155452340113048,590.2838711677383,-28.15343313558209,-118.36262935002937,-64.022050907552
93,65,-77,-1.84798874461568,592.8132684048471,-28.334344847364697,-114.94491257201864,-31.26080398378199
93,66,-76,-1.9954730586034226,591.6985252442322,-27.54657057201078,-119.15730173066856,-87.53048249762466
93,67,-76,-1.9232480123404532,594.2712552831067,-27.67737135289955,-115.50547537617288,-71.95011301493585
93,68,-76,-1.8550977797728199,596.6883879193367,-27.785447829672126,-111.77453555694287,-43.88890893357539
93,69,-75,-1.9891284193361707,595.4724236325854,-26.96766855990338,-115.05788920806782,-87.81846549045417
93,70,-75,-1.916723496369887,597.8235078889594,-27.01957788830742,-111.0479923124958,-73.45448123758248
93,71,-75,-1.848302630840597,599.9600332903467,-27.0442405702245,-106.9507588781042,-47.23765510662908
93,72,-74,-1.9684135250960662,598.5078686858792,-26.184542925563957,-109.50749401146139,-84.43385709081923
93,73,-74,-1.8961158676001377,600.4289702750358,-26.144209014200744,-105.1038903920375,-69.6346847557436
93,74,-74,-1.8276710934545302,602.0495616089487,-26.070253493544286,-100.60110273798092,-41.05283433196501
93,75,-73,-1.933359878961861,600.1438648739994,-25.152522453346045,-102.3597337875142,-77.29089501902432
93,76,-73,-1.8613541820543644,601.3291993532023,-25.000147883609138,-97.51104615617179,-60.26699806161715
93,77,-73,-1.7930202620104505,602.0798375747992,-24.804521755796845,-92.54506620102103,-22.04056599224837
93,78,-72,-1.8836906985384911,599.3573706475725,-23.804779167759737,-93.40381852826455,-65.8680075245436
93,79,-72,-1.812000462293224,599.3193762748258,-23.508791226905107,-88.03132062900991,-40.615116512881784
93,80,-71,-1.8936220852162762,595.628319594492,-22.450428364070248,-88.15821854886369,-64.43505252237313
93,81,-71,-1.8185538515211308,594.4249636686711,-22.03129566329167,-82.31336090456351,-45.11998156789267
93,82,-70,-1.8898084043819998,589.3561329701389,-20.887179266410655,-81.60224653207374,-58.970753185703806
93,83,-70,-1.8111927114852675,586.3935400931963,-20.30791329464519,-75.18431608500313,-41.0654994492381
93,84,-69,-1.8704087892416785,579.2386581848715,-19.033065514694133,-73.47292277796392,-50.41930685093014
93,85,-69,-1.7877497520871717,573.4872720272523,-18.22586470112401,-66.31169413078864,-29.241396302394573
93,86,-68,-1.8325574909890725,562.8949538838185,-16.73182477806493,-63.319804789401886,-38.427711588904366
93,87,-67,-1.8684724278705505,549.6227792966255,-15.09090644562033,-59.38735681633686,-36.551201446127266
93,88,-67,-1.7708288021909915,535.2065132364297,-13.616490467770925,-50.20401333917202,-14.098840015216968
93,89,-66,-1.7832375553226083,512.2205933318555,-11.324153813211105,-43.713488311957796,-14.026644553273101
93,90,-65,-1.7750533444441952,478.9372159444041,-8.513630579409162,-34.54982398536982,-1.8816535223228528
93,91,-48,-6.309426564066491,375.7872607598036,-3.7181392319318944,-69.63367328706141,-68.06232213816136
94,1,-90,-48.72420934304884,492.8900618259807,-0.34388478215797547,-10.949238923573972,-10.840712148638529
94,2,-90,-8.8314183682268,368.3980481310874,-1.5410626967834529,-11.810632835646134,-10.597572379641997
94,3,-90,-4.790058737305296,313.9085033259922,-3.1812977015256636,-13.344809825097444,-11.01315285139357
94,4,-90,-3.276710140812096,283.73208323449876,-4.29592377627328,-15.727092807711664,-12.382035340147251
94,5,-90,-2.487439772651112,267.97486486056977,-5.340187475850623,-19.101104440892094,-14.046870836316671
94,6,-90,-2.0036170099470176,265.6718687851466,-6.363959076789795,-22.038278085725697,-15.076153229428074
94,7,-90,-1.6769111133297527,281.7402943444595,-7.371057846336992,-24.56701096420497,-15.617593577306161
94,8,-90,-1.4415732577231801,329.17297621417293,-8.364108851153373,-26.74760714645549,-15.734956663098911
94,9,-90,-1.2640198977081645,435.7638828878779,-9.345020079056859,-28.60732294195072,-15.436024503652977
94,10,-90,-1.1253175371905102,479.93272628267033,-10.315238778096484,-30.165923706572872,-14.687323053543732
94,11,-90,-1.0139840553538764,505.3950601172802,-11.275900274119595,-31.423782576357777,-13.39918202065334
94,12,-90,-0.9226532379208505,524.8337560162554,-12.22791978272419,-32.36774274221715,-11.42261254545601
94,13,-90,-0.8463830812234234,540.0230952922062,-13.172051895547508,-32.988970011074194,-8.495699561588163
94,14,-90,-0.7817347908755017,551.9359146495929,-14.108930708235143,-33.23251444104981,-4.218395829613436
94,15,-89,-1.5982245978097807,573.1521459257146,-13.550806047365107,-43.559894885929566,-24.807291757721075
94,16,-89,-1.4745045637864331,582.7210721978762,-14.426285032983385,-43.83870740718472,-21.53724368357352
94,17,-89,-1.3681059760427217,590.5003257736445,-15.296022098086462,-43.742873193761376,-16.916145635838213
94,18,-89,-1.2756600727764291,596.1223592761885,-16.160205541000213,-43.2437003908776,-10.365508522954817
94,19,-89,-1.194614374445657,600.3261989269405,-17.019002406934728,-42.211252337412404,-1.080086823834119
94,20,-88,-1.829535363503286,601.4694943943734,-16.414897766472347,-56.66742435975595,-32.983480958153834
94,21,-88,-1.7106630353097079,604.3373940888454,-17.220783928072375,-56.18443719227521,-27.495898064070037
94,22,-88,-1.6056957540384087,606.0138503625766,-18.021396199372106,-55.323757461972534,-19.897710582346743
94,23,-88,-1.5123593138474773,607.0330393775013,-18.816769569477376,-53.99297408299233,-9.259421656533188
94,24,-87,-2.0674802240827006,601.7335519097809,-18.24379269314663,-70.144546665048,-45.60014564657026
94,25,-87,-1.9441681361946304,601.798703864616,-18.993919927192234,-69.46453494025177,-39.794927867144075
94,26,-87,-1.8340023964115617,600.9564954377124,-19.738569781428428,-68.43460312372402,-31.92921808683316
94,27,-87,-1.7350182879776341,599.4818427952184,-20.477712315922332,-66.98350417667274,-21.01208297079707
94,28,-87,-1.6456209477228245,596.9982513866448,-21.211314054237086,-65.02674120794032,-5.554628957627189
94,29,-86,-2.1040972080229965,589.719347942911,-20.620554788975337,-82.77918772061385,-52.94210263183299
94,30,-86,-1.9927023896034097,588.2103127854521,-21.313570580216812,-81.65884144039832,-45.13667918015618
94,31,-86,-1.8917972027305896,586.8864009785518,-22.000602560788828,-80.17490379074434,-34.46437034402169
94,32,-86,-1.7999902247817043,585.7298910714853,-22.68157430318511,-78.26614477099207,-19.489891833546565
94,33,-85,-2.2107703332424746,579.4520208700957,-22.10008107172042,-95.34193156932254,-65.95596745246253
94,34,-85,-2.100478738283037,579.0762125976095,-22.743604976018826,-94.09813916586397,-58.4421154715161
94,35,-85,-1.9999082540793427,578.8293051549795,-23.380526909294534,-92.56763939089147,-48.30910462413287
94,36,-85,-1.9078487332855905,578.6986961144503,-24.010732830436048,-90.71298347361567,-34.18850168818677
94,37,-85,-1.8232810850264767,578.6727326985842,-24.634103235909354,-88.49225370780194,-13.976368238297072
94,38,-84,-2.1691848912505254,573.8356511067149,-24.023989426584812,-105.33099175886217,-70.95098342446538
94,39,-84,-2.0703840191189364,574.437993154269,-24.611301323749792,-103.70846412455495,-61.42465390545934
94,40,-84,-1.9794766356413593,575.1192804511554,-25.191112438868704,-101.82007456118481,-48.22202373557277
94,41,-84,-1.895567953145013,575.870437500115,-25.763261991219654,-99.63780631969846,-29.11335033977595
94,42,-84,-1.8178921806345212,576.6828987109789,-26.32758094814411,-97.13091511681242,-0.8129359783670892
94,43,-83,-2.1107649139251112,573.0576469203878,-25.685177961996512,-113.04369978590749,-72.65368939439756
94,44,-83,-2.021950379483904,574.3873715352992,-26.213758601918297,-111.07148023171126,-60.19220479779
94,45,-83,-1.9396294987341298,575.7587881487455,-26.733698752248984,-108.87674332802447,-42.18703594236688
94,46,-83,-1.8631252352683223,577.1645792683155,-27.24477768235148,-106.4419364779425,-15.036987534646002
94,47,-82,-2.126468121031704,574.1636109769248,-26.592300919530953,-120.38017145587197,-81.68343898058323
94,48,-82,-2.040381940122789,576.0072675675352,-27.067701498622707,-118.27545652716809,-69.55120533148484
94,49,-82,-1.9602898179942327,577.8676430348988,-27.5332886723809,-116.00932745978902,-51.98764312147543
94,50,-82,-1.8855941372251994,579.7379634455568,-27.98877628100764,-113.43137274070129,-25.59652495107538
94,51,-81,-2.1215372143659486,577.3035528823922,-27.320040907092068,-125.27817800928861,-88.02703675910509
94,52,-81,-2.03860235791509,579.5411701948644,-27.739142118174456,-122.93156407378608,-76.00780244546718
94,53,-81,-1.961176721115337,581.7711728817491,-28.146998092384404,-120.44656634987989,-58.47299873245177
94,54,-81,-1.8887334380934466,583.9867322487825,-28.54323566514348,-117.81763217111856,-30.81305763247904
94,55,-80,-2.099074366895681,582.0539132688805,-27.852093920375747,-127.76593428668501,-91.43952165858781
94,56,-80,-2.0195576597905345,584.5686723136539,-28.21040319565469,-125.14124420595665,-78.95020845771352
94,57,-80,-1.945084892156546,587.0497238560838,-28.55567621909468,-122.39790819100052,-60.19981307572385
94,58,-80,-1.8751920201055703,589.4895466336671,-28.887418817971035,-119.5325326469559,-29.75935994117589
94,59,-79,-2.0614966020248606,587.98044089794,-28.16715180037972,-127.60590184197359,-91.68002529769348
94,60,-79,-1.9855435054203023,590.6475259330214,-28.458409054311694,-124.67670211006242,-77.78617584690606
94,61,-79,-1.9141905992342196,593.2502181976131,-28.734321111262343,-121.6384671969526,-55.95834691401549
94,62,-79,-1.847029396743388,595.7794554189787,-28.99421729171416,-118.49711304168676,-18.769036038958056
94,63,-78,-2.0106855581561867,594.5936507707114,-28.236821442026343,-124.64390607333274,-87.67314621013273
94,64,-78,-1.9383404530323873,597.2664924597701,-28.452306146869336,-121.36885544097399,-71.23089379401213
94,65,-78,-1.870173108031154,599.8355637760594,-28.64935491564698,-118.00832690700751,-42.561322770675204
94,66,-77,-2.020977793793735,598.6544011167254,-27.873352141617904,-122.45142035088061,-92.45036717012336
94,67,-77,-1.948063527552614,601.286971724851,-28.022178305219935,-118.8642880078174,-78.37183234249686
94,68,-77,-1.8792779435565516,603.776523204088,-28.14948023377181,-115.19993834663275,-54.86665800093676
94,69,-77,-1.8142664370399348,606.1072887514308,-28.25400359525669,-111.45721906909576,-9.629186631113955
94,70,-76,-1.943673443206204,604.9787513372215,-27.419608069968376,-114.71694245961476,-80.24271463178006
94,71,-76,-1.8746044544499973,607.2351488115456,-27.467652035950387,-110.69630537002926,-58.7420414632219
94,72,-76,-1.809231186000712,609.2733080424634,-27.488355839922946,-106.58914035499083,-15.276882109007289
94,73,-75,-1.9253556777689103,607.8819356752858,-26.612295047320472,-109.12491881950542,-77.67409284217193
94,74,-75,-1.8562692082936183,609.6946012001473,-26.567598364322542,-104.71256174096882,-55.73334175485025
94,75,-75,-1.7907619072295284,611.2022759145314,-26.489121431036356,-100.20191937470292,-6.78838001026032
94,76,-74,-1.8931121883988271,609.3279734722437,-25.55502592559263,-101.94225525064407,-70.1768714526234
94,77,-74,-1.8241763555818997,610.3876581584162,-25.397562316681725,-97.0871002654061,-43.58533149503313
94,78,-73,-1.9189349853791144,607.8873916561488,-24.429246783704915,-98.19846386808932,-73.90442323771272
94,79,-73,-1.8466418123383084,608.2812824647755,-24.180071890798867,-92.95894522768744,-56.32177159758345
94,80,-73,-1.7778696305813415,608.0947655159674,-23.877816694204792,-87.5827098064792,-12.72006871087193
94,81,-72,-1.8571394195359787,604.370538707401,-22.80234386952135,-87.69652561257703,-58.524528419757836
94,82,-72,-1.7850801638962877,602.9968456080395,-22.375619909417107,-81.8499302765359,-25.596029046761764
94,83,-71,-1.8543732345235617,597.858772881471,-21.2134635347707,-81.128298702255,-54.65497937298024
94,84,-71,-1.778845114221173,594.6965405656938,-20.62444721665156,-74.71104141883255,-23.397290249808616
94,85,-70,-1.8365558994076792,587.4261824795691,-19.32950888307952,-72.99200061253852,-46.280437446152426
94,86,-70,-1.7570574926696716,581.4329696747582,-18.508548805887106,-65.83443163758047,-6.727761296943358
94,87,-69,-1.8008986048807698,570.6601434625472,-16.989784532207736,-62.838261100266045,-32.19551442100283
94,88,-68,-1.8361451580062889,557.1585610859171,-15.320397784519304,-58.90363271275557,-34.54934205334894
94,89,-67,-1.8603521286721483,539.8052484812721,-13.420945547564731,-53.78069212865264,-30.586098819088836
94,90,-66,-1.869718994664212,516.5466188336551,-11.164202508454654,-47.01045427518121,-24.549106923753094
94,91,-65,-1.8570797440686393,482.9596645413355,-8.40039267514325,-37.52514974776114,-16.07801770520104
94,92,-48,-6.849561142052612,377.9810603287143,-3.709552488789816,-72.23860750725386,-70.88496909663641
95,1,-91,-49.069073341505366,501.0958252251257,-0.34386507610553163,-11.011247340007191,-10.902455986555909
95,2,-91,-8.884333937501195,374.46343660253075,-1.5412848212336627,-11.876065056895039,-10.657129559095255
95,3,-91,-4.818137753726287,319.01288488694047,-3.1822939285706426,-13.413191860464362,-11.069176073597164
95,4,-91,-3.2957401861313445,288.2600924056726,-4.297852762903579,-15.792850967766185,-12.429668768997137
95,5,-91,-2.501809795458814,272.10911239239493,-5.343048858408526,-19.178751694727772,-14.106521466841693
95,6,-91,-2.015152080671787,269.5084209001263,-6.367856811504213,-22.135139107585267,-15.14656931823196
95,7,-91,-1.6865417597788999,285.310738937102,-7.3760849658067915,-24.682887570336813,-15.6984729971269
95,8,-91,-1.4498373068949055,332.41544961301116,-8.370350416714249,-26.880561567405042,-15.826050366542905
95,9,-91,-1.2712559464979574,438.419306988453,-9.352555020150259,-28.761014308509022,-15.538380592381294
95,10,-91,-1.1317524326304556,485.9243537822444,-10.324141126445586,-30.33930359390588,-14.803433480761555
95,11,-91,-1.0197771451159032,511.89506602940514,-11.286240037700166,-31.61733910189707,-13.530438317798922
95,12,-91,-0.9279207068311437,531.7127217481576,-12.239763590349552,-32.5809899626966,-11.57584936956175
95,13,-91,-0.8512122343458506,547.2159837392387,-13.185463487450532,-33.22529536841583,-8.679995859509873
95,14,-91,-0.7861928839683632,559.3228928175268,-14.123971318731904,-33.4910396984465,-4.451282383396038
95,15,-90,-1.6075446432704736,580.7689666469985,-13.56568247109305,-43.8508815333881,-25.067634165574404
95,16,-90,-1.483105943551891,590.6409815821148,-14.442940828166948,-44.15353994514081,-21.837321415061886
95,17,-90,-1.3760901760340079,598.511853081761,-15.31453776286755,-44.085316824691674,-17.273379156074377
95,18,-90,-1.2831086982357203,604.5586952028348,-16.180661183294593,-43.61171362986643,-10.811502925992489
95,19,-90,-1.2015940009786155,608.9329679137536,-17.04147795182066,-42.616041171223735,-1.6658265498587275
95,20,-89,-1.8406245995013935,609.8692080532134,-16.438665424941576,-57.09478124936645,-33.42794483768306
95,21,-89,-1.7210437343779177,612.9427912910922,-17.24682786731295,-56.63639316002645,-28.01742363361345
95,22,-89,-1.615451681560148,614.8620419610701,-18.049812935501365,-55.80543251649922,-20.539766377871125
95,23,-89,-1.521560419283713,616.1652717666202,-18.847656721352003,-54.51083839153066,-10.089055840477975
95,24,-88,-2.0805959648175634,610.6693255990144,-18.276467743052113,-70.68876096100611,-46.19002539627865
95,25,-88,-1.956522248273707,611.0624732585717,-19.029342863952696,-70.03581525024543,-40.47996945901563
95,26,-88,-1.8456772790815237,610.1078077336559,-19.776853807696135,-69.03770207642161,-32.761670282305914
95,27,-88,-1.746083889956794,609.0185063439149,-20.518972895032334,-67.62419007931092,-22.06431717053601
95,28,-88,-1.6561371402889895,606.4350039401485,-21.25566913584465,-65.7120008061605,-6.970165670457107
95,29,-87,-2.118167531435226,598.9711737180495,-20.667249025795574,-83.48045357278434,-53.78527758183165
95,30,-87,-2.006057196466001,597.36912057772,-21.363670190164182,-82.39372549264317,-46.13706306391782
95,31,-87,-1.9045052762312136,595.956309684741,-22.05424281939588,-80.94848712070913,-35.70746281453712
95,32,-87,-1.8121111039196935,594.7148000116489,-22.738894263497915,-79.08439749615951,-21.108369951328612
95,33,-87,-1.727709143558498,593.6282949873738,-23.417548098668938,-76.7319182506599,-0.22751769396654764
95,34,-86,-2.1153579678040844,587.8105137245441,-22.807651949047912,-94.99669294861732,-59.6277268256608
95,35,-86,-2.014113524032009,587.487214593096,-23.448749384175716,-93.50434283970603,-49.75646282661812
95,36,-86,-1.9214387750519613,587.2834598675622,-24.083294677031155,-91.69228559498539,-36.0412465085621
95,37,-86,-1.836307492257739,587.1874901040768,-24.711174043846707,-89.51920818573198,-16.459453407592466
95,38,-85,-2.185483218805178,582.1914049541845,-24.104384231769888,-106.40539878895011,-72.36966564932976
95,39,-85,-2.085988026939649,582.7279008563218,-24.69659601967545,-104.82256223030195,-63.04181034167895
95,40,-85,-1.994444069337601,583.3462552529185,-25.28150126560017,-102.97758625510069,-50.297061946647915
95,41,-85,-1.9099498949757843,584.0373483673876,-25.858947017486418,-100.84286527467383,-32.06027694926058
95,42,-85,-1.8317340378829057,584.7925818424313,-26.428772672769643,-98.38810993890823,-4.933202430895254
95,43,-84,-2.1276995936911325,581.0178980570472,-25.790418433206284,-114.37468716144099,-74.52047433406268
95,44,-84,-2.038232304662798,582.2942974796384,-26.32497127869092,-112.44610453593283,-62.49511755272498
95,45,-84,-1.9553091384417138,583.6152268384697,-26.85112689891729,-110.29811329066982,-45.501514147948264
95,46,-84,-1.878247711050586,584.9733890557239,-27.368676090708,-107.91341955858994,-19.73835314454707
95,47,-83,-2.14468667217123,581.8308459677495,-26.720867775401327,-121.97762684314833,-83.95015156646595
95,48,-83,-2.0579360795942336,583.6310911817233,-27.20328131149666,-119.91667838291175,-72.38296653939663
95,49,-83,-1.977229367324567,585.4510964925001,-27.676178547861632,-117.65268695666407,-55.713992276391785
95,50,-83,-1.9019638786066047,587.2841670166604,-28.13928924135145,-115.12844948745942,-30.747081789097653
95,51,-82,-2.1410094639195205,584.7164125578681,-27.475993172861017,-127.13358950960374,-90.53751224717067
95,52,-82,-2.057402997277489,586.9218140246852,-27.903367317887966,-124.83433025312117,-79.0816495959558
95,53,-82,-1.9793549393791134,589.1231222698593,-28.3198658985469,-122.39866488586031,-62.74448669216938
95,54,-82,-1.9063336839377238,591.3136647164583,-28.725138153331088,-119.82112759194479,-37.276739760802705
95,55,-81,-2.1197853995805804,589.2572739052672,-28.040418057052918,-129.9182356617617,-94.40057821423164
95,56,-81,-2.039594751369919,591.753539690832,-28.408563649129025,-127.3445968181829,-82.60371667188076
95,57,-81,-1.96449667715253,594.2204818384571,-28.764143874164127,-124.65410319226375,-65.49242099146716
95,58,-81,-1.8940226950350798,596.6508510371846,-29.10669700405593,-121.84342419087044,-37.776701570066514
95,59,-80,-2.083448372035602,595.031129775772,-28.394139198687153,-130.10522709242096,-95.1353981798258
95,60,-80,-2.0068248093166825,597.6977929644873,-28.697230276747906,-127.2231228971365,-82.46923100902622
95,61,-80,-1.9348497042585242,600.3059038299774,-28.985594035842617,-124.241494464413,-62.753944523977594
95,62,-80,-1.867110457740695,602.8468649074492,-29.258608667421544,-121.15846329486362,-30.471795212820044
95,63,-79,-2.033902031673547,601.5691925700008,-28.51066836359491,-127.53969656133782,-92.16678345920268
95,64,-79,-1.9608974677690927,604.2669909326105,-28.74063230522278,-124.32087043806533,-77.07248198205643
95,65,-79,-1.892118965621195,606.8693323888281,-28.95300266401754,-121.01636394383377,-52.630236494145926
95,66,-79,-1.8272030995392665,609.3650799800439,-29.146914013713843,-117.62474883405044,-8.45735261579305
95,67,-78,-1.9726011169514683,608.3003634191006,-28.353996118454738,-122.17098990975418,-84.4194933230459
95,68,-78,-1.9031777694105019,610.8528171078933,-28.499444125093984,-118.57094902982271,-64.39545018559433
95,69,-78,-1.837577688054667,613.259177401367,-28.623321910692407,-114.8944092851667,-27.24129407716147
95,70,-77,-1.9702951093464118,612.1005760657522,-27.80335910268309,-118.32348559196026,-86.51583137993335
95,71,-77,-1.9005719730925996,614.4622116685389,-27.87330078358813,-114.3763474152426,-68.59118901705013
95,72,-77,-1.8345994507671621,616.6240665584154,-27.917551884091417,-110.34528648754868,-34.63218258645731
95,73,-76,-1.9541996522907246,615.2520196703924,-27.05947388824929,-113.06970182655138,-84.19520768655599
95,74,-76,-1.8844591016024688,617.2332075909326,-27.041889902983442,-108.74333921356538,-66.61274878522934
95,75,-76,-1.818360443413828,618.9377455450781,-26.992898727274095,-104.32252696052852,-30.567601237602442
95,76,-75,-1.9243771201556046,617.1613646671534,-26.082088847639007,-106.27755498328436,-78.24616139918311
95,77,-75,-1.8548151062674765,618.489733745671,-25.959447618971364,-101.52638605642109,-58.25959242636096
95,78,-75,-1.7887430212048727,619.4242583881745,-25.796953987489367,-96.6650413694709,-11.592278792757076
95,79,-74,-1.8806371477366213,616.9303693982899,-24.812292187782532,-97.76040349367877,-67.24783206807179
95,80,-74,-1.8113178490307484,617.1837360148389,-24.55732381608491,-92.51626376498237,-38.96787664131933
95,81,-73,-1.89489233066428,613.8348156302944,-23.522484717507584,-92.91966671326331,-67.81920549070563
95,82,-73,-1.8223356229672887,613.0919037323823,-23.156166641710374,-87.23732696872389,-47.26794530757536
95,83,-72,-1.8964288808178713,608.5594862201231,-22.048657517317874,-86.85940582384197,-63.6024715488632
95,84,-72,-1.8205421714085543,606.3414242047985,-21.541536130101232,-80.65714650789661,-46.03726949239072
95,85,-71,-1.8837292630795825,600.0767782856808,-20.32616964228888,-79.3669945639995,-56.14672360402874
95,86,-71,-1.804201357152204,595.5949342835269,-19.62748443410558,-72.51417428673327,-37.715262084385564
95,87,-70,-1.8545797248917235,586.6098395367002,-18.24065230506078,-70.1004904391839,-45.76671180311456
95,88,-70,-1.7705983825571032,578.4082768768756,-17.248737583758086,-62.3601110848276,-18.069805023961205
95,89,-69,-1.8052134558224966,564.6779099426985,-15.550438208198347,-58.42340728584616,-30.151151412495437
95,90,-68,-1.8291690401686687,547.0313304936794,-13.616361771506373,-53.30050008128462,-28.724879505844406
95,91,-67,-1.8388117004784967,523.3868846213965,-11.31833645616487,-46.5320779835307,-23.03220563991929
95,92,-66,-1.8272405959330185,489.2631182526462,-8.511362110794588,-37.04858491573767,-14.43922794794944
95,93,-48,-7.47227172660196,380.13685169954647,-3.7016016213321987,-74.83324801371118,-73.67889768373605
96,1,-92,-49.41184936883534,509.34662789158233,-0.343845776081444,-11.072907817062527,-10.963850959447587
96,2,-92,-8.93694018675,380.5617655817981,-1.541501991366038,-11.941138597894707,-10.716355783989334
96,3,-92,-4.846054910307484,324.1446920165817,-3.18326637822786,-13.481231038653775,-11.1249223927652
96,4,-92,-3.314661255459799,292.8121711526262,-4.299740158825485,-15.858379345653216,-12.476937039326657
96,5,-92,-2.516097848935395,276.26521424586895,-5.345848662956461,-19.255607046263222,-14.165946541274254
96,6,-92,-2.026621523350451,273.36561386265146,-6.371670751191211,-22.23022224731484,-15.21665527956597
96,7,-92,-1.696117713451931,288.9022040203372,-7.381004066834933,-24.796659611385287,-15.778898583058856
96,8,-92,-1.4580544872145813,335.68288871267174,-8.376457894585508,-27.01280953501814,-15.916544113734155
96,9,-92,-1.2784509979103618,441.1124564226489,-9.359928079685744,-28.913792759112773,-15.63994732953748
96,10,-92,-1.138150897467861,491.94769772772935,-10.3328521693241,-30.51155760662057,-14.918497482773025
96,11,-92,-1.0255374564952127,518.4254308413632,-11.29635751734839,-31.80931500235086,-13.660299794915524
96,12,-92,-0.9331583839162789,538.6265960236893,-12.25135264225203,-32.792609071118186,-11.727174640577768
96,13,-92,-0.8560140827368921,554.4275748066497,-13.19858640867864,-33.45558672478629,-8.861578238215785
96,14,-92,-0.7906257751410961,566.7504538090494,-14.138687941809634,-33.747243273086774,-4.680093710856575
96,15,-91,-1.616811010515172,588.4288815465906,-13.580230598380203,-44.13951374284009,-25.32479836212804
96,16,-91,-1.491657737782547,598.6061891246469,-14.459227926293313,-44.465618527154454,-22.1331288015852
96,17,-91,-1.384028298600605,606.5697062784955,-15.33264223154906,-44.42452851542902,-17.624749874389295
96,18,-91,-1.2905142848594289,612.8559456142171,-16.200661002744248,-43.97590435750253,-11.248916742494307
96,19,-91,-1.2085332445657255,617.4347338358501,-17.063450883195426,-43.01632065415227,-2.2386098595447357
96,20,-90,-1.851647658959808,618.319813347918,-16.461895160979147,-57.51816840765025,-33.865482437099566
96,21,-90,-1.7313623471106188,621.6007994176532,-17.27227983770625,-57.083801527141105,-28.529738562891854
96,22,-90,-1.6251491201984984,623.7647877747828,-18.07758088625616,-56.28183205736799,-21.168616341465903
96,23,-90,-1.5307062220218568,625.3542925106726,-18.87783541238665,-55.022509036802475,-10.899169091356873
96,24,-89,-2.0936303160980767,619.6622227559925,-18.308387486897818,-71.22765722335359,-46.77044232988637
96,25,-89,-1.9687994485253721,620.3860354347825,-19.063942858127795,-70.60111353355043,-41.152130997742645
96,26,-89,-1.8572792293684517,619.318479019333,-19.81424377864416,-69.63401399260513,-33.575951707844105
96,27,-89,-1.7570801160429796,618.6176298772108,-20.55926468582353,-68.25711220350564,-23.053508118684192
96,28,-89,-1.6665871512598802,615.9337358348859,-21.298976919176315,-66.38831101118267,-8.270755771965229
96,29,-88,-2.1321465360048033,608.2854541527644,-20.712833610745356,-84.17405776438923,-54.61239157644942
96,30,-88,-2.0193249423726765,606.5899480958456,-21.41257215524935,-83.1200692210013,-47.11534905658965
96,31,-88,-1.917130118055088,605.0878017969791,-22.106592899859056,-81.71249651725135,-36.91913006812938
96,32,-88,-1.8241522090565225,603.7608518259326,-22.794826742822007,-79.8918599307562,-22.68085694808573
96,33,-88,-1.7392180596672164,602.5926054783849,-23.477201089361046,-77.58962451667723,-2.360567737211655
96,34,-87,-2.1301359333392096,596.6060597077659,-22.87012874693417,-95.8846957529583,-60.7864508301913
96,35,-87,-2.028221555182201,596.2059306785826,-23.515287694841593,-94.42948757811747,-51.16615611203627
96,36,-87,-1.9349352247266223,595.9285748883558,-24.15405233099961,-92.65888356807241,-37.839566358604756
96,37,-87,-1.84924362024071,595.762123137005,-24.78631423682483,-90.53215608943806,-18.861739010807963
96,38,-86,-2.2016657451738224,590.6075822072312,-24.182752401048603,-107.46671608034997,-73.70068219715263
96,39,-86,-2.1014803776980644,591.077733081236,-24.779723676102154,-105.92250594381427,-64.61725764346646
96,40,-86,-2.0093036057526694,591.6326227898409,-25.369574922584505,-104.11976036414386,-52.254024943816454
96,41,-86,-1.9242273568247754,592.2630832616092,-25.952160512772068,-102.03127142735134,-34.82628827722094
96,42,-86,-1.8454745253927027,592.9604791333442,-26.5273277226979,-99.62718975822439,-8.8973344755761
96,43,-85,-2.1445075451922464,589.0368363388061,-25.892897461369696,-115.68850625974446,-76.33754117794315
96,44,-85,-2.054391284086258,590.2592235347298,-26.433238803473657,-113.8023840310747,-64.72789832279389
96,45,-85,-1.9708692631701465,591.528918716356,-26.965415417432485,-111.6998603748474,-48.385947337667616
96,46,-85,-1.8932537837404988,592.8386390066739,-27.489228829510804,-109.3638915021554,-24.251989834168
96,47,-84,-2.162762472927088,589.5548352633739,-26.84593535993242,-123.55444224915354,-86.04533627670133
96,48,-84,-2.0753511569222667,591.3107161631654,-27.335131929170057,-121.53611808653031,-74.96686738845423
96,49,-84,-1.9940331789492984,593.0893046252144,-27.81509491897596,-119.2721512659845,-59.30015315620867
96,50,-84,-1.918200872373622,594.8839751305478,-28.285568822300515,-116.80008185066313,-35.68434245411227
96,51,-83,-2.1603215539750007,592.1828989398362,-27.627518878822098,-128.9639396340513,-92.9752133072815
96,52,-83,-2.0760469110021034,594.354699873201,-28.062874254004246,-126.71076111968178,-82.05265287992694
96,53,-83,-1.997379483167487,596.525782547897,-28.487704003357845,-124.3230830208498,-66.56724292068681
96,54,-83,-1.9237829484592237,598.6896146309266,-28.901677966889018,-121.79552296173162,-43.449368218988035
96,55,-83,-1.85478633124313,600.839668637249,-29.30444475321585,-119.12250567621041,-5.339698703128023
96,56,-82,-2.0594551478952057,598.9848577314469,-28.60073519171942,-129.51637804179379,-86.12597292172194
96,57,-82,-1.9837343000042118,601.4353790667507,-28.966217576271614,-126.87724269792676,-70.06887810996703
96,58,-82,-1.912681341949445,603.8537233053889,-29.31914535670271,-124.11970143560133,-45.404149189191784
96,59,-82,-1.8458786602986574,606.2327412198391,-29.65905555198957,-121.240412529128,-3.3498067333663673
96,60,-81,-2.02790589522613,604.7850486661146,-28.92839062799493,-129.73201910712262,-86.59500514328771
96,61,-81,-1.9553102247990637,607.3949865180459,-29.228665032330568,-126.8053466976853,-69.1948439673941
96,62,-81,-1.886994092953969,609.9436486308297,-29.514210933740884,-123.7789057060106,-39.767874939374416
96,63,-80,-2.056888381852295,608.5711991107825,-28.775268865001674,-130.38462293461387,-96.46763551615973
96,64,-80,-1.9832250642481426,611.2888404288315,-29.019027344363423,-127.2200796176648,-82.65218226210165
96,65,-80,-1.913835503283062,613.918683118399,-29.245970252649347,-123.97096294437954,-61.10625064875959
96,66,-80,-1.8483525284679891,616.4503092658996,-29.455301177763893,-120.63463738392774,-22.756187283490092
96,67,-79,-1.9968723388637404,615.3171238717185,-28.673649750803847,-125.4278527140105,-89.82551873808262
96,68,-79,-1.9268095122019948,617.9240009054139,-28.83626257069729,-121.89001059474171,-72.2298490276332
96,69,-79,-1.8606182662204804,620.3962770951257,-28.97840601495998,-118.2759844290204,-41.82911638440425
96,70,-78,-1.9966042457146753,619.1983832567809,-28.171972535397348,-121.87067986229202,-91.93795295153033
96,71,-78,-1.926222170866712,621.6523981000943,-28.262481239929066,-117.99421664928796,-76.60389565337154
96,72,-78,-1.8596442823846555,623.9230817002302,-28.328781782458808,-114.03619517649514,-49.4996527590854
96,73,-77,-1.982670291327977,622.5551305107426,-27.487395987092906,-116.94253711985438,-90.2695911880201
96,74,-77,-1.9122655434512434,624.6845158404276,-27.495034633231807,-112.69820236685389,-75.41011891198889
96,75,-77,-1.8455632158429023,626.5620134866355,-27.473359367544763,-108.36282736538878,-47.93639737862972
96,76,-76,-1.955183196270733,624.857498929784,-26.583875811519718,-110.52335997457622,-84.75915086713886
96,77,-76,-1.8849751985842391,626.4205653978851,-26.493192175932506,-105.87022718841429,-69.10359202376507
96,78,-76,-1.818328121482688,627.6295178132485,-26.365815377599855,-101.11217885139024,-36.53093758220789
96,79,-75,-1.9140431366533923,625.3199821964857,-25.409743126578153,-102.44615238138242,-75.63284369199708
96,80,-75,-1.8441377572287232,625.951678170053,-25.197274909989133,-97.32430803675202,-55.80142614129725
96,81,-75,-1.7775988722408682,626.0651369413488,-24.936556801494934,-92.07580630865179,-5.346491391822702
96,82,-74,-1.8587803568407109,622.6948096642675,-23.885088187972805,-92.46553295275703,-61.033032498134595
96,83,-74,-1.789095010386639,621.7928345665543,-23.51191225109329,-86.7806446203097,-26.40826153887102
96,84,-73,-1.8611430807421832,617.2067210819907,-22.38710767081864,-86.39144923584512,-58.99580850551159
96,85,-73,-1.7882061408014835,614.8045174847931,-21.87140314559374,-80.1888003706196,-29.134481206954753
96,86,-72,-1.8497535488554337,608.4461109427444,-20.637259827731818,-78.89001006879529,-52.20226563646246
96,87,-72,-1.7732451688858435,603.7453492169585,-19.92698339012062,-72.0394408125554,-19.67617211193007
96,88,-71,-1.8224576579809053,594.6127847085224,-18.518152977827896,-69.62015483109893,-41.29807539406676
96,89,-70,-1.864571348127153,583.4040906010331,-17.003791834556356,-66.40728997993531,-42.453726440090485
96,90,-70,-1.775585934128564,572.1812533052413,-15.780989848866827,-57.94665643572832,-19.642428839702433
96,91,-69,-1.7993019282732448,554.2422789785936,-13.811791264194518,-52.82390611142349,-24.430459006855965
96,92,-68,-1.809200964520502,530.2132604423315,-11.472183479160865,-46.05746532012617,-20.38576027105163
96,93,-67,-1.7986315031496913,495.5545487632505,-8.622248976505585,-36.57603935999782,-10.393011794047677
96,94,-47,-9.90594266324267,378.0665065931445,-3.6281014842135924,-80.6370513684497,-79.96925956533617
97,1,-93,-49.75257211495818,517.6422252759904,-0.34382686974628135,-11.134226156607939,-11.024902931341119
97,2,-93,-8.989242424561438,386.6928579978806,-1.5417143710463874,-12.005859294729929,-10.775256508971292
97,3,-93,-4.8738129627131075,329.3037785867635,-3.1842180006279586,-13.548932394301064,-11.18039577885021
97,4,-93,-3.3334751959792337,297.38819127753584,-4.3015872948984555,-15.923679338816951,-12.523942146613715
97,5,-93,-2.5303053187188143,280.4430497362793,-5.34858885611214,-19.33220866766498,-14.224638232360698
97,6,-93,-2.038026445373489,277.2433159486761,-6.375403569147848,-22.324924009862446,-15.286415866275252
97,7,-93,-1.7056398960638819,292.5145000611401,-7.385818593594136,-24.909408991297173,-15.8588786178516
97,8,-93,-1.4662255878529673,338.97492056179374,-8.382435559285636,-27.144363241201848,-16.006450695997692
97,9,-93,-1.285605741840412,443.84243869516814,-9.367144418540422,-29.064642531174222,-15.74074369132503
97,10,-93,-1.1445135445142993,497.99400701859497,-10.341378007397365,-30.680397989335248,-15.032142214247816
97,11,-93,-1.0312655407537616,524.861751708347,-11.306259805004512,-31.99618227837207,-13.788806833566445
97,12,-93,-0.9383667701817506,545.4209964828507,-12.262695071683284,-33.00263872830991,-11.876647823638462
97,13,-93,-0.8607890856111098,561.5150745743846,-13.211429882775962,-33.68364569707776,-9.04053706485749
97,14,-93,-0.7950338883257748,574.2183165258385,-14.153090939557536,-34.00118631523947,-4.904974894179996
97,15,-92,-1.6260246167620989,596.1315727907987,-13.59446119404964,-44.425851098271636,-25.578886095466657
97,16,-92,-1.5001607951559381,606.6163665821781,-14.475158458144952,-44.77501637233274,-22.42481154177736
97,17,-92,-1.3919211338344308,614.6735453903528,-15.350349082147563,-44.76059783750265,-17.97046839658139
97,18,-92,-1.2978775721476863,621.0800857736425,-16.220220108564746,-44.33638486464126,-11.678076479850915
97,19,-92,-1.2154328006315513,625.8082108181001,-17.084937928512133,-43.41222699619017,-2.798954040285554
97,20,-91,-1.8626057122615192,626.8209271688412,-16.484605098760888,-57.93002365778543,-34.296346892988
97,21,-91,-1.7416199753620172,630.311029224814,-17.29715988071698,-57.526795549913736,-29.033193707947476
97,22,-91,-1.634789111828579,632.7216940056708,-18.104722127780203,-56.753118206708,-21.784790809378507
97,23,-91,-1.5397977111040395,634.2438101697168,-18.907329876911913,-55.52818494727809,-11.690580986334462
97,24,-90,-2.1065847708159975,628.7118223468169,-18.339577972734983,-71.7613904303561,-47.34175456375687
97,25,-90,-1.9810011547926456,629.6053879937541,-19.09774845371066,-71.1606115223039,-41.811929851042485
97,26,-90,-1.868809598913882,628.5880858649116,-19.85077089124722,-70.22375334248568,-34.37283007209412
97,27,-90,-1.7680082592147164,627.8172276594839,-20.598621705019276,-68.88252508258141,-24.01967328586557
97,28,-90,-1.6769722214357936,625.4940281122992,-21.341274418140607,-67.05597537733786,-9.532509388266112
97,29,-89,-2.1460359722763025,617.6617521755197,-20.7573480378806,-84.86024160204323,-55.424109037390274
97,30,-89,-2.0325073079332334,615.872364155497,-21.46031939801567,-83.83815068487841,-48.07249988842812
97,31,-89,-1.92967334673857,614.2804529821113,-22.1576993763991,-82.467253593878,-38.10080304539876
97,32,-89,-1.8361151035284329,612.8676300884392,-22.849422206269175,-80.6889053026991,-24.20952813139842
97,33,-89,-1.7506518491967569,611.617203986906,-23.53541889069657,-78.43554314754608,-4.427994280067832
97,34,-88,-2.144814672838777,605.4624278514825,-22.931093333320753,-96.76249279659186,-61.91950207207346
97,35,-88,-2.0422343227302884,604.9850420279926,-23.58020453123761,-95.34346171557657,-52.539966485553215
97,36,-88,-1.9483400020378387,604.6336427753123,-24.22307353301147,-93.61321459398285,-39.58614094661014
97,37,-88,-1.8620913397599346,604.3962482039838,-24.85959695694362,-91.53159080798808,-21.18734488074768
97,38,-87,-2.217734904246046,599.0837887935766,-24.259171290290556,-108.51538269748933,-75.00178947389465
97,39,-87,-2.1168634454860813,599.4871146311026,-24.860767800991244,-107.00878072847077,-66.15301667092693
97,40,-87,-2.0240575669549328,599.978029358779,-25.45542351633741,-105.24713427086004,-54.15481661147613
97,41,-87,-1.9384026158511642,600.5473128546092,-26.04299966816671,-103.2036202469131,-37.29519039424011
97,42,-87,-1.8591158819892724,601.1862887974605,-26.62335090365056,-100.84881501624895,-12.714008552658813
97,43,-86,-2.1611915998366062,597.1141617289202,-25.992725761881932,-116.98574981061897,-78.10739479090296
97,44,-86,-2.0704301059625214,598.2818850434664,-26.538680616176553,-115.14096380729913,-66.89425303113471
97,45,-86,-1.9863126258929005,599.4996390915238,-27.076693160262753,-113.08268693959135,-51.173766508482345
97,46,-86,-1.9081461786343206,600.7601494779378,-27.606574919995463,-110.7941172715757,-28.340570530647266
97,47,-85,-2.180698896323098,597.3354184028872,-26.967650534785204,-125.11091290342117,-88.04405945264736
97,48,-85,-2.092630518841708,599.0460400529773,-27.463411950042524,-123.08555976247933,-77.37233846808608
97,49,-85,-2.010704582672693,600.7822304227338,-27.95020912176239,-120.86861124131873,-62.541405837593366
97,50,-85,-1.934308440572477,602.5374245504163,-28.427800207257423,-118.44723374908759,-40.42133988418576
97,51,-85,-1.8629073547341954,604.3052056199829,-28.895929547930862,-115.8077900502889,-6.144850738997922
97,52,-84,-2.094538144177212,601.840009168375,-28.2178750051535,-128.56180749971793,-84.92679099057209
97,53,-84,-2.0152544127158354,603.9794429833778,-28.650742147036258,-126.22083546391181,-70.24831840892818
97,54,-84,-1.9410853190936286,606.1149931488524,-29.073104194307113,-123.74190108278388,-48.525383128834704
97,55,-84,-1.8715558043753,608.2402750509226,-29.484630469362088,-121.11951149833114,-13.930974643958166
97,56,-83,-2.0791438134746087,606.2632984478629,-28.787205070688664,-131.65776622654622,-89.5250790967262
97,57,-83,-2.0028027951669687,608.6952680317221,-29.162209838810437,-129.06858007764293,-74.46299713576276
97,58,-83,-1.9311730831705893,611.0992210674189,-29.52510433333906,-126.36269768915827,-51.70926652066511
97,59,-83,-1.8638332211812447,613.4682557334567,-29.87545532980739,-123.53683479534726,-14.085127477110175
97,60,-82,-2.048793009304912,611.9108183214548,-29.15228688870474,-132.20484309609833,-90.56739807894127
97,61,-82,-1.975578573804955,614.5193017768614,-29.463968501303007,-129.33156736546772,-74.37103438075927
97,62,-82,-1.906686910622632,617.0719978743687,-29.761500603630022,-126.36008156198261,-48.58940463505949
97,63,-82,-1.8417444813797714,619.5607894449587,-30.04430346353543,-123.28858581637618,-3.937882261613643
97,64,-81,-2.005331396276408,618.3350853886368,-29.288055136089785,-130.0690276477996,-87.89031035020079
97,65,-81,-1.9353312171568253,620.9872156511444,-29.528880552956945,-126.87397114728347,-68.39450853346422
97,66,-81,-1.8692810007155405,623.5488443638587,-29.752876113811592,-123.59171115269606,-36.222290393739044
97,67,-80,-2.020887804291559,622.3422219270433,-28.981887760956706,-128.62945899603363,-94.5865190617919
97,68,-80,-1.9501843754733237,624.9959379168796,-29.16077001938649,-125.15045626915636,-79.46687807723308
97,69,-80,-1.8834000585634603,627.5255045009886,-29.320189550873373,-121.59622018703416,-53.12169144353106
97,70,-80,-1.820207566677742,629.9175767201712,-29.459101319503738,-117.96579112589123,-3.344676814643221
97,71,-79,-1.9515703464171823,628.8153460990808,-28.63634831503905,-121.55294545088982,-83.64546837252682
97,72,-79,-1.8843821860134846,631.1817919782528,-28.723355232568927,-117.66516943786944,-60.89306389484445
97,73,-79,-1.8207284886454775,633.3616436738403,-28.786085578804123,-113.69657092875993,-16.295335755490697
97,74,-78,-1.939710422487626,632.0647792220936,-27.92870336957677,-116.58141339574061,-83.17780279186168
97,75,-78,-1.8723943303257566,634.0946042837878,-27.932434002750362,-112.32754811840596,-61.380009864668445
97,76,-78,-1.808522978132721,635.8686839495017,-27.906734778710334,-107.98345017441174,-16.45292911811164
97,77,-77,-1.9146899563414839,634.2088127406982,-27.001369950973256,-110.12498798598205,-77.8117613368787
97,78,-77,-1.8474483510327602,635.6577220771244,-26.90620925368315,-105.46433892898524,-53.83516938166721
97,79,-76,-1.946907499904203,633.4935200179688,-25.975999482417308,-107.02508743809267,-82.70909014084894
97,80,-76,-1.8763845694222558,634.4528351539913,-25.802031355922026,-102.01722558236247,-67.70741106365982
97,81,-76,-1.8093108842536778,634.9517062966897,-25.584218361996207,-96.89021705571888,-35.09856405669498
97,82,-75,-1.8944996253041912,631.8935733807772,-24.569036990191893,-97.55031885827913,-70.69525148916196
97,83,-75,-1.8243067948230007,631.5340258086094,-24.249613305685514,-92.0136953114794,-48.37905969440404
97,84,-74,-1.9007892898338712,627.4454323336249,-23.17235888589451,-91.93995568577868,-67.893834760219
97,85,-74,-1.8274357116292863,625.8339042121861,-22.727389418456088,-85.92607920223936,-50.04158064262165
97,86,-73,-1.8939745128467231,620.2808833032764,-21.559744503865023,-85.01044029991179,-61.45898534132704
97,87,-73,-1.8172683935404887,616.7964106710158,-20.949990550184832,-78.4159017785618,-44.608550770325934
97,88,-72,-1.872284360015708,609.0322453157198,-19.64420873801194,-76.49290871448811,-52.27016274736488
97,89,-72,-1.7917080915043837,602.5981192614146,-18.796897820712683,-69.14298340342941,-31.432088260563283
97,90,-71,-1.8329419436601162,591.2035543632044,-17.25775908158669,-65.92655253970702,-39.703381743864284
97,91,-70,-1.86557914613558,576.9918303984845,-15.55964886078261,-61.75963812238466,-37.50284546637653
97,92,-70,-1.7706663071073407,561.4385029380898,-14.007200424187449,-52.35087771283924,-13.737554847337663
97,93,-69,-1.78080384831948,537.0261394399947,-11.625736737316656,-45.58657307368183,-13.46447299853735
97,94,-67,-1.8791067950279512,499.55020031590715,-8.512777352421873,-39.54203768123921,-17.68813311521241
97,95,-47,-11.14890682940439,380.0901704785822,-3.622041155225503,-83.19973629146695,-82.66516877921201
98,1,-94,-50.091275366811445,525.9823767703018,-0.34380834525191456,-11.195208000817956,-11.085617603417788
98,2,-94,-9.041245810582465,392.85653960675387,-1.5419221169951367,-12.070232826903059,-10.833837040571433
98,3,-94,-4.901414589557871,334.4900007865096,-3.1851494578981727,-13.616300842138084,-11.235600110792426
98,4,-94,-3.3521838033559033,301.98802663971475,-4.303395445795105,-15.988752375678208,-12.570819849167869
98,5,-94,-2.5444335518683867,284.64250028506217,-5.351271321631106,-19.407834629650978,-14.282885351476171
98,6,-94,-2.0493679233337425,281.14139834560876,-6.379057826159851,-22.41924853211213,-15.355855711718226
98,7,-94,-1.7151092037141327,296.14744338859026,-7.3905318453875655,-25.02164050406438,-15.938421116996047
98,8,-94,-1.4743513760578124,342.291187116683,-8.388287505576205,-27.275234502003407,-16.09578244004941
98,9,-94,-1.2927208490214013,446.60840228075097,-9.374208980542967,-29.21255652675893,-15.840787909807245
98,10,-94,-1.1508409695602397,503.9747770712165,-10.349724484672697,-30.846908263226275,-15.143369089530154
98,11,-94,-1.0369619338389668,531.3316305535973,-11.315953694079756,-32.181778640683945,-13.915998055187508
98,12,-94,-0.9435463527096792,552.251173372337,-12.273798669266556,-33.211116099228065,-12.024152656014099
98,13,-94,-0.8655376894145266,568.640260840697,-13.22400274434358,-33.90987246833625,-9.21695845806395
98,14,-94,-0.7994176356590894,581.726206452232,-14.167190236587697,-34.25292746108696,-5.126063926386816
98,15,-93,-1.6351863533659374,603.8767304467035,-13.608384556649348,-44.709950747733814,-25.829994343092483
98,16,-93,-1.508615940359997,614.6711936262534,-14.490744027088539,-45.081803621965435,-22.712508271063975
98,17,-93,-1.3997694494325792,622.8230386852493,-15.3676712999695,-45.09361051545954,-18.310734838195973
98,18,-93,-1.3051992785761601,629.351010349738,-16.239352947596196,-44.69326245077888,-12.099291841001287
98,19,-93,-1.2222933447633044,634.2297320722447,-17.105955078566513,-43.80389028094376,-3.334279258452879
98,20,-92,-1.8734998956117814,635.3721756567321,-16.506812554208743,-58.33550261307877,-34.72077840022069
98,21,-92,-1.7518176886524626,639.0731005662446,-17.321487139233902,-57.96550250003083,-29.528121599283114
98,22,-92,-1.6443726675906158,641.7323756597664,-18.131257740791526,-57.219445608040566,-22.388791579492164
98,23,-92,-1.5488358462307705,643.1219880028486,-18.93616324998803,-56.02805565363844,-12.464065811205682
98,24,-91,-2.11946077664151,637.81771268539,-18.370064056983136,-72.29010854784887,-47.90430128259008
98,25,-91,-1.9931287416688948,638.5904001489785,-19.130786880378114,-71.71448252467626,-42.45985512901739
98,26,-91,-1.880269697821135,637.9162135157957,-19.8864648961988,-70.80712443384829,-35.13938866415622
98,27,-91,-1.7788695723996153,637.036656634733,-20.637076381058925,-69.50067094667335,-24.963794009517596
98,28,-91,-1.6872935528582995,635.1154693245857,-21.382596905480185,-67.71528252030329,-10.76184125430116
98,29,-90,-2.1598375351626835,627.0996387357321,-20.800829929252927,-85.53923485021019,-56.221056926904566
98,30,-90,-2.045605919823572,625.2159451936526,-21.5069527902058,-84.5482343930237,-49.0094223811188
98,31,-90,-1.9421365283376997,623.5338460603353,-22.2076065793418,-83.21306401956565,-39.253827347632665
98,32,-90,-1.8480012994270438,622.0347249837207,-22.902728666347063,-81.47588804254808,-25.696425854833933
98,33,-90,-1.7620119761390982,620.7016891330654,-23.592253437112856,-79.27008633621136,-6.43296062072344
98,34,-89,-2.159396155736145,614.3792016310979,-22.990600806653045,-97.63041230922201,-63.02802195566991
98,35,-89,-2.056153734599212,613.8241425910742,-23.643559454362045,-96.24663397238653,-53.87956551492395
98,36,-89,-1.9616549604275941,613.3982694978872,-24.290422608419274,-94.55569372111529,-41.28347955565045
98,37,-89,-1.8748524560735254,613.0894849830053,-24.93109161968101,-92.5179803977627,-23.44012236229277
98,38,-88,-2.2336930437315896,607.6196336180753,-24.333714279835416,-109.55181557686707,-76.27517748263689
98,39,-88,-2.132139518966672,607.955671817707,-24.939807562232897,-108.08184724531576,-67.6509790692785
98,40,-88,-2.0387081900392685,608.3821210911048,-25.53913241537241,-106.36021754559088,-56.00223631086748
98,41,-88,-1.9524778644108716,608.8897057457107,-26.13155650173648,-104.3604760045281,-39.68635695506939
98,42,-88,-1.8726602615857653,609.4697048099243,-26.716941372017015,-102.0536111498684,-16.150848978285477
98,43,-87,-2.177754480471311,605.2495684402257,-26.090008020992414,-118.26697987112614,-79.83237311056028
98,44,-87,-2.0863514493908957,606.3620087086937,-26.641409564006068,-116.46245516414864,-68.99763280703522
98,45,-87,-2.001641869548722,607.5271513449688,-27.18508176697087,-114.44725812218299,-53.870205696112116
98,46,-87,-1.922927509682765,608.7377251602227,-27.720845486682148,-112.20482083585955,-31.96957182704337
98,47,-86,-2.1984991759391828,605.1724159701748,-27.086151719174136,-126.59502007801592,-89.99192757418052
98,48,-86,-2.1097773703136697,606.8369364444679,-27.588270711674532,-124.61342792926892,-79.70715847273453
98,49,-86,-2.027246763646812,608.5298072312733,-28.0816823236202,-122.44290852485655,-65.488268767522
98,50,-86,-1.9502897571374749,610.244515897422,-28.56615740176604,-120.07081524418231,-44.94518439303741
98,51,-86,-1.8783673202705282,611.9747092945245,-29.04145402179625,-117.48370974017485,-12.645152725091455
98,52,-85,-2.112880553512704,609.3778719556763,-28.368568428731226,-130.38836802311573,-87.7095883410131
98,53,-85,-2.032983593534297,611.4843314409493,-28.80919547501532,-128.0928804989835,-73.79619577898069
98,54,-85,-1.9582446812399095,613.5901385174286,-29.239649787030164,-125.6612837709416,-53.29775795423883
98,55,-85,-1.88818469521258,615.6890371256897,-29.659619769087204,-123.05761191413694,-21.908777704062523
98,56,-84,-2.0986654534669835,613.5894327961963,-28.968241205314246,-133.76987191405632,-92.80848261397333
98,57,-84,-2.0217069257009386,616.0008820573518,-29.35241168135527,-131.22929545923117,-78.68638738059552
98,58,-84,-1.9495027552257658,618.3882617915716,-29.724890435949547,-128.573667118513,-57.453952086549954
98,59,-84,-1.8816276577299027,620.744893213439,-30.085271433875253,-125.79975730310565,-24.16500704566959
98,60,-83,-2.069492026145414,619.0764338655885,-29.369286644715224,-134.64295845756928,-94.39625046601483
98,61,-83,-1.995660768078423,621.6804577098445,-29.69190605184849,-131.8216037100394,-79.33284629621595
98,62,-83,-1.9261950947787294,624.2338365078431,-30.00091724762484,-128.9035276789966,-56.256623852516164
98,63,-83,-1.860717892132263,626.728828196004,-30.295780614585944,-125.88697598813908,-16.44992492477638
98,64,-82,-2.027224053113779,625.4083980979755,-29.548233453824373,-132.86940022615036,-92.29685474870327
98,65,-82,-1.9566139901818667,628.078089792591,-29.80230395430769,-129.72715303736584,-75.33292915050154
98,66,-82,-1.889996737383243,630.6644091968523,-30.04026879094978,-126.4978335993034,-46.38246945297414
98,67,-81,-2.044657290594345,629.3800056053511,-29.27939167751315,-131.77350630298548,-99.16564156370282
98,68,-81,-1.9733126425166225,632.0737511539281,-29.473723577633308,-128.35275159058654,-85.3357854525736
98,69,-81,-1.9059339303884466,634.6528906582407,-29.649516436483022,-124.85723161577906,-63.20040852556424
98,70,-81,-1.8421905062168404,637.1050755754875,-29.805814469073532,-121.28491278276604,-22.497607793923837
98,71,-80,-1.9766303508834957,635.9594035509546,-28.995937381696056,-125.0553063561413,-89.65863305472679
98,72,-80,-1.9088280272721136,638.4100694159764,-29.10244053495135,-121.23521596760588,-71.03363980143052
98,73,-80,-1.8446082629167262,640.6890177204317,-29.186015772810833,-117.33643439390973,-35.37518415539839
98,74,-79,-1.9668132115951962,639.387887973669,-28.344369989600306,-120.39680744750719,-89.36791945748843
98,75,-79,-1.8988750881909102,641.5521124556642,-28.371813980199214,-116.22091610804604,-71.6478953503863
98,76,-79,-1.8344357927930042,643.482594909904,-28.371703712911724,-111.95781180013662,-36.92111559672728
98,77,-78,-1.943988350076706,641.8784919317237,-27.486199980080446,-114.29626704627933,-85.34396965932724
98,78,-78,-1.8761361725824643,643.5380591290624,-27.420744951291077,-109.72783601933017,-66.69456973876913
98,79,-78,-1.811663974103764,644.8731863336935,-27.32116813026803,-105.0599447494921,-27.037458178493768
98,80,-77,-1.9081047906478648,642.7313561902309,-26.37522296386187,-106.60384755614248,-76.90666490201748
98,81,-77,-1.8404653985619222,643.5642392867384,-26.196256154054435,-101.59008528874273,-54.021803043132586
98,82,-76,-1.9295631671315576,640.7578566787247,-25.213357631414986,-102.50466783575926,-78.28061016276934
98,83,-76,-1.858812070401364,640.8616692436278,-24.941741134015984,-97.10406072327085,-62.586688081460984
98,84,-76,-1.791360409558236,640.3528633809756,-24.616077461985316,-91.5641802127409,-24.436514535220773
98,85,-75,-1.8657346786211275,636.2239934186958,-23.52213194354588,-91.47849920848482,-62.65801336647224
98,86,-75,-1.7952008140117832,634.4414465821397,-23.069512275198797,-85.46331179270548,-32.86838591030266
98,87,-74,-1.8599932705395357,628.8128488730508,-21.88409350131679,-84.53817366416743,-57.49524984397029
98,88,-74,-1.7861753263271447,625.1280958077149,-21.264359216449623,-77.94467387574053,-28.878344672944046
98,89,-73,-1.8398652744929653,617.2428369573142,-19.938503266428036,-76.01493966316788,-48.43505669520699
98,90,-73,-1.7622423439360049,610.5662621150227,-19.07686595816425,-68.66896646498034,-9.52792597576938
98,91,-72,-1.8026446787192856,598.9862659696768,-17.512593085601022,-65.44905435633896,-33.60646968919684
98,92,-71,-1.834729321939175,584.5407623967086,-15.78536383722304,-61.28068718209518,-35.49768099392945
98,93,-70,-1.8561787005498032,566.0509113435137,-13.811967907933491,-55.909240698144174,-31.280650637570268
98,94,-69,-1.8633832871494864,541.3667934946537,-11.466682031573184,-48.867079087239254,-24.985538310745156
98,95,-68,-1.849521462818159,505.8698994985732,-8.621466332882623,-39.06806255875633,-16.240649122762832
98,96,-47,-12.705576517802097,382.0820039777391,-3.616445853184593,-85.75119289183715,-85.33397365972215
99,1,-95,-50.42799203969643,534.3668456030163,-0.34379019121751375,-11.255858838267217,-11.146000520286561
99,2,-95,-9.092955361267173,399.0526389168916,-1.5421253791724798,-12.134264723152834,-10.89210254276898
99,3,-95,-4.928862395381232,339.7032170612478,-3.1860613843883137,-13.68334118086482,-11.290539179285421
99,4,-95,-3.370788823727081,306.611553100273,-4.305165832935639,-16.053599911731954,-12.617570811454378
99,5,-95,-2.5584838583512886,288.86344935550653,-5.35389786472546,-19.483161426419336,-14.34092136251016
99,6,-95,-2.060647004212557,285.0597350379889,-6.382635976358746,-22.513110074488885,-15.424273430997978
99,7,-95,-1.7245265078727856,299.8008559056844,-7.39514698418576,-25.133361521008545,-16.017533841158208
99,8,-95,-1.482432597998066,345.6313444128182,-8.394017657811716,-27.405434774558,-16.18455123136879
99,9,-95,-1.299796971762957,449.40953419421214,-9.381126503764243,-29.35963993175703,-15.940097512124787
99,10,-95,-1.157133752030965,509.986109710215,-10.357897201855623,-31.012394335160504,-15.253640662549651
99,11,-95,-1.0426271569742296,537.8348291015056,-11.325445695001687,-32.3661318271901,-14.04191042004008
99,12,-95,-0.948697605196144,559.1168765330119,-12.284670900854815,-33.41807693069505,-12.168903018289164
99,13,-95,-0.8702603283178942,575.8028725831978,-13.23631345933558,-34.13431201440182,-9.390924538908923
99,14,-95,-0.8037774179385835,589.2278841692081,-14.180995342896843,-34.50252296823779,-5.343492141773895
99,15,-94,-1.6442970868298623,611.6640521557824,-13.622010543468107,-44.99186753592206,-26.07821559599224
99,16,-94,-1.5170239750349306,622.7432568071731,-14.505995737487773,-45.38604750977386,-22.99635099147986
99,17,-94,-1.407573991579894,631.0178623420575,-15.384621309683363,-45.423648642211575,-18.645739474760262
99,18,-94,-1.312480102428089,637.6683863046896,-16.258073340315935,-45.046639709711755,-12.512856790888259
99,19,-94,-1.2291155334995163,642.6989574300818,-17.12651762775257,-44.19143481827623,-3.8584738570084345
99,20,-93,-1.884331312425823,643.973193839572,-16.52853407972587,-58.73736027913957,-35.13900503572079
99,21,-93,-1.7619565254897815,647.8866420490887,-17.34527990760129,-58.4000440124941,-30.01483762588376
99,22,-93,-1.653900769154721,650.7964562318238,-18.157207866356718,-57.68096186848708,-22.981093795702318
99,23,-93,-1.5578215589774849,652.0531521300676,-18.964357629408898,-56.52230185287322,-13.208679629344273
99,24,-92,-2.132259737931934,646.9794911100252,-18.399869472239793,-72.81395294255043,-48.45840398408725
99,25,-92,-2.005183542340056,647.630927783665,-19.163084128825744,-72.2628919291591,-43.096369585210155
99,26,-92,-1.8916607964419283,647.3024556316338,-19.921354181444542,-71.38432202902345,-35.88394035073533
99,27,-92,-1.789665270214918,646.313792094439,-20.674659646570138,-70.11178047923873,-25.88679643770146
99,28,-92,-1.6975523105132153,644.797655368523,-21.422978014999945,-68.36650704635815,-11.96016739517103
99,29,-91,-2.173552866425502,636.5986926278423,-20.84331514571845,-86.21125644281904,-57.003827351079345
99,30,-91,-2.0586223532207697,634.6202751264412,-21.552511275250577,-85.2505721492921,-49.926971419869034
99,31,-91,-1.9545211788293333,632.8475709023336,-22.256356730407173,-83.95021852526676,-40.37946942719337
99,32,-91,-1.8598122599769156,631.261733249331,-22.95479183229406,-82.25314498258835,-27.14346935763058
99,33,-91,-1.7732998566442206,629.8456655171436,-23.64775414941687,-80.09364550883681,-8.37843489552102
99,34,-90,-2.173882286214308,623.3559707116776,-23.048703577978557,-98.48876660860014,-64.11308409931655
99,35,-90,-2.069981634695232,622.7228317418784,-23.70540909257366,-97.13935492085683,-55.18652265663567
99,36,-90,-1.9748818903198402,622.2220655711584,-24.356160683996308,-95.4867152773471,-42.93393416839807
99,37,-90,-1.887528712202084,621.8414566938628,-25.000864153220753,-93.49176923557665,-25.623675424199167
99,38,-90,-1.8070281753543664,621.569702971682,-25.63942123248358,-91.11082175218823,-0.5893502195390651
99,39,-89,-2.147310805798374,616.4830329383939,-25.016918072699177,-109.14214298180062,-69.11291735497896
99,40,-89,-2.0532576316189877,616.8445445801963,-25.62078256553025,-107.45949379057764,-57.79890199632528
99,41,-89,-1.9664552146352254,617.2899292631179,-26.217918207568403,-105.50237386102857,-42.00375278654107
99,42,-89,-1.8861097378686547,617.810417907907,-26.808193021517862,-103.24217095426995,-19.28165983778686
99,43,-88,-2.1941988074585135,613.4427461400843,-26.184843313297577,-119.53272988137012,-81.51466075206946
99,44,-88,-2.102157890615671,614.499314073114,-26.741532364981865,-117.76743789782815,-71.04125528890681
99,45,-88,-2.0168595335043085,615.6112087258364,-27.29069617940679,-115.79420438187087,-56.48013444210858
99,46,-88,-1.9376002861959387,616.7711572384976,-27.832164330721678,-113.59668799746966,-35.469569525419786
99,47,-88,-1.863770256228605,617.9721964322435,-28.36575787126689,-111.1078918799763,-4.254106178185298
99,48,-87,-2.1267947834508334,614.6832580544309,-27.709848984415146,-126.12117958457195,-81.97505619238324
99,49,-87,-2.0436627717307734,616.3319424083979,-28.209666298830623,-123.99583907024403,-68.33893770679424
99,50,-87,-1.9661478577446667,618.0052179816585,-28.700804102118624,-121.6716864356404,-48.718450678827104
99,51,-87,-1.8937067427734369,619.6967872627552,-29.183033223263497,-119.13547563880854,-18.870697446693992
99,52,-86,-2.1310778205395264,616.9683729707265,-28.515141225949435,-132.19129291784566,-90.40615722808678
99,53,-86,-2.050570710466202,619.0406215589992,-28.963265738198906,-129.94012414155299,-77.21870274002762
99,54,-86,-1.9752647332950144,621.115324542517,-29.401532915240555,-127.5546364090479,-57.88157534660735
99,55,-86,-1.9046767261271946,623.1863415248476,-29.82964877191723,-124.95269692415707,-28.362237351317265
99,56,-85,-2.118024534912042,620.9637425544223,-29.14409387982427,-135.853743091156,-95.83039304129
99,57,-85,-2.0404512053950223,623.3528493474408,-29.53709455731276,-133.36050150240735,-82.74970407195305
99,58,-85,-1.9676749329093448,625.7216394012845,-29.918798412672313,-130.75379110183155,-62.954763641224375
99,59,-85,-1.8992666208037206,628.0636353066857,-30.288824309912616,-128.0304344366287,-32.00758027514277
99,60,-84,-2.090008482190671,626.283057450983,-29.579731102790483,-137.04764750191566,-98.09057272700896
99,61,-84,-2.015562465118759,628.879863059563,-29.912849751070002,-134.27681504997582,-84.09450319723152
99,62,-84,-1.9455244460668975,631.4308544388151,-30.2328672589739,-131.41068564501435,-62.76519717029888
99,63,-84,-1.8795137420019399,633.9286263570646,-30.53928038434265,-128.44754704371593,-28.299564378386098
99,64,-83,-2.04891011783942,632.5111271522048,-29.800038942460613,-135.62281452831567,-96.54056303353816
99,65,-83,-1.9776911577829135,635.1940838682295,-30.066764202463343,-132.53219830809044,-80.99933937845965
99,66,-83,-1.9105073645153825,637.8002774890756,-30.318056076035973,-129.35478523297888,-55.8459900600577
99,67,-83,-1.847021178568656,640.3205285303309,-30.553232119678476,-126.08669946395794,-11.673098074769676
99,68,-82,-1.9962037868116702,639.1619290714007,-29.775812508213566,-131.49931292382172,-90.9507520787686
99,69,-82,-1.9282298526598947,641.7837108680125,-29.96715230023875,-128.06102527059036,-71.42159519841185
99,70,-82,-1.8639339940114452,644.2881600113183,-30.139926453439145,-124.54536778633475,-36.79219871272781
99,71,-81,-2.0014147839497407,643.0918294114256,-29.342180714199195,-128.50384469740396,-95.40975844365825
99,72,-81,-1.9329952635914553,645.6164717458869,-29.46708488748623,-124.7490841979295,-78.72884393542029
99,73,-81,-1.8682054235890784,647.9827911413096,-29.570284029244025,-120.91758678231959,-49.68670542712471
99,74,-80,-1.993591340752589,646.6657781432483,-28.74334232958326,-124.14785508644403,-95.27822003327526
99,75,-80,-1.92502443917427,648.9487291975767,-28.792990831847657,-120.04673496619176,-80.13963336634943
99,76,-80,-1.8600089240819102,651.0174194513859,-28.81675984373438,-115.86112345290383,-52.703151440837274
99,77,-79,-1.972895773444966,649.4498843957142,-27.949611528710264,-118.38903021294817,-91.44176329840573
99,78,-79,-1.9044198099644192,651.2950006814871,-27.911670751791952,-113.90822463861501,-76.45363776406731
99,79,-79,-1.839383972119413,652.845570719221,-27.842029486314,-109.3319647065556,-47.012843983175074
99,80,-78,-1.9393380490449714,650.8235855950409,-26.919910775391255,-111.09178115781715,-84.26348902154704
99,81,-78,-1.871107749756887,651.9476284729196,-26.7763563094938,-106.18417832502305,-67.06853477131956
99,82,-78,-1.8061658709087354,652.6545625935807,-26.59244158659131,-101.16477384577756,-28.153331726374088
99,83,-77,-1.8926788264256653,649.846532120384,-25.593736823057874,-102.06463986558838,-72.74547941111315
99,84,-77,-1.824720228945025,649.8091014289546,-25.31637630328459,-96.65991294709193,-48.49937203558716
99,85,-76,-1.9032114067893937,646.093035260774,-24.264352838973014,-96.86638960450914,-71.67141224928876
99,86,-76,-1.8322284886688376,644.9825009413702,-23.873766961433496,-91.0194331861233,-53.169580357873905
99,87,-75,-1.9016079200363105,640.0094046232276,-22.745092728384655,-90.4416476862671,-66.41275415872603
99,88,-75,-1.8274879706231717,637.3256185882944,-22.210159496197644,-84.06857695940928,-50.29565836339761
99,89,-74,-1.8864118174259825,630.5164767959187,-20.96772365482079,-82.57316696604707,-58.24700955362803
99,90,-74,-1.808822547995986,625.4354224563509,-20.234219447137388,-75.53991898576834,-40.829870305244384
99,91,-73,-1.8554822925908148,615.751976985313,-18.80990188088868,-72.91131916440273,-47.32166204574832
99,92,-73,-1.773594535786317,606.7526341846196,-17.768262240751323,-64.97478045681953,-19.785779092194737
99,93,-72,-1.8051556666537045,592.0739677700426,-16.011465814213384,-60.80505676615899,-31.003485581790535
99,94,-71,-1.82643411639403,573.287025481695,-14.002822931202225,-55.434300455221454,-29.352528790668106
99,95,-70,-1.8339530057647528,548.2138838817447,-11.6165479183447,-48.39456421706984,-23.44679800135684
99,96,-69,-1.8211307206253642,512.177769105395,-8.730091492764407,-38.59794191404489,-14.386403273117898
99,97,-47,-14.712705990592923,384.04323490011126,-3.611286089403276,-88.29131905097432,-87.97602968033668
100,1,-96,-50.76275420728213,542.7953987382753,-0.34377239670692455,-11.316184009728016,-11.206057075950156
100,2,-96,-9.144375955344515,405.2809871175011,-1.5423243011388912,-12.197960366998133,-10.950058042291989
100,3,-96,-4.956158913475991,344.9432880542533,-3.1869543881125666,-13.750058096866558,-11.34521668944202
100,4,-96,-3.3892919555902763,311.25864846887487,-4.306899627240263,-16.118223425969052,-12.664194885581137
100,5,-96,-2.5724575124562423,293.1057823913037,-5.356470216115246,-19.557880868570116,-14.398265413852691
100,6,-96,-2.0718647065078093,288.9982026994596,-6.3861403727168975,-22.60531111775779,-15.491975194982247
100,7,-96,-1.7338926563186954,303.4745648194131,-7.399667041697905,-25.244579228462676,-16.095591359165915
100,8,-96,-1.4904699795667091,348.99506179270264,-8.399629778711917,-27.534975173037115,-16.27276853609777
100,9,-96,-1.306834744652897,452.2450577330828,-9.387901531110447,-29.505908017806615,-16.03868935716862
100,10,-96,-1.1633924556102686,516.0277836718178,-10.365901528880684,-31.176876723216747,-15.362981284178762
100,11,-96,-1.048261717220432,544.3711150186932,-11.33474204979809,-32.54926856145629,-14.166579319459453
100,12,-96,-0.9538209884620592,566.0178618753564,-12.295318924283205,-33.62048216560644,-12.311949039502744
100,13,-96,-0.8749574246856402,583.0026549849106,-13.248370144096715,-34.35700754513594,-9.562513664231826
100,14,-96,-0.8081136250563516,596.6088520723246,-14.194515375308184,-34.75002684236889,-5.557384615414353
100,15,-95,-1.6533576597670554,619.4932428255565,-13.635348593955205,-45.271654127932656,-26.32363812250042
100,16,-95,-1.5253856786678694,630.6298683448282,-14.520924221295141,-45.68781252071432,-23.276465470410187
100,17,-95,-1.415335485787081,639.2577001378861,-15.401211005326244,-45.75079087979941,-18.97566334431362
100,18,-95,-1.3197207225841683,646.0318883785849,-16.276394514519605,-45.39661479554522,-12.919050543154851
100,19,-95,-1.2359000050785203,651.2155545481372,-17.14664021169708,-44.57497947261228,-4.372234931599441
100,20,-94,-1.8951010346444532,652.6236252883057,-16.54978550598117,-59.13569515628013,-35.55124352021241
100,21,-94,-1.7720374946214035,656.7512907072215,-17.36855567832871,-58.830536409167735,-30.49364112899805
100,22,-94,-1.6633743699188384,659.8977291377686,-18.18259175793651,-58.13780796962005,-23.562147686065614
100,23,-94,-1.5667557539462007,661.0369292878543,-18.991934133530336,-57.01109593194438,-13.924943541075233
100,24,-94,-1.4803095794736867,661.8208264083056,-19.796618100846697,-55.34604379457762,-0.3121366379235472
100,25,-93,-2.017166850325883,656.7265735971748,-19.194665020941898,-72.80599767250816,-43.72191136713479
100,26,-93,-1.9029841270638785,656.7464140340295,-19.95546584994444,-71.95553191693426,-36.61428191078196
100,27,-93,-1.800396530610248,655.6482364147905,-20.711401024395588,-70.71607351796322,-26.789555316651274
100,28,-93,-1.7077496239366106,654.5401893201871,-21.462449836602925,-69.00991041274108,-13.128823305837239
100,29,-92,-2.1871835570119904,646.1585003155514,-20.884837889882995,-86.87651514208112,-57.772979950082615
100,30,-92,-2.071558134095465,644.0849452039763,-21.59703198197841,-85.94540383506855,-50.82595359430577
100,31,-92,-1.9668287663693282,642.2212243197097,-22.303990068200154,-84.67899383438215,-41.47892225229856
100,32,-92,-1.8715494017691967,640.5482581074134,-23.005655248480032,-83.0209964645891,-28.552463753800332
100,33,-92,-1.784516861238292,639.0487436984596,-23.701968087350927,-80.90659264481086,-10.267204611189777
100,34,-91,-2.1882749062687386,632.3923309461355,-23.105451535454446,-99.33785309444386,-65.17569926462275
100,35,-91,-2.0837198059613495,631.6807143425061,-23.76580732304452,-98.02195813091457,-56.46231284698409
100,36,-91,-1.9880225221768273,631.1046461949162,-24.420345888065974,-96.40665419107643,-44.539711410917114
100,37,-91,-1.9001217920000302,630.6517903235542,-25.068977219198363,-94.45337954251994,-27.741379834677055
100,38,-91,-1.819117843100794,630.3107386758901,-25.71160753632684,-92.11902264146886,-3.505659955004156
100,39,-90,-2.1623794367564044,625.0688286833927,-25.092170652612293,-110.19008375143358,-70.54049407780806
100,40,-90,-2.0677079720028226,625.3649474247652,-25.70045077984842,-108.545422336672,-59.54726449485002
100,41,-90,-1.9803367026812186,625.7476501630262,-26.30216747620756,-106.62982178637648,-44.25108280277289
100,42,-90,-1.8994663086393297,626.2081164679531,-26.89719483768176,-104.41505675398511,-22.30800962374003
100,43,-89,-2.210527104297512,621.6933810063852,-26.277325484032538,-120.78350655274798,-83.1563013094625
100,44,-89,-2.1178519088011294,622.6935148202458,-26.83915003172305,-119.05646240034366,-73.02812383922866
100,45,-89,-2.0319680595096514,623.7515559337473,-27.393645111982156,-117.1241238324402,-59.00808853110831
100,46,-89,-1.9521669190085633,624.8602252975005,-27.940648452367054,-114.97036898291874,-38.84758422435771
100,47,-89,-1.8778341210212648,626.0125624685722,-28.479989867275858,-112.50646640035346,-8.976054048069553
100,48,-88,-2.1436857056891667,622.5848394293666,-27.828279601384082,-127.60951255006046,-84.17950221996556
100,49,-88,-2.0599555300387506,624.1885205436632,-28.334304131538183,-125.52815635702223,-71.09864156291826
100,50,-88,-1.9818856487884982,625.8194716174552,-28.831894481091766,-123.25066101220138,-52.35693479956571
100,51,-88,-1.9089285193474956,627.4714434411188,-29.32083333834163,-120.76396651904402,-24.503889423546212
100,52,-87,-2.1491334635708297,624.6115569730223,-28.657768901314462,-133.9713874609278,-92.99366719480898
100,53,-87,-2.06801928039111,626.6484390461402,-29.113142371646198,-131.7634239133809,-80.52307354026892
100,54,-87,-1.9921490001986601,628.6907680081429,-29.558958183228754,-129.42287207548904,-62.28819603078096
100,55,-87,-1.921035439723327,630.7325074854701,-29.99493863162761,-126.82011117066449,-34.54185138602426
100,56,-86,-2.137225304817875,628.3866306825236,-29.314997253209373,-137.91036992845122,-98.61783513892199
100,57,-86,-2.0590399185043182,630.7517052120102,-29.71651206793872,-135.46324859512015,-86.20918490125216
100,58,-86,-1.9856939506741673,633.100038704557,-30.107103209225627,-132.904183931766,-68.22732702836073
100,59,-86,-1.9167545086454238,635.4253358130375,-30.4864123917349,-130.23004829146217,-39.4925072741673
100,60,-85,-2.1103476052105736,633.5317017862355,-29.783937570153483,-139.42011792366503,-101.38502877000343
100,61,-85,-2.035288995494714,636.1187513431812,-30.127144974805763,-136.69848015632212,-88.58460468305154
100,62,-85,-1.9646804174605665,638.6645362999345,-30.45772714344143,-133.88291000046806,-68.98578285167753
100,63,-85,-1.8981376276891155,641.161954619391,-30.77521390687175,-130.97173438079548,-37.64695111343112
100,64,-84,-2.070396217939906,639.6453386753983,-30.043911424088876,-138.33082519152387,-100.63203044176235
100,65,-84,-1.9985695645251265,642.3376441813008,-30.322743432962966,-135.29072874546395,-86.26974568426365
100,66,-84,-1.9308199768880976,644.9593323016618,-30.58676764746158,-132.16427166777743,-64.16590163924073
100,67,-84,-1.8668066000086152,647.5017312507503,-30.835351515301408,-128.94752575591747,-25.141557919551037
100,68,-83,-2.0188665656718876,646.2644137309592,-30.06766628299569,-134.59195899846503,-96.18176795137917
100,69,-83,-1.9502970093379544,648.9225923338163,-30.27379411033999,-131.2094792672098,-78.68652443806539
100,70,-83,-1.885447703222281,651.4722557551631,-30.462211399803405,-127.74922986185109,-49.796931282943966
100,71,-82,-2.0259351566727473,650.2189581182365,-29.675921127404344,-131.900905878095,-100.28774528968367
100,72,-82,-1.9568961348580172,652.8084469201092,-29.81823107407143,-128.2092986306194,-86.04673492091317
100,73,-82,-1.891533051124238,655.2517290682043,-29.93994938914261,-124.44275449689638,-61.59087734804668
100,74,-82,-1.8295474290657958,657.5337555372649,-30.039913092906772,-120.6001475344439,-14.243325398619646
100,75,-81,-1.9508593441098232,656.2966575634024,-29.197287712555813,-123.80844704213676,-87.525237296134
100,76,-81,-1.885260819204078,658.4876464401498,-29.243412485832213,-119.69715741973886,-65.57304164835813
100,77,-81,-1.8229713607634501,660.4609923598468,-29.26357248387869,-115.50210844420353,-20.969351443584255
100,78,-80,-1.9323240034768596,658.9492242191047,-28.380940431127737,-118.01043154253522,-84.41253704593446
100,79,-80,-1.8667114294057592,660.6897719858985,-28.339018513067987,-113.5212523528306,-61.73175171068958
100,80,-80,-1.8043082672386777,662.131680020736,-28.265251724558645,-108.93743009670217,-11.866680676459342
100,81,-79,-1.9012765742657158,660.1388463692064,-27.327624711400972,-110.68004748240331,-76.92290868093866
100,82,-79,-1.8357913021746954,661.1426876551451,-27.179424617706662,-105.76612847521834,-49.69585208423782
100,83,-78,-1.9259635493292089,658.5455087171539,-26.210048998856962,-106.90623721622184,-80.80017608888873
100,84,-78,-1.857458096231465,658.9143232310512,-25.97603243654379,-101.62651108146576,-63.50412997101852
100,85,-78,-1.7921173937354753,658.7362496487534,-25.692961302194874,-96.21790567817567,-20.258712590359483
100,86,-77,-1.8684544784805754,654.9916248999241,-24.62474735096141,-96.411848728443,-65.76141780351584
100,87,-77,-1.8001681607997373,653.7213468707205,-24.227276098134137,-90.56277846644538,-34.74678879328918
100,88,-76,-1.8677173910903064,648.6881578793198,-23.081617343773893,-89.97474036449604,-62.24101615018472
100,89,-76,-1.7963621872421438,645.8195933271683,-22.53794468328607,-83.60166043542985,-34.99833668308092
100,90,-75,-1.8538308830769366,638.9109883763426,-21.276847030561502,-82.09852482858503,-54.78167322619718
100,91,-75,-1.779067954606878,633.6104064474123,-20.531344293985363,-75.0678446793384,-23.97904710051171
100,92,-74,-1.8247087775765611,623.7744487640781,-19.0848098623048,-72.4344538464088,-43.02909050303319
100,93,-73,-1.8634526997493768,611.7598968753421,-17.52375781041502,-69.00039903627984,-43.64618427353264
100,94,-73,-1.776777993329583,599.5918423052414,-16.237917194204073,-60.33272559634912,-20.188452944140824
100,95,-72,-1.7978925602399671,580.5086607290808,-14.193572732413822,-54.96277264497065,-24.807292435836768
100,96,-71,-1.805705245354019,555.0476984282966,-11.766114645977046,-47.92561353270299,-20.53427806989474
100,97,-70,-1.79386075408507,518.4741531764853,-8.838660835359796,-38.13162081595287,-9.406854763207857
100,98,-46,-26.55691268574351,381.45538451957816,-3.5436373694111523,-93.98763937931683,-93.88946820448513
